revenue,costs,audited,market_focus,ceo_tenure_years,risk
10076637.877730213,8462399.400106044,1.0,Industrial,12.7346553430837,healthy
7786446.380719546,7701862.698139646,1.0,"Ads,Industrial",7.875798262765597,cost_risk
16859462.847360224,14555828.879444148,1.0,"Ads,Scale",3.882066498578433,healthy
9868911.455718312,7460503.886827995,1.0,Scale,1.570453652542931,healthy
5200839.572863489,4969180.821657089,1.0,Contract,8.292521930186862,cost_risk
12757055.57457628,11494075.768881684,1.0,Scale,1.0935711816927682,healthy
32736461.495629605,32072594.807762165,1.0,Ads,6.404281533166849,cost_risk
22909929.17841647,22339808.757572357,1.0,"Ads,Scale",4.706811429524482,cost_risk
4396260.117641095,3142560.3306987723,0.0,Ads,5.16476997337178,healthy
2506952.748041797,2343126.8264025664,0.0,Contract,3.9075094025955677,both_risks
4764606.629236968,3510920.745961762,0.0,"Contract,Scale",12.422725227474334,healthy
9261031.368864503,7710361.001306241,1.0,"Industrial,Contract",19.788033151605077,healthy
868887.7507980193,589573.2871256125,0.0,Contract,7.078657125016729,sales_risk
7139892.913310104,6415578.8663847735,1.0,Contract,6.027706955490876,healthy
2556344.9766096016,1658516.3340644338,0.0,Contract,4.930653733157634,sales_risk
4272598.060659943,3743526.1470571025,0.0,Industrial,2.6818997562243347,healthy
5156357.705274805,5339092.390918307,0.0,"Ads,Industrial",5.627469929498326,cost_risk
6476558.578124556,4477597.688898123,0.0,Industrial,4.826169622972708,healthy
13411599.655171638,11284152.444511075,1.0,Contract,4.851252786527439,healthy
25204002.50524228,22429407.022696473,0.0,Ads,10.239321265365268,healthy
7814295.237710533,6874504.15885874,0.0,Ads,11.091324459867883,healthy
34846507.346981764,32769475.085588813,1.0,"Industrial,Contract",6.775948683163553,both_risks
4569001.854868067,3185131.7565403436,1.0,Industrial,1.6453300832151543,healthy
12629047.427852921,12823495.204644786,0.0,Industrial,20.016980612368325,cost_risk
21932282.1821235,19481799.23408517,0.0,Industrial,9.800233790638252,sales_risk
9762043.366137825,9085764.287077159,0.0,Ads,1.743415336999451,cost_risk
4224877.1889474485,3659934.2870377814,0.0,Industrial,7.2702945030502715,healthy
3535179.463881038,3424121.019451719,1.0,"Industrial,Scale",3.198803975835042,cost_risk
5622428.097214397,3824967.698441537,1.0,Contract,2.4461220857277715,healthy
11074936.314221533,11052444.081272272,1.0,"Ads,Scale",6.012721038840642,cost_risk
3237726.0872823554,2445788.7016713666,0.0,Ads,20.783107380389275,healthy
7208881.93010188,6225003.012606981,1.0,Industrial,4.03858896560158,healthy
7578114.576625403,7105103.425079279,0.0,"Industrial,Ads",6.3608966037673795,cost_risk
15261526.08950717,14688675.350420682,0.0,Industrial,2.732239907623315,cost_risk
11013794.851861948,10608328.829947475,0.0,Industrial,9.855041757626388,cost_risk
12677923.212295502,10730925.159022773,1.0,Contract,2.588239636473331,healthy
4621229.672777305,3307383.8933533514,0.0,Ads,7.7372463356424035,healthy
7805868.388706374,7409154.868330872,1.0,Industrial,5.985621566088408,cost_risk
19462020.74061107,17337510.680030946,1.0,"Scale,Ads",2.929902505992164,healthy
39564038.51078124,35789368.05364588,1.0,Scale,7.053281716627561,sales_risk
2522937.531981332,1848472.675611231,0.0,"Contract,Scale",2.953767378315071,healthy
40383174.149830736,33990722.95959698,1.0,"Contract,Industrial",1.8328483359732426,sales_risk
34136420.555800624,30951392.2357438,1.0,Scale,0.889205869194935,healthy
19410241.569730345,17556254.630961914,1.0,Industrial,5.487500102471673,both_risks
11576128.297933944,10333626.281806307,1.0,Scale,3.280644043065924,healthy
6491973.888234936,6067403.432560953,1.0,Industrial,13.170126250805303,cost_risk
38187572.12254132,27227176.592635404,1.0,"Scale,Ads",16.913379346985984,sales_risk
63101703.025002226,41913739.18670384,1.0,"Contract,Industrial",3.8476047800040822,sales_risk
53845794.92611833,37229776.7116421,0.0,"Contract,Scale",10.56310219564593,sales_risk
33101983.55664344,29204849.969527267,1.0,Industrial,6.022483527342237,sales_risk
12703402.2678668,11480311.1132845,1.0,Ads,4.711768106466331,healthy
2654273.0412249104,2398121.3012215775,0.0,Industrial,4.191763862444689,healthy
8846618.617716819,7542312.630069599,0.0,"Contract,Scale",0.41188140608898255,healthy
17132279.551274072,11241920.049176423,1.0,Contract,1.854552291718842,healthy
2450097.888592857,2285069.610036957,1.0,Ads,7.949796382459947,cost_risk
13192012.096547613,10560722.111671884,1.0,Scale,5.325816715661358,healthy
13658378.418147976,14448037.43542108,0.0,Industrial,3.3608350598993084,cost_risk
17823755.853042457,13082064.27600539,1.0,Industrial,11.440969663828527,healthy
2719291.7905347724,1957662.9106236577,1.0,"Industrial,Contract",5.772378682838852,sales_risk
4584985.164285688,4097338.821135015,0.0,"Industrial,Scale",6.294178160013141,healthy
5743416.227580865,3894061.4002337395,1.0,Ads,14.69668055212411,healthy
2758501.3255492556,2049409.2218793887,1.0,"Scale,Ads",2.5320406105901547,healthy
50595230.814113945,48683795.854554184,1.0,Contract,1.4632928917279635,both_risks
5411783.542107429,4928840.160500449,0.0,"Contract,Industrial",6.899300206431443,healthy
12347567.393620353,9703609.794739358,1.0,"Ads,Scale",1.6169160113754129,healthy
6861437.010581836,6918028.033367099,0.0,Ads,2.4147165809544324,cost_risk
43291760.180515304,38549228.536861084,1.0,"Ads,Industrial",1.1238546855212215,sales_risk
33276466.289736487,28547519.903781984,1.0,Contract,13.54452393238915,sales_risk
16740686.350710511,12935013.445659261,1.0,Contract,14.271030882146524,healthy
981159.3085045093,916398.470306849,0.0,Ads,8.171816672459792,both_risks
9360684.482571574,6545726.631517462,1.0,Industrial,3.9357387565435107,healthy
17604871.135484952,17364214.115539383,1.0,Contract,10.783530202572924,cost_risk
24250834.22633808,22814433.933281682,1.0,Contract,1.185725849925517,healthy
4790249.018959078,4011346.846613833,0.0,Contract,6.268289307891187,healthy
54954238.15549798,58147473.69316252,1.0,"Industrial,Contract",6.743366104305229,both_risks
2372771.003661651,2093454.5917973989,0.0,"Scale,Industrial",8.336213161797195,healthy
4585785.544323533,4109621.1332250615,0.0,Ads,7.837748059643767,cost_risk
22635951.80505268,16150066.85709883,1.0,Scale,1.6312361693918638,healthy
9332883.79812964,7153202.683773409,0.0,Scale,3.1224822007232826,healthy
65817254.18942703,61812892.486659385,1.0,"Ads,Scale",1.7557859215455776,both_risks
10729625.292469747,9937246.235160489,1.0,Ads,9.638497363080733,healthy
4717577.1486583045,4463331.707460026,0.0,Contract,1.3814731847854056,cost_risk
6091692.372550237,5311525.887855625,0.0,Industrial,4.020855869006191,healthy
2984234.6771794744,3010993.4935352844,0.0,"Industrial,Contract",0.8609899244883696,cost_risk
2476408.3776411423,1949072.2708490223,1.0,Contract,8.767409653127622,healthy
16691522.116127007,14259102.997089114,0.0,"Industrial,Ads",1.9994590207871408,healthy
15889448.211850304,10752519.61890673,0.0,Industrial,3.9826177734430885,healthy
32428843.604359515,30040065.876768187,1.0,Industrial,1.6261848684836586,both_risks
4178213.031796808,3324729.8270100635,0.0,"Scale,Ads",5.939585096232211,healthy
48115140.28771629,49213096.18431123,1.0,"Industrial,Contract",7.176174480362539,both_risks
6666544.99671814,6145634.9640498925,1.0,"Contract,Industrial",13.299993180949564,healthy
42901110.90758142,38775952.77711211,0.0,Contract,3.0856152075544117,sales_risk
5764414.54285628,4012179.9529614933,1.0,Scale,19.21829002487544,healthy
4258879.722224767,2964215.285741936,1.0,Ads,3.3100349030635545,healthy
11407543.11786447,9146301.66433633,1.0,Ads,4.004637141545587,healthy
24926774.99880213,19714347.14441801,1.0,"Industrial,Contract",3.203034298006843,healthy
10438480.425536392,8359201.619733407,1.0,Industrial,4.39821740606652,healthy
4947887.005705075,3906929.8717914145,1.0,"Contract,Industrial",6.179194493620324,healthy
2323953.26243484,1780718.4860799375,0.0,Ads,4.032761326627008,healthy
2187959.1778989565,2124470.496943287,0.0,Ads,5.046309352068253,cost_risk
14690077.88254385,13009540.05448406,1.0,Contract,2.1586855608209916,healthy
23907745.24630479,24013447.782813903,0.0,"Industrial,Contract",6.423073933069304,cost_risk
7539793.914941333,5678460.683613189,0.0,Scale,2.722135717937122,healthy
3034736.449906445,3034254.0836999197,0.0,Ads,4.309486001326487,cost_risk
21274977.02722475,16498140.59426929,1.0,Ads,3.4685512613005627,healthy
2469697.0648811073,2073838.3361820225,0.0,Contract,7.716198586188092,healthy
4355421.308584172,4321086.425817818,0.0,Scale,3.7646042378158566,cost_risk
16535462.145522365,16256550.233684292,1.0,Ads,1.6318184184733506,cost_risk
936456.945925824,698877.6839466545,0.0,"Scale,Ads",3.082161190601794,sales_risk
13077053.323899541,13468173.9887703,0.0,Contract,2.8876293493842518,cost_risk
4967161.775345968,5371130.082748232,1.0,Industrial,9.214948208801724,cost_risk
9912227.930911195,8927742.976532247,1.0,"Industrial,Scale",1.4579975531127105,healthy
8238249.778307341,7285153.018331509,0.0,Contract,16.011860703527116,healthy
10876492.806090219,8488789.89885425,1.0,Industrial,13.620526384372013,healthy
17790442.56849105,14668390.68867996,1.0,"Industrial,Contract",1.7049250910125013,healthy
4162515.9666761416,3459220.753786578,1.0,Ads,1.4446770268756957,healthy
36799029.19836285,25759069.623591423,1.0,Industrial,3.5152015649431085,healthy
18367507.94341639,13817555.265066745,1.0,Industrial,2.3318156401396344,healthy
20660467.761072554,16528475.8464279,1.0,"Scale,Contract",1.9165976646148528,healthy
28484310.392604735,21541110.60152253,1.0,Industrial,1.2207036196423182,healthy
19532459.35003529,14988209.079954093,0.0,"Contract,Industrial",2.922064451027715,healthy
20667617.8974622,14923088.811535101,1.0,Contract,2.38933665830304,healthy
9583885.101999214,9806228.413501687,0.0,Ads,10.96494386442044,cost_risk
2133397.098229691,2132415.4487557327,1.0,"Industrial,Contract",1.327874968593802,cost_risk
7763586.008874077,8332981.386660141,1.0,Industrial,6.813570271720938,cost_risk
4116382.7394738127,3115850.491495295,1.0,Contract,14.127937284967786,healthy
2142016.4966652906,1889322.0633859576,0.0,Scale,5.458315902199948,sales_risk
11506846.809564456,10202601.990524383,1.0,Scale,0.9304545067444085,healthy
5032616.29917924,3999069.6981382575,1.0,Industrial,1.3960992546709965,healthy
3173023.7703748615,2435784.7284980165,0.0,"Industrial,Contract",6.793383450759837,healthy
3131425.593252462,3020372.429375768,0.0,Ads,10.339428072240285,cost_risk
11622077.496820424,10891843.39739363,1.0,Industrial,1.615165027241979,cost_risk
12719819.800777283,13301654.911286458,0.0,Industrial,3.67471542571821,cost_risk
33346303.00528408,23291144.226436812,0.0,Scale,3.892102713688848,sales_risk
8763319.51740547,9024911.698786505,0.0,Scale,6.80373482609696,cost_risk
25187030.548205197,18851922.27335118,0.0,Ads,1.8218140246088685,sales_risk
36116660.50855848,25855617.263480056,1.0,"Contract,Industrial",4.850019394971943,sales_risk
28068700.04697439,24316954.041224744,1.0,Contract,3.9307513659961106,healthy
834590.1906561828,676528.4718263275,0.0,Ads,6.52182866926052,sales_risk
30361433.290319365,30803687.311727565,1.0,Ads,5.400061157238823,both_risks
12479776.452043878,8232977.689754548,1.0,Ads,5.662503387367092,healthy
13575419.868605714,13080917.234726984,0.0,"Contract,Scale",7.664106043076118,cost_risk
12880529.88245296,9957323.306881556,1.0,Ads,1.6025192424555499,healthy
13029898.511936847,9904077.225693686,1.0,Ads,0.3926074824097583,healthy
12230143.245802661,7839626.72279657,1.0,Industrial,9.15043794255298,healthy
6206369.686735057,5623600.633025652,0.0,Contract,11.438355075126868,healthy
1326911.6092308816,1081871.5580625853,1.0,Scale,6.9755229568536805,sales_risk
7969125.1119925445,7767251.11364262,0.0,Industrial,4.781558225375812,cost_risk
3977914.1281721,3452579.5359849813,0.0,"Industrial,Contract",14.312952410735605,healthy
26171024.262329515,19639279.55281101,1.0,"Industrial,Contract",5.606678208981464,healthy
6657359.51048611,4857511.402834756,1.0,"Ads,Scale",17.34639969197349,healthy
9659721.312230958,6782601.519390169,1.0,Ads,3.0086349299599657,healthy
3799553.221101039,2731366.17624879,0.0,"Contract,Industrial",5.953786277740625,healthy
5332749.581634094,4898261.850094555,1.0,Scale,1.451956060162022,healthy
8784215.171827346,6372614.738465438,0.0,Industrial,2.835719632398838,healthy
2011969.8313619723,1604188.0821570929,0.0,Ads,12.246867454293321,healthy
12003215.309189925,10652799.108047558,1.0,"Industrial,Contract",4.941997414865947,healthy
7991809.371029369,6682605.134190774,1.0,Scale,17.028829239393897,healthy
2714939.411771125,2374001.489731908,0.0,Ads,1.4108105626348975,healthy
807555.5583337479,748554.3249976799,0.0,Industrial,0.9298736660527274,both_risks
14843195.962637683,13179178.868792308,1.0,Industrial,0.3525333726374178,healthy
6598916.065814432,5016664.864769905,1.0,"Scale,Ads",8.426615750251369,healthy
5230364.809096751,4390727.49571091,1.0,Industrial,3.2460803114858603,healthy
7016993.2350022,4819232.963148948,0.0,"Industrial,Contract",4.868715364301778,healthy
54650883.6044279,45454513.445681095,1.0,Ads,13.273554945851348,sales_risk
8454412.318663856,7840970.345328683,1.0,"Contract,Industrial",2.55413942634845,cost_risk
9690138.365676103,7891302.353455504,0.0,Scale,2.2322808148347617,healthy
2008557.0372752284,1853842.4277958178,1.0,Ads,11.302997262422233,healthy
46146841.02261409,47128161.192904025,0.0,Industrial,2.656616544678467,both_risks
22241889.503872745,22290246.763912197,1.0,Industrial,3.700573427808742,cost_risk
25827099.503796555,16934121.45854009,0.0,"Industrial,Contract",4.4300838412825225,sales_risk
9319995.755206091,7418474.892915875,1.0,Contract,5.085578152971193,healthy
22223365.39936994,18918732.36646124,1.0,Industrial,4.35955536270115,healthy
12876916.33632303,12758058.935969714,1.0,Ads,2.8595437560390518,cost_risk
16406515.12882936,12624013.18821916,1.0,Industrial,7.819453259982684,healthy
7631592.076544381,7827773.217070947,0.0,"Ads,Contract",3.5844899945990036,cost_risk
2035215.0601899426,1909353.8577163406,1.0,Ads,11.148529347934932,both_risks
24862080.962473672,17708774.396289248,1.0,Ads,13.06308566225047,sales_risk
1283421.8168197738,980678.7243374528,0.0,Industrial,2.887036873793573,sales_risk
6990504.797805127,5290006.5816904325,0.0,Contract,1.3817547045996659,healthy
7242503.642795155,4972152.923451961,0.0,Ads,1.382339318396729,healthy
3131866.9646192812,2513560.172206223,0.0,Ads,1.6255720879130986,healthy
16405433.293913381,15510156.620283356,1.0,Scale,15.893041649482807,cost_risk
7272933.666569649,6391598.984870604,0.0,Scale,7.928399830543695,healthy
5740929.416291063,5728111.485219573,0.0,Ads,6.155185814610331,cost_risk
14944318.183965016,11141753.643858362,0.0,Ads,4.009586255138266,healthy
5517420.230374456,4227281.9448952405,0.0,Industrial,6.724263879197357,healthy
35640029.02064537,28004044.141289786,1.0,Industrial,8.187718448909518,sales_risk
12628352.926306361,9208334.57662021,1.0,Industrial,1.2603141063280219,healthy
5529826.58007802,5779329.430515176,1.0,Industrial,9.142582211947758,cost_risk
1271534.5346253205,1068911.1426023447,0.0,"Ads,Scale",1.0887328475711628,sales_risk
2403043.9473795937,2328920.269173819,0.0,Industrial,5.0144832166109055,cost_risk
26346099.2191294,24060420.411142927,1.0,Ads,2.6188696975575882,healthy
8447625.356069544,6320716.7785605565,0.0,"Ads,Scale",3.290122952774489,healthy
6695022.744380039,6800605.105985961,0.0,"Ads,Contract",2.7445347458598035,cost_risk
45958602.98880238,42509052.5564024,0.0,Industrial,2.348480927708839,both_risks
2464133.4348567952,2298342.7479461026,1.0,Industrial,4.409094328404205,healthy
4947248.88957745,4307232.422987053,0.0,"Industrial,Scale",10.032357525030442,healthy
5539486.269250893,4878037.0806356715,1.0,"Industrial,Ads",2.670902301546799,healthy
15971832.843769265,15436162.474136595,0.0,Ads,4.484617303805767,cost_risk
4576590.2947276775,4604388.4295380665,1.0,Industrial,2.421429883393633,cost_risk
4811801.727113095,3995897.9655371676,1.0,Scale,3.009935245370002,healthy
1784860.1148869074,1512546.0544737845,1.0,Scale,2.993798239705143,sales_risk
18427402.92367481,12725969.393215245,1.0,"Industrial,Contract",9.340157676017945,healthy
19898190.55179287,16645870.292987786,0.0,Scale,2.366813047915434,healthy
5518536.479633736,5201492.186203638,1.0,Ads,1.223004782472425,cost_risk
10462834.300644694,11458076.51298895,1.0,Scale,1.9006900075340503,cost_risk
2439622.512333112,1692170.861801256,0.0,"Industrial,Scale",2.308752943251861,healthy
5543778.385287147,3595550.5011562053,1.0,"Contract,Scale",16.42725338247827,healthy
35249114.02000831,27703527.06480516,1.0,Ads,2.1579509781524004,sales_risk
10177914.993049836,8190921.265437168,1.0,"Industrial,Scale",4.75043263061302,healthy
89554997.05851176,66323665.047602,1.0,Ads,0.42916647773987326,sales_risk
4044252.34829809,4379723.543910276,1.0,Contract,4.28764688121866,cost_risk
15875449.490816193,10405861.696778469,1.0,"Scale,Industrial",10.55637261491049,healthy
7308102.135033299,5210868.401593565,1.0,Industrial,11.01579844292765,healthy
15647439.42938172,12543059.917797731,1.0,Contract,5.908937970217313,healthy
8822260.082518114,8229370.20040398,0.0,Contract,5.529311514564387,cost_risk
5069749.112306785,4953907.364232232,0.0,"Scale,Contract",19.691887590412364,cost_risk
3731732.778695692,3162062.3598201964,0.0,Contract,11.547387061526313,healthy
190666567.20979884,172060978.14310506,1.0,"Industrial,Scale",6.292810950971992,sales_risk
8224721.059284183,6595803.437507444,0.0,Contract,3.5229721619752867,healthy
1182734.0522298354,845416.1548140018,0.0,Scale,2.9563743871985615,sales_risk
4645452.732432023,3939205.0600033184,0.0,Contract,3.7719660287044263,healthy
17505745.98714785,12395834.275196884,1.0,"Industrial,Contract",4.1645436532326485,healthy
5389653.02415168,3364972.4443649976,0.0,"Scale,Ads",2.9572637869197407,healthy
34637456.16044843,26417387.51389588,1.0,Scale,4.10907482754138,healthy
24212952.442551017,19592330.845746998,1.0,Contract,1.7971291142493504,healthy
7630480.406905667,6294687.93888456,0.0,"Industrial,Scale",4.702719765291004,healthy
5541545.867330017,4794742.799398431,0.0,"Ads,Scale",2.070591258821405,healthy
3253360.411756393,2754755.173425796,0.0,Ads,7.710995185264448,healthy
4412859.533952184,4412489.342559972,0.0,"Ads,Contract",6.352880188114879,cost_risk
2036731.6024492492,1790037.172359139,0.0,Industrial,7.236428188542613,sales_risk
29632914.90523637,24910445.30496912,0.0,Industrial,10.024391061090071,sales_risk
43605802.62207082,42940969.03907035,1.0,Contract,6.843931264972539,both_risks
2530334.158074038,2383020.1211699634,0.0,Contract,3.2243787438732303,cost_risk
2725921.3098980123,2060248.260977166,0.0,"Industrial,Contract",6.0020339839432655,healthy
1515851.8905920319,1413497.593273514,0.0,Contract,2.0382941659388183,both_risks
3389339.9970556446,2689385.9732542355,0.0,Contract,3.0470568918634204,healthy
397783.5128502589,351940.8214529076,0.0,Industrial,11.870280862454678,both_risks
2835477.8744866145,2981884.435501313,0.0,Contract,1.573692155696973,cost_risk
32505354.897372436,27969158.71079366,1.0,Contract,1.4942528909808515,healthy
6289093.310647448,5220795.575467338,1.0,"Industrial,Contract",4.778956866807036,healthy
20885887.19150516,15323533.743240893,1.0,Industrial,6.441835319388421,healthy
5449481.018587793,4611494.211565097,0.0,Scale,2.350436049081047,healthy
51684438.44595985,42636275.667481504,0.0,Scale,6.065613293559774,sales_risk
10845035.580017086,10298314.501656482,1.0,Scale,19.627162126327676,cost_risk
6064712.571275681,6188763.011752426,0.0,Industrial,2.0138623985638824,cost_risk
114081541.31572506,108905359.10943635,1.0,Industrial,2.04994877248278,both_risks
6423849.7386532035,5902138.724607393,1.0,Industrial,4.6698809584842,healthy
2620240.460319749,2131233.5344428453,0.0,Ads,3.8435767418690086,sales_risk
10874269.953359691,11296206.92854284,1.0,Scale,0.20096123245765224,cost_risk
8547633.008223591,5941518.515248104,0.0,Ads,4.186107785949406,healthy
25811341.67664927,25796679.160827544,1.0,"Ads,Scale",0.6679004201807847,both_risks
3535502.7770506255,2623842.7344012912,1.0,"Ads,Industrial",10.568395816486682,healthy
19869906.94804414,13819737.767586328,1.0,Contract,6.394277119030804,healthy
20847580.797374118,16539223.448697904,1.0,Scale,13.780835709323288,healthy
4557627.258707042,3678704.393919662,1.0,"Scale,Ads",7.311656930339579,healthy
10461830.546370398,9620469.224316034,0.0,"Contract,Industrial",5.370050380238071,cost_risk
3871869.576846663,2923963.0788887036,0.0,Ads,1.4633537211828378,healthy
92786162.33240667,61904873.14297122,1.0,Ads,7.777821134202729,sales_risk
4394482.952594217,3897599.2027539057,0.0,"Contract,Industrial",2.0721057257254802,healthy
5648641.074078124,5183497.842215534,0.0,Ads,20.858485880096467,healthy
3060723.788156732,2385571.4343219195,1.0,Ads,12.326796032930627,healthy
6286271.740143809,5939062.434271732,1.0,Scale,3.213596311879135,cost_risk
8834048.606254792,6383149.865657424,1.0,Ads,8.872986853241052,healthy
19149537.758163307,16137715.2893532,1.0,Industrial,1.1347668269184754,healthy
4825926.784185834,4112812.3343048114,0.0,"Industrial,Scale",6.126966111406471,healthy
7379570.82674744,4883807.880039273,1.0,Ads,7.536498011570817,healthy
2155451.200930446,2000321.909001554,0.0,"Ads,Scale",2.428615657260589,cost_risk
3884861.0416682777,3236092.3720037006,0.0,Industrial,4.950637001797987,healthy
139811767.53280562,96437906.90370645,1.0,Industrial,5.694116482898448,sales_risk
25172009.264954913,26705144.169635937,1.0,Industrial,5.599702508870662,cost_risk
4067649.8504663627,3605285.7467132676,0.0,Ads,13.982681736055039,cost_risk
2332853.5096224723,1770853.3332964433,0.0,"Industrial,Contract",6.764544286025806,sales_risk
3349819.994593247,2620591.730296316,0.0,"Industrial,Contract",3.085437996920242,healthy
8695438.540912155,7923691.87664154,1.0,Industrial,8.487024335346927,healthy
9200126.467196517,8570054.82594182,1.0,Contract,8.994612788178639,healthy
4221239.65114228,3583119.7303407183,1.0,Contract,8.475261011648227,healthy
2454480.1205501975,2175185.6126461024,0.0,"Industrial,Contract",11.704232121235748,healthy
36850454.31350978,27763681.688310843,1.0,Contract,11.22817691471543,sales_risk
13959703.995250713,11013897.607279563,1.0,Industrial,4.825536846183115,healthy
6109967.307214459,5711591.89424889,1.0,Scale,4.5566518172359896,cost_risk
7126557.040069307,6001172.742334068,1.0,"Ads,Scale",9.269129626501302,healthy
5232865.280870235,4882538.34195253,0.0,Ads,3.5971672998906765,cost_risk
471632.1200425579,400434.90394243534,0.0,Ads,5.5379309942759525,sales_risk
9975691.354822807,9703819.580468902,1.0,"Ads,Scale",12.797471316940877,cost_risk
3046352.6797987167,2282876.6491509425,0.0,Ads,0.9767873420593269,healthy
3260254.119159047,2434539.18490074,0.0,Ads,7.922787128726519,healthy
4684349.396852637,3335713.2184063806,1.0,Industrial,10.832011213285252,healthy
18481886.729365777,16793866.95652499,1.0,Contract,6.352975301169912,healthy
2756491.38479445,2315057.017102996,0.0,Contract,7.942953550533447,healthy
2117440.361065999,1926602.1885272597,0.0,Industrial,7.960897002622927,cost_risk
16849845.99860776,12851038.296709139,0.0,Contract,8.25319659665438,healthy
18894263.29592812,12622096.663279254,1.0,Contract,11.759942966668234,healthy
3406058.420216443,2906470.404025938,0.0,Contract,0.6836863762772847,healthy
15594013.947923524,11784441.579393169,1.0,"Industrial,Contract",10.311065348235108,healthy
6638307.33538384,5332128.270128399,0.0,Industrial,5.6211837168737375,healthy
12010504.220377833,11559304.166231431,1.0,"Industrial,Contract",3.0524501539715114,cost_risk
2518161.7271378716,2306594.606811369,0.0,Industrial,5.7371680114038535,healthy
20437754.30006224,16734103.191427477,1.0,Industrial,8.887381195587558,healthy
29599231.44071537,24081245.931303527,1.0,Ads,4.171075447156827,healthy
16803087.97680815,11824741.39426003,1.0,Ads,4.961101120386811,healthy
15530866.07898525,11076013.89367025,1.0,Ads,2.4945360051643632,healthy
204377.66164274444,187493.42873890296,0.0,"Industrial,Contract",4.339553404570977,both_risks
11531924.019667618,10347546.5902952,1.0,Industrial,8.208310835117288,healthy
8662853.09786151,7463040.27905705,1.0,Ads,5.602189204652042,healthy
7670976.605113724,5552289.833066153,0.0,"Contract,Industrial",3.2984130318515077,healthy
4729934.96087005,3928358.9924214915,0.0,"Industrial,Ads",10.119044111338635,healthy
9391963.877155839,7652072.168383624,0.0,Ads,14.72867069654776,healthy
13418130.93379633,11644409.932676543,1.0,Ads,6.1315365859389,healthy
6825743.558895409,4759687.490625209,1.0,Industrial,3.0162830652419004,healthy
5591039.921455537,5289902.366730845,1.0,"Industrial,Contract",7.4133917310600985,cost_risk
30393940.19875701,24710297.229624692,1.0,Scale,7.746435447659157,healthy
2942096.2420061543,2036387.6182919403,0.0,"Scale,Ads",18.969400376699458,healthy
24894443.846073374,16397787.978436844,1.0,Industrial,4.319654209150652,sales_risk
10604748.852708431,7656603.476200424,1.0,Ads,3.020002522730027,healthy
3975632.2686512405,2893199.736370373,0.0,"Ads,Industrial",2.302669944542742,healthy
6649273.136862974,6375034.616137139,1.0,"Industrial,Contract",6.887540224503835,cost_risk
3541306.8979366445,3152261.6561500346,1.0,"Ads,Scale",6.78608348098794,healthy
17453740.141616832,12085943.21420533,1.0,Contract,9.926325692561672,healthy
12583560.049031565,12413047.349153958,1.0,"Ads,Industrial",4.014312968038192,cost_risk
5092115.010164978,4868507.275286141,0.0,Industrial,2.5198890698999157,cost_risk
2951374.939575059,2196795.5249488074,0.0,"Industrial,Contract",6.72649688747828,healthy
12015596.755994821,8546096.277632244,1.0,"Contract,Scale",2.3294025357094412,healthy
23147228.378125094,23803701.931653634,1.0,Industrial,3.7236032016530354,cost_risk
7930000.452066224,6784335.397374865,1.0,Contract,6.335661034875122,healthy
13502055.632476382,11986354.912986806,1.0,"Contract,Industrial",14.264360523545328,healthy
6101058.565709649,5012955.607622353,0.0,"Contract,Scale",4.202386873951071,healthy
9507287.863657186,8080397.580918529,0.0,Industrial,2.665455403532585,healthy
6640627.955592054,4716937.9149828255,1.0,Ads,6.976555677515414,healthy
11923742.554019008,10087081.629340364,1.0,Industrial,7.352689137043413,healthy
1963477.0938720657,1408000.543185336,0.0,Industrial,6.181943119782449,sales_risk
16923106.98415053,12712659.740292635,0.0,Ads,5.009535457260557,healthy
7060790.121236441,6236354.719935619,1.0,"Ads,Scale",1.1640415615553281,healthy
12719007.265295371,10073741.52543754,1.0,"Ads,Scale",3.1341656741259785,healthy
6322908.54158395,6593673.548414413,1.0,Ads,6.617778864007439,cost_risk
12241730.299235715,9548763.050852789,1.0,Contract,10.102055807902786,healthy
3040210.1396281733,2889120.482749038,0.0,"Ads,Contract",9.796279192404452,cost_risk
29184678.26249371,24357366.995962124,1.0,Contract,7.228813294068295,healthy
1617602.0788023213,1112660.7102666588,1.0,Contract,6.324312155348077,healthy
3143229.036998206,1990947.6275781335,0.0,Industrial,3.0194179769791187,healthy
11247608.312171303,7592311.04593785,0.0,Contract,2.793192869068239,healthy
38372141.98681605,30806966.20683798,1.0,Scale,0.5642696797324771,healthy
11735468.406483972,11726002.571193157,1.0,Industrial,5.76668898985045,cost_risk
6934999.535284589,5353534.599264977,0.0,Industrial,4.283304830858882,healthy
2136992.1411017515,1859090.0747329597,0.0,Industrial,6.12649046073349,sales_risk
7339074.74106972,6305193.497733344,1.0,Industrial,9.90627811934483,healthy
8711225.061669903,9458463.950004548,0.0,Contract,3.4534562037255263,cost_risk
48185497.178858116,38899196.740754515,1.0,Scale,10.42607954984853,sales_risk
16553783.130418219,13004138.778119575,1.0,Ads,9.59899393045269,healthy
1925906.1169748139,1583333.2403877608,0.0,"Ads,Scale",5.7141093091038595,sales_risk
67442038.3093962,57659390.72737854,1.0,Scale,1.9197795507588746,sales_risk
5986336.165878025,3902744.0961239683,0.0,Ads,4.284387118557582,healthy
3687798.72049029,2968317.786803601,0.0,Industrial,8.708318900818957,healthy
38834619.11793638,30078008.899210252,1.0,Ads,8.441083983075004,healthy
8454794.540823756,7008241.885743154,0.0,Industrial,10.893104285063757,healthy
6153905.018406343,4496057.843986874,1.0,Ads,8.374376691825995,healthy
11059341.229357129,10902457.502770236,0.0,"Contract,Ads",0.5151568484479825,cost_risk
20684367.51404247,19981919.37550105,0.0,Contract,8.700512805823733,cost_risk
23994524.212065335,21654999.029136308,1.0,"Ads,Scale",1.9780175711386891,healthy
2246305.8938361886,2120516.69838801,0.0,"Industrial,Contract",7.6810678647974875,cost_risk
65560338.18766289,48500044.53116222,1.0,Ads,4.694808573644845,sales_risk
22904903.860876784,16288166.58228632,1.0,Industrial,8.472730704080888,healthy
6081725.043662662,5013803.070666752,0.0,"Industrial,Contract",1.8454421852289196,healthy
3918972.8465062915,3754632.620004514,0.0,Industrial,8.984372101386333,cost_risk
3371902.116097768,3231399.4297366072,0.0,"Industrial,Contract",8.54877712329632,cost_risk
10052967.651394293,9383976.37706146,1.0,Contract,2.4973916955971345,cost_risk
4648167.927355524,3909861.8758196654,1.0,Contract,3.426679806422414,healthy
4135529.927065026,3650255.384458605,0.0,"Industrial,Contract",3.876628877830557,healthy
20000231.469806857,18497295.936554205,0.0,"Ads,Scale",4.846270810616311,cost_risk
12795029.636456871,9661922.709352216,1.0,"Contract,Industrial",3.2823371408332824,healthy
5988962.4510622155,4993073.384402091,1.0,Ads,6.83593091881089,healthy
18517885.30347872,16459376.021921605,1.0,"Ads,Scale",13.994413236825539,healthy
34878411.925358966,35304757.91867678,0.0,Scale,4.821596079326799,both_risks
2974253.6376039055,2843000.9651428843,0.0,Ads,9.674123740032524,cost_risk
4860773.38463687,4046757.4278296763,0.0,Industrial,7.610742571786827,healthy
22807998.418156542,18034674.448525336,1.0,Ads,11.11113690438392,healthy
18236589.86207006,15648984.97877746,0.0,"Contract,Industrial",23.124651264147836,healthy
11147199.478088107,7404397.74566051,0.0,Scale,5.64595664486485,healthy
28414814.02003212,25288106.02679438,1.0,Scale,6.727826412194912,healthy
2993004.4417531746,2716926.1924699973,0.0,"Ads,Contract",6.803199274667254,healthy
2024558.411260194,1512149.1265133563,0.0,Industrial,2.1347354178076374,sales_risk
3735875.086657665,3170372.465577764,1.0,Ads,12.31121240081343,healthy
10044583.535950895,8693950.020292347,1.0,Industrial,11.816279387578826,healthy
4008442.119440636,3060146.485518009,0.0,Industrial,3.95968286284381,healthy
5459030.913375032,5633121.337661925,1.0,"Industrial,Ads",4.867448536361723,cost_risk
3351772.542055552,3010418.6776815676,0.0,Ads,1.6760304699393376,healthy
4778182.7550058,3493013.1923943223,0.0,Industrial,1.190016043174665,healthy
3253405.269511896,3260946.6958120693,0.0,"Industrial,Contract",11.669561789264936,cost_risk
12832174.473491082,10973230.809070177,1.0,"Ads,Scale",3.83648863405677,healthy
19675624.01659754,14546191.540547637,1.0,"Scale,Ads",5.104235114916779,healthy
5496126.121442758,5146859.3354338445,1.0,Industrial,2.68721913672137,healthy
7222662.4590131845,7091396.115721771,0.0,"Scale,Industrial",2.095995431951623,cost_risk
4970184.039601325,4330636.307617845,1.0,"Ads,Scale",4.620168434997018,healthy
15115801.561246045,9265771.169723457,1.0,Industrial,3.50740462913896,healthy
9713779.852669047,7865311.145261585,1.0,Scale,2.3141426345410743,healthy
43756769.94244293,35909201.18743989,0.0,Scale,6.120872342581541,sales_risk
2971353.002264046,2396994.430347417,1.0,"Industrial,Contract",8.891257823163766,healthy
12768637.145727517,11988694.069041979,1.0,"Ads,Industrial",4.279410600035085,cost_risk
13852709.450317182,12506263.342064828,1.0,Industrial,5.376428642091572,healthy
6196900.6446974,4651932.317906813,1.0,Industrial,1.507975019714912,healthy
15927124.026402263,11163878.796190083,1.0,Ads,1.4478444875537058,healthy
2108478.912661296,1870090.000721992,0.0,Ads,1.6543973131893117,sales_risk
73942848.16868445,62749398.56789075,1.0,Ads,5.150386770796417,sales_risk
2322037.397210814,2028830.8000883302,1.0,Contract,13.24545936398307,healthy
22293534.475670777,22252056.108896155,1.0,Ads,2.2494447392877457,cost_risk
2896105.093614341,2789634.139998667,0.0,"Industrial,Contract",4.561460320446612,both_risks
28088843.6189338,24743371.48742973,0.0,"Industrial,Contract",5.9308125565766865,sales_risk
6047926.0730231535,4504184.7196753,1.0,Contract,3.7119062554565057,healthy
10411514.417150602,8020990.666896513,0.0,Contract,5.958726831304608,healthy
9372999.83108084,6747772.389775642,0.0,Contract,1.3634927834431887,healthy
26714955.430087917,21268456.903579406,0.0,Industrial,2.6713916338455093,sales_risk
6442663.179951204,6973337.285602099,1.0,Contract,6.929661584473193,cost_risk
457172.6049913588,368737.9599525247,0.0,Scale,6.250924005316921,sales_risk
4155491.2483614404,3543660.780625368,0.0,Ads,10.105531724186408,healthy
10678173.145672215,8964617.764590243,0.0,"Ads,Contract",3.140051104986176,healthy
5720299.917608429,5125982.599041621,0.0,Industrial,3.1696350390429204,cost_risk
19188483.730141487,18888692.120351862,0.0,"Industrial,Contract",10.616320771469875,cost_risk
24528027.370337978,20895581.193389792,0.0,"Ads,Scale",1.7830464872560277,sales_risk
7665407.174174453,6997566.242158847,1.0,Industrial,9.693488593296934,healthy
2003396.6151737901,2140929.6221514046,0.0,"Ads,Scale",7.53008434950194,cost_risk
35468839.556076616,21846750.94363342,0.0,Ads,6.542854668951115,sales_risk
26246770.217715327,20326455.162783284,0.0,Scale,3.3094402568978025,healthy
6588319.495793373,5562587.15070758,1.0,Ads,9.602944571271422,healthy
73169440.43694557,63345057.50097002,1.0,Ads,1.212572054511816,sales_risk
6268982.005809388,5803274.023536462,0.0,"Contract,Industrial",7.136207480991343,cost_risk
2850144.5765768155,2135214.902064874,0.0,"Industrial,Ads",7.5975758547969665,sales_risk
7603555.815113468,8050234.711835001,0.0,Industrial,6.191520285381721,cost_risk
26110124.671120964,20687851.932633016,1.0,Contract,3.486479425783522,healthy
3480012.8958836515,3162211.371947451,0.0,Ads,2.9030239947838115,healthy
62534257.07474931,49765717.648191765,1.0,Ads,2.9459251753464772,sales_risk
3625394.9259553007,3244738.6292715804,1.0,Contract,3.8248298024379768,healthy
23078737.022572137,20952100.22630394,1.0,Ads,2.059981281838242,healthy
15316823.756818678,13722266.687305167,0.0,Ads,4.97283768498036,healthy
7617379.2679631645,7743337.18280555,0.0,"Industrial,Contract",4.994819345180896,cost_risk
26180697.97521789,21653768.43796901,1.0,Industrial,11.541629514024137,healthy
1983158.256912692,1884858.2483162577,1.0,"Industrial,Contract",9.113102039619282,cost_risk
34538036.672690175,24507926.21257175,1.0,Industrial,5.978349874103083,sales_risk
8337850.197559867,8162273.816069949,1.0,Scale,6.928560278173347,cost_risk
5165770.105193062,4620887.551132434,0.0,"Industrial,Contract",4.419563131340235,healthy
18796364.812007423,18193806.901726555,1.0,Ads,0.4569192226186037,cost_risk
25646021.58363252,23295731.126188934,1.0,Ads,3.9165368591642498,sales_risk
19187995.95170708,15497546.891966334,1.0,"Ads,Scale",7.278933583923232,healthy
65627398.12365167,41092259.64276248,1.0,Contract,2.7913320489480715,sales_risk
26185753.88628153,21343475.623730905,1.0,Scale,4.739774834046501,healthy
32072407.288632046,27396546.237708457,0.0,Industrial,2.9460151874910814,sales_risk
5179070.007178166,3944817.2866620515,0.0,"Scale,Ads",3.3766253546404306,healthy
9884948.227202691,8740927.497548137,1.0,Industrial,5.081523465231223,healthy
15603137.633144133,13103461.704937015,1.0,Industrial,14.695364242899966,healthy
8729841.425188666,7779549.425872493,1.0,Industrial,6.5506013747579255,healthy
12014625.210182292,9725878.638229059,1.0,"Industrial,Contract",6.0356967986795595,healthy
13607133.920230132,12174986.354995325,1.0,Industrial,12.246233372827449,healthy
20671033.236930966,17633698.05945578,1.0,"Industrial,Contract",5.390687563485831,healthy
8027559.438111225,6707001.883872076,1.0,Contract,7.243469557389679,healthy
6263193.674373354,4585158.117352564,0.0,Industrial,6.303242602103526,healthy
3881314.138650098,3564379.1899457644,0.0,Scale,10.48643105805192,cost_risk
3642816.3896567966,2956998.632924683,0.0,Ads,6.325100532191766,healthy
28701249.81510517,20286077.800866123,0.0,"Industrial,Contract",4.0791836614557715,sales_risk
8165908.223951397,7898131.067766855,0.0,Contract,6.232276724759505,cost_risk
19519887.606922172,14465424.746164508,1.0,"Contract,Industrial",11.309611664573127,healthy
2428140.154264603,1711970.6103452204,0.0,Ads,9.304701878822192,sales_risk
1279310.5937425487,1105805.6111683808,0.0,Ads,2.52286231333395,sales_risk
3112412.693249382,2108475.7602526,1.0,"Industrial,Contract",1.4147038738355202,healthy
27969549.75183219,22248142.396518804,0.0,"Ads,Contract",1.140813526833247,healthy
25856625.710605722,17179503.12867528,1.0,Scale,4.146655209057544,sales_risk
12385520.019249177,8501302.209649755,1.0,Ads,8.461586691738875,healthy
3984131.28354223,3337535.7679088507,0.0,Industrial,9.936869412630843,healthy
7796592.665282825,6215191.102904198,0.0,"Contract,Industrial",11.320988097264022,healthy
6597751.8501283685,7004338.55850329,0.0,Ads,2.8646740821585883,both_risks
6293492.077690457,6341539.56686047,0.0,Ads,6.580486783978974,cost_risk
725002.3409182575,608822.1982505042,0.0,"Contract,Industrial",4.87474596603475,sales_risk
3768070.459845043,3230229.3091159975,0.0,"Scale,Contract",18.487185123478795,healthy
7347650.236181117,5220056.567922179,0.0,Scale,14.321612599407814,healthy
40484420.93543523,32930942.65885177,0.0,Ads,5.369855724390115,sales_risk
10435698.75765508,8579441.33080992,0.0,Industrial,4.0100275147383435,healthy
36066978.66467325,36357448.78332523,1.0,"Industrial,Contract",3.0573780732679716,both_risks
5994141.246568746,5813770.980339412,1.0,"Scale,Industrial",6.517778542949767,cost_risk
6901928.4688164275,6440172.524161465,1.0,Contract,5.226055627030343,healthy
179975.90682578768,156587.54386211841,0.0,Contract,5.787582594818542,sales_risk
14123213.359973246,10906797.866052555,1.0,Contract,15.239660195097326,healthy
15357210.503396913,10854631.277277287,0.0,Contract,1.6212589147414327,healthy
51844482.25689217,40993031.93150521,1.0,"Contract,Industrial",2.6741230238974096,sales_risk
5461525.963712864,4545649.519372868,1.0,"Scale,Industrial",1.403572032026074,healthy
9763428.292573024,8610965.054133967,1.0,Scale,1.8784939503964628,healthy
4388385.9191980455,3705234.262550019,0.0,Industrial,9.457851539845848,healthy
2740752.114607105,2270992.778832174,1.0,Ads,8.087657384751989,healthy
4355247.654091542,4375406.782128282,1.0,"Scale,Ads",5.933319466991225,cost_risk
6293333.622201709,5507822.440875139,0.0,"Scale,Industrial",10.15452932585941,healthy
34464419.42018061,27483624.849883195,1.0,Industrial,13.067220379210003,healthy
8905784.813241357,7602215.710355588,0.0,Ads,1.5748930755648338,healthy
4030718.437360439,2795403.522714192,0.0,Contract,4.601729368952697,healthy
10240672.28488856,9608762.42189017,1.0,Ads,5.949897369809785,healthy
11045916.339202618,9700018.03062701,1.0,"Industrial,Ads",1.1773067635514707,healthy
4518849.319311494,4049447.9588187747,1.0,Industrial,0.6646165245985032,healthy
27874800.384635165,20211800.859838147,0.0,Ads,12.61484324684936,sales_risk
1344659.1368168495,1025239.5618265102,0.0,"Industrial,Contract",,sales_risk
7177454.645087687,4736435.7371961055,1.0,Ads,8.093694819315829,healthy
17280099.261600114,15236005.294881634,1.0,"Ads,Scale",4.892164414420695,healthy
2330439.607572114,2427132.7389301816,0.0,Ads,3.056536168413502,cost_risk
12752702.254521552,11732674.640221551,1.0,"Contract,Industrial",9.674423638399546,cost_risk
32374869.600555796,33797624.08106516,1.0,Scale,1.9988802155485026,cost_risk
13987452.899336226,10994498.988122761,1.0,Industrial,6.347061388133819,healthy
1639398.6521219513,1373072.108751668,0.0,"Contract,Scale",10.976519327999,sales_risk
4290032.954450341,4121100.2692468446,0.0,Industrial,9.139780990294726,cost_risk
30471531.20296843,30768843.32547035,1.0,"Industrial,Contract",14.304563720439255,cost_risk
11975042.437128607,8241952.489243522,1.0,Ads,3.9633636150441394,healthy
8798933.34679205,6754897.116307855,1.0,Ads,2.5053786564539116,healthy
13814103.13687539,13575219.680894976,1.0,Industrial,6.087328596610623,cost_risk
18275080.161741074,19382148.540190127,1.0,"Industrial,Contract",5.747741755095336,cost_risk
4375514.904921039,3289024.958908096,0.0,Industrial,1.4052073196579187,healthy
6646493.098525584,5169047.284639187,1.0,"Industrial,Contract",3.564635584524625,healthy
10251285.288287789,6853261.465460502,0.0,Industrial,12.45156125449017,healthy
5157911.34912877,4217021.331888877,1.0,Industrial,3.9879284107147233,healthy
7775967.467930484,6313751.699680612,1.0,"Contract,Industrial",11.642629336263944,healthy
32536456.633366294,33298689.78958199,1.0,"Contract,Industrial",5.8142027779668,cost_risk
3375925.7308761654,3266921.6071717427,1.0,"Ads,Scale",13.757953044670217,cost_risk
61016977.86910139,54718767.88011023,1.0,"Industrial,Contract",1.5321116646762798,sales_risk
58197000.721679695,58845714.63479289,1.0,Ads,3.689328096405712,both_risks
1601675.0759469008,1552946.798743797,0.0,Ads,8.851077244460523,both_risks
7717317.093778894,6528550.772405492,0.0,"Industrial,Ads",0.18886972870691876,healthy
12518167.78211783,11726710.410246613,1.0,Contract,19.27403384037607,cost_risk
4152117.1240319754,3784654.489549285,0.0,Industrial,5.9006044889106315,healthy
4235108.46078481,3650945.2352223285,1.0,"Ads,Scale",0.5971947524760557,healthy
7008149.914406418,5415701.681718811,0.0,Ads,2.347986238553197,healthy
18609413.02181405,15572672.19085086,1.0,Ads,20.963550803304237,healthy
5328957.366966114,4521681.344440784,0.0,Scale,2.0140034594027547,healthy
55212161.9201668,56493171.70631697,0.0,Ads,7.185742538373302,both_risks
11875333.626322445,9273754.264352717,0.0,Ads,9.249346044641035,healthy
8019805.405674132,6583483.020343329,1.0,Contract,9.986624742816346,healthy
37854472.13886939,37984276.16324049,0.0,"Contract,Industrial",7.117097025115536,both_risks
16622723.371357962,13015742.673932867,1.0,"Industrial,Contract",9.324967503330235,healthy
12855557.623498948,12634985.224512853,1.0,Ads,2.9593237777875605,cost_risk
6381154.6414525295,4582703.937006927,0.0,"Contract,Scale",8.178710238933736,healthy
54514954.35843282,43552082.72656274,0.0,Contract,11.100612741493311,sales_risk
20011578.514691487,16208363.769895148,1.0,Industrial,3.954638316377242,healthy
7250555.64116824,7121155.700272782,1.0,Industrial,5.04100332958626,cost_risk
1835451.1165104748,1600595.645419385,0.0,Scale,1.847489014616576,both_risks
12902756.668848844,9376553.953755574,0.0,"Contract,Industrial",5.660221454329854,healthy
2831337.8824718706,1961259.6950963605,1.0,"Contract,Scale",3.495594919556199,healthy
1597665.4824254785,1786032.64131649,0.0,"Industrial,Contract",18.841172241795512,both_risks
6721678.7449125415,6139551.675706624,1.0,Contract,1.8098928411144466,healthy
11774786.930051314,8864853.211963015,1.0,"Contract,Scale",7.632159528513464,healthy
32039537.13808353,29249562.873686675,1.0,"Scale,Industrial",3.8983733531987133,healthy
11786340.395264763,8739381.652289521,1.0,"Industrial,Ads",4.761756203297299,healthy
19895806.267729316,17947960.30740606,1.0,Industrial,5.463669567249659,healthy
2608060.226582609,1972072.9519161058,0.0,Contract,9.883518965012293,healthy
8688125.98887331,7424813.490726397,0.0,"Contract,Industrial",13.284747717291632,healthy
10061344.072266271,7347167.829227532,1.0,"Ads,Scale",8.964895106042295,healthy
21046528.43669487,19221810.69248865,1.0,"Scale,Ads",17.56202342800016,healthy
9979670.916356623,9481482.94364916,0.0,Ads,8.329875065301504,cost_risk
19857234.519518808,16001495.906508926,1.0,Industrial,15.434237955047315,healthy
5367113.250604803,5120565.496274452,1.0,Contract,2.111072066297932,cost_risk
12710702.412742518,9559461.056532465,0.0,Ads,2.6060784181848557,healthy
13455068.070514439,10406622.805859374,1.0,"Contract,Industrial",1.3665372532279658,healthy
2546484.3393444903,2324944.4282162185,0.0,Contract,8.836479401138813,cost_risk
10591248.751003964,9997436.685112072,0.0,Contract,7.1918709689589875,cost_risk
6450301.765643206,5547591.00514321,0.0,Ads,14.376190251860665,healthy
1323661.1469070176,1017696.9668058461,1.0,Ads,2.3849135672559894,sales_risk
23170875.465628944,16470064.901843725,1.0,Industrial,6.396035687439048,healthy
6188116.5150764305,5180423.1110855155,1.0,Industrial,4.310929129894452,healthy
3788989.587362624,2708747.3140581427,0.0,Ads,6.140178530578957,healthy
6093195.753415827,5978884.457698731,0.0,Industrial,2.37932129087094,cost_risk
10203081.119180895,7077195.45527073,0.0,Industrial,0.5981833265830341,healthy
40141026.91534467,33456857.36857841,1.0,"Contract,Scale",0.4902660508351875,sales_risk
7527449.247174915,5993850.853275104,0.0,Industrial,19.712926551639654,healthy
14251995.599704895,11544220.267461777,1.0,Scale,2.927941032420328,healthy
35095356.172227316,29372909.568266153,0.0,"Ads,Scale",2.6573625839665147,sales_risk
15150597.54829921,14497775.14604881,0.0,Industrial,1.0709338517903686,cost_risk
25869213.648199033,24267755.753049638,1.0,Contract,8.86562340141213,cost_risk
5517801.947578777,3757014.583395845,1.0,Ads,1.4224438957833283,healthy
19212070.79072373,18596602.211707048,1.0,Contract,6.4795696054214975,cost_risk
8385578.976490852,5895732.22364139,1.0,"Ads,Scale",4.414852316723819,healthy
26020916.08770902,21202431.46914147,1.0,Scale,6.534930212939111,healthy
3257401.7553685848,3081812.1192349684,1.0,Industrial,8.114671337644921,cost_risk
4075248.346625436,3591344.3782840227,1.0,Contract,5.301592505050172,healthy
31602019.119588666,23988883.44878498,1.0,Industrial,1.4454599526416456,healthy
7303878.21538794,5581349.611981796,1.0,Industrial,3.179477250852546,healthy
6206075.895531327,4851073.930791256,0.0,Ads,3.288145159879507,healthy
9602868.552444085,9657560.776732083,1.0,Industrial,1.6120618780577007,cost_risk
4459300.809994388,3140661.1867618,1.0,Industrial,5.981348718708,healthy
33664060.374790035,33254339.408606257,1.0,"Scale,Ads",3.777421695715919,cost_risk
2548045.9985671537,1865719.5930611098,1.0,Scale,3.2864212221435802,healthy
7643773.873165253,5891716.266081349,0.0,Contract,4.997861465346787,healthy
12571624.213484785,10803400.127037914,1.0,Ads,0.12062450144949508,healthy
8004808.094596813,6148870.541816904,1.0,Ads,4.478300671872215,healthy
3983663.5930746538,3425259.670710889,0.0,Industrial,0.45684695849372164,healthy
3728851.3802603465,2951691.8655543467,1.0,Ads,0.9175916818889871,healthy
13597471.656606039,9964971.114643969,1.0,Industrial,2.8629041283262526,healthy
3170879.4925978123,3327047.9193323688,0.0,"Ads,Scale",6.846367649333105,cost_risk
16957871.948403187,13858328.353072561,1.0,Scale,5.957493550587809,healthy
1935452.3628115884,1982163.8336845296,0.0,"Industrial,Contract",6.605319277006227,cost_risk
5101355.788682805,3441680.861542212,1.0,Scale,13.805105548990948,healthy
9214657.883660033,9228077.99955805,0.0,Contract,5.745925172003079,cost_risk
2540440.5187998316,2120282.8876386243,1.0,Ads,0.759983244555275,healthy
17055970.281291325,15112604.523400985,0.0,"Industrial,Contract",6.475973071134593,healthy
8722890.20669003,8504463.614031242,1.0,Industrial,1.7932061362742746,cost_risk
3153193.5367114884,3061853.0787458117,0.0,Industrial,1.5396436023183084,both_risks
1945659.9244214944,1896513.2905053142,0.0,"Industrial,Contract",7.683658113260029,both_risks
1856884.4764526996,1837798.1890191075,0.0,"Ads,Scale",2.7644765914100766,both_risks
9351374.961229365,8119758.90460088,1.0,"Ads,Industrial",9.553035344933246,healthy
2794517.144985177,2245305.140338943,1.0,Industrial,7.778446977459753,healthy
2269614.15506447,1899815.477704101,0.0,Contract,5.036896780444827,healthy
7051663.218681718,5023024.5667536445,0.0,"Scale,Ads",8.978420467568515,healthy
86659787.73326232,83260454.2170839,1.0,"Contract,Industrial",12.195477504326298,both_risks
11728594.13353738,10618237.295378374,1.0,"Ads,Scale",2.950530206756152,healthy
19056500.472839855,17769118.891269363,1.0,"Scale,Industrial",1.280869808281119,healthy
10992440.269462433,8616579.621357802,0.0,Ads,3.421468654269468,healthy
19442698.63643096,15645026.63827721,1.0,"Industrial,Contract",13.262412197342048,healthy
2319613.997785864,1837972.4256117598,0.0,Industrial,10.967584593369004,sales_risk
5777537.026248522,4975168.848311442,1.0,"Industrial,Scale",4.363896571720961,healthy
11540242.649120495,10875182.584122429,1.0,"Industrial,Contract",6.0379611934099255,cost_risk
8728317.508158492,7854382.215559172,1.0,Contract,6.325146326389016,healthy
7333817.7690452,4975755.688192024,1.0,Ads,2.2428886339069285,healthy
4565889.568904995,4012510.254233734,0.0,"Ads,Scale",3.9293495452587273,healthy
6862736.983344726,6154759.1424155235,0.0,"Industrial,Contract",6.804471204980398,healthy
4097150.0331649287,3752451.8344585015,1.0,Contract,5.918949623813911,healthy
788720.2586144658,571087.7660661648,1.0,Ads,17.80020111595646,sales_risk
2691183.3402685174,2288989.975445775,0.0,Scale,11.04357626901048,healthy
14298324.762247838,11643224.674687875,0.0,"Ads,Scale",7.479698011403038,healthy
42164026.19710892,37490406.392182834,1.0,"Ads,Scale",2.1890616659128925,sales_risk
54492856.15536412,45956722.080458395,1.0,Industrial,3.0405712872200046,sales_risk
9788822.619495623,8900913.085365146,0.0,Scale,5.703676437760561,cost_risk
21712172.88004233,22168045.1363878,1.0,Industrial,2.350993463718921,cost_risk
22031370.130871415,19829538.326856714,1.0,Ads,8.984705689293843,healthy
4447002.430904707,3983505.2857312374,1.0,Ads,1.9099014625631248,healthy
1626693.80030813,1551228.1154243706,0.0,Scale,1.53850096307487,both_risks
9164861.427153768,6887329.991878278,1.0,Contract,18.08385221879941,healthy
1525448.4689015995,1250377.452033062,0.0,"Contract,Scale",4.100760479345122,sales_risk
6453094.796087082,5376404.560176402,0.0,"Ads,Scale",4.510162674385193,healthy
16323512.103851084,13664764.3850077,1.0,"Industrial,Contract",1.480421753512036,healthy
2147748.2203744305,2228335.2027505073,0.0,"Industrial,Contract",6.483942446874421,both_risks
9177775.233483821,7730476.133448481,0.0,"Industrial,Contract",3.652753419210966,healthy
30707519.435202975,21321472.115303565,1.0,Contract,4.929300019120691,healthy
12756002.129089814,8663336.731087836,1.0,"Contract,Scale",10.006186961969357,healthy
14981425.634985022,15931586.067322068,1.0,Industrial,6.417266885848063,cost_risk
22004123.241212197,18556617.87760944,0.0,Ads,0.7388589680442202,healthy
50272213.76170876,46465787.339245446,1.0,Ads,6.662613545892718,sales_risk
10338890.10894891,9393440.634285398,1.0,Ads,12.386538000594399,healthy
30386253.03886648,30373490.06196927,1.0,Industrial,3.7831960637883153,both_risks
8333805.759209089,7020694.821617941,0.0,Scale,1.3647052397207622,healthy
5146519.323176602,3279057.4264679975,1.0,Ads,6.953200039559251,healthy
12174095.950752,8554530.25012511,1.0,Industrial,1.195284046935067,healthy
4848534.983418997,4054480.0492690625,0.0,"Industrial,Ads",6.6365726978757476,healthy
5009620.813323938,3930296.8326638318,0.0,Contract,0.84459345439232,healthy
4839197.066395152,4294249.081544981,0.0,"Contract,Scale",5.08364837819641,healthy
894997.142457369,710000.4038378039,1.0,"Ads,Contract",11.032564880544344,sales_risk
9874828.264471073,10335051.647177482,0.0,"Scale,Ads",0.15574517393361095,cost_risk
2510932.212112967,2007872.3351312224,1.0,"Industrial,Contract",7.5344081341073235,healthy
7982249.95817558,7123914.247712227,0.0,Contract,10.116614494440519,healthy
37881324.08833844,26281099.8192773,1.0,"Industrial,Contract",4.0291292351734125,sales_risk
5277693.256025999,5234845.679909953,0.0,Ads,6.455899409866439,cost_risk
5167971.664491554,3441296.653923413,0.0,"Scale,Contract",4.709895708173647,healthy
34757619.93012509,29258082.002304167,1.0,Industrial,8.328515999303768,sales_risk
15345084.695861408,12310972.945058344,1.0,Scale,11.440027162727832,healthy
23594568.55073011,16932366.102669057,0.0,Industrial,11.306244161658011,healthy
6228890.3816317655,4782928.426453384,1.0,Industrial,9.156018778371507,healthy
18775872.255251076,17224169.75944481,1.0,Ads,3.2807141293660527,cost_risk
4474169.969642889,3443717.9985864107,1.0,Scale,4.783050541261252,healthy
4519890.267347001,3970453.285264252,0.0,Scale,9.886607084386103,healthy
16130852.139820544,13206433.305114776,1.0,Scale,6.629418228080793,healthy
4884741.029900103,4475324.328110952,1.0,Ads,3.453623417754593,healthy
19136700.53416158,14744449.994039353,1.0,Contract,2.2589630988821385,healthy
97142014.75767048,89984047.60149938,0.0,"Contract,Industrial",6.016792802719268,both_risks
1645981.5695672263,1303082.1299282485,0.0,Ads,7.91514488223444,sales_risk
4188258.7129217675,2927166.7667510994,1.0,Ads,9.555343624203903,healthy
27238614.679571893,24188793.658609226,1.0,"Industrial,Contract",7.558030787962332,healthy
7686082.858599877,7427286.594407279,0.0,Industrial,4.861358078526837,cost_risk
28377009.475909177,21958043.75324158,1.0,Scale,3.526101295801751,sales_risk
3236282.0934652924,2724996.825922915,0.0,"Ads,Contract",3.015939336774901,healthy
12376922.127698462,9702511.116362002,1.0,"Scale,Industrial",4.390872699719424,healthy
7644092.476409005,7108789.866263762,0.0,Ads,3.0516897769079216,healthy
10225250.13703211,7824353.521276296,1.0,Ads,8.166884789476343,healthy
12374098.546709271,9365686.94201502,1.0,Ads,3.265253768737403,healthy
2623431.2002315223,1975620.8972552286,0.0,"Ads,Scale",6.019208329793928,healthy
3035426.545091634,2664137.0956392204,0.0,Ads,2.019610327153086,healthy
36007723.20542599,29641803.25727753,1.0,Contract,5.4900124494508695,sales_risk
11913868.641847085,-11062742.3631859,1.0,"Contract,Industrial",3.293526483766299,cost_risk
9883194.35697958,8409990.795721108,1.0,Industrial,1.4096365737148973,healthy
8502963.241767906,7339074.341921879,1.0,"Contract,Scale",7.120940467816224,healthy
12692762.393526291,9572580.53604679,1.0,Industrial,5.1098799098937056,healthy
2797014.7917231615,2330661.0455875876,0.0,"Industrial,Contract",3.3419261896397394,healthy
3272198.5882864683,2253757.9967538393,1.0,Scale,3.364317029655674,healthy
32753102.461460724,27781548.5465264,1.0,Industrial,9.065126039392608,healthy
10337361.51495083,7755536.4236759655,1.0,Ads,1.9094829768099864,healthy
20796616.718024187,18268735.095529124,1.0,Ads,8.340350011871333,healthy
4849256.698264867,4609500.975718005,0.0,"Scale,Ads",8.609712257867244,cost_risk
35205940.141797476,31728387.78146731,1.0,Contract,7.985501016403605,sales_risk
12550592.145276144,11573218.343073282,1.0,Scale,3.6165320881200644,healthy
14378517.627728974,11168005.736581584,0.0,Ads,4.382288591059336,healthy
15382319.71998692,16226631.693923285,0.0,"Ads,Scale",1.274481349359946,cost_risk
4004746.1797271864,3914017.6217620545,1.0,Industrial,5.44117035198087,cost_risk
1375432.9834943672,1257935.4537273606,0.0,Industrial,0.4134967425653956,sales_risk
3033408.1062125615,2268423.2743735444,0.0,Contract,5.772736971509347,sales_risk
45377314.49425912,40698054.92144182,1.0,Ads,5.469708367458055,sales_risk
32628084.732346497,23536201.911445633,1.0,Ads,6.387107471855081,sales_risk
6281244.150892716,5903825.892945789,1.0,"Ads,Contract",8.108114612179717,cost_risk
6571966.580311979,5431547.264828242,0.0,Industrial,9.358810512263256,healthy
25055548.9826089,19159215.551764093,1.0,Ads,6.8509544546767405,healthy
7508829.308586503,7353457.293694654,0.0,Industrial,10.042744931639813,cost_risk
2423540.7044824334,2416335.431898044,0.0,Ads,7.652037340124547,cost_risk
31501417.17908779,29791348.491145425,1.0,"Contract,Industrial",8.13610005685934,cost_risk
14320155.493377915,11919249.727393772,1.0,Ads,2.184059115460447,healthy
717594.758144701,512182.4513516612,0.0,Industrial,9.727803675154007,sales_risk
6496732.35904746,6340049.22597164,1.0,"Industrial,Scale",9.41678268356047,cost_risk
10259043.86977826,8684531.316287093,1.0,Ads,8.132082818694748,healthy
14378532.11853152,12216443.464307552,1.0,Ads,5.162220479227956,healthy
10346420.674491627,6547456.591380437,0.0,"Industrial,Contract",4.886469174386644,healthy
4705573.441548589,3302766.3237833125,1.0,Contract,1.4298250315486232,healthy
7914768.130881277,5078637.448415908,0.0,Industrial,2.5079936803481386,healthy
11932786.265080197,10339414.544407686,1.0,"Contract,Industrial",0.26832761381925097,healthy
6797027.310789711,5548148.974121688,1.0,Ads,9.853588632192466,healthy
6126286.176151547,4127111.447068593,0.0,"Ads,Scale",9.4234438905557,healthy
31080275.22086866,25704282.104030427,1.0,Industrial,7.160098437126463,healthy
3448301.382042211,2505086.9890341773,0.0,Industrial,1.7665255606211105,healthy
6265296.85888272,4039067.5104747335,0.0,"Industrial,Contract",1.4749053269734955,healthy
1165581.878659979,1037083.8021734703,0.0,Ads,3.7907772063747505,sales_risk
15263424.417336822,15981178.712039428,0.0,Ads,6.601375267961736,cost_risk
20343346.434328604,15760180.122733798,1.0,Ads,4.8801800427377575,healthy
15378589.880980514,14512883.887936333,0.0,Industrial,4.849161264780406,cost_risk
22245993.60042996,19065213.11601838,0.0,Industrial,9.803245911529299,healthy
13807282.72697346,10873367.165003682,1.0,Industrial,4.611933974774305,healthy
12515962.541952256,13422370.065552214,1.0,Ads,7.454139123945595,cost_risk
14273954.444242911,10219038.806868915,0.0,"Industrial,Scale",2.0963666319807275,healthy
6801757.33275841,6633569.335971475,0.0,Ads,9.098820492775074,cost_risk
29160565.63634307,20463416.93911485,1.0,"Scale,Contract",4.6694637702686475,healthy
6270884.272651809,4493829.763838308,1.0,"Industrial,Contract",7.912109083980339,healthy
2058829.2929878747,1901310.20931944,0.0,Contract,3.173472982740381,both_risks
20785862.240990996,15945889.938582724,1.0,Contract,7.152364159473706,healthy
56553790.07549117,46129682.225385085,1.0,Industrial,9.956821962098232,sales_risk
3401914.368558118,2679231.6331268507,1.0,Industrial,6.261522566456124,healthy
8027380.9166241605,7556855.730064048,0.0,Industrial,4.182746673276396,cost_risk
4477421.986353789,3601946.617796721,1.0,Contract,4.59731701421652,healthy
6073324.762314352,5538796.933579781,0.0,Industrial,6.785772679346396,cost_risk
9305284.027560247,6940127.04219657,0.0,Contract,0.6086627072267309,healthy
2566853.909424618,2249180.9547526124,0.0,Industrial,4.036053232104552,healthy
6731754.249054926,5530631.024225205,1.0,"Contract,Industrial",2.575729552698326,healthy
2051399.1153588977,1534831.6500514827,1.0,Contract,1.6400545629768326,healthy
5034236.137294826,3511747.733384686,0.0,"Scale,Ads",3.5066184980213437,healthy
2713989.7591109467,2169669.3240749273,0.0,Contract,3.4832125873402875,healthy
3081537.7521666843,1939927.2753284497,1.0,"Scale,Contract",1.9804972766433215,healthy
1591343.7122484564,1605978.4047558254,0.0,Contract,0.17742669979096376,both_risks
30079504.637215503,28889142.343703218,1.0,Contract,4.861207777089492,cost_risk
14784044.52764108,13491458.17065722,1.0,Scale,15.814053209204804,cost_risk
1306073.6183236693,1324477.8351866028,0.0,"Industrial,Contract",1.530520350994124,both_risks
4892296.611748747,3276542.458350202,0.0,Contract,1.3273600168815343,healthy
4545105.05663125,4405557.604118131,0.0,"Contract,Industrial",7.674217613090471,cost_risk
4452854.333742803,3033879.2418674952,1.0,Ads,2.1455917634272086,healthy
2090923.6987796316,1863631.884862452,1.0,"Contract,Scale",2.752238361345089,healthy
18894581.038303457,15303623.05116324,1.0,"Contract,Scale",2.4814563715334663,healthy
5981226.5553917615,4010678.062936409,0.0,Ads,5.391130202267451,healthy
14191431.280591687,12755886.880676307,0.0,Ads,12.209930119945794,healthy
15048001.733581228,14645887.22758621,0.0,"Ads,Scale",5.962994985065741,cost_risk
35160902.95167389,30470272.90930091,1.0,Contract,1.3948646283462072,sales_risk
1447180.4762367234,1246086.6025251453,1.0,Scale,9.825034003632714,sales_risk
50556501.55217374,45547252.3759404,0.0,Scale,4.8855343568474945,sales_risk
31604664.356767453,22115242.02207163,0.0,Ads,7.070691792899774,sales_risk
15761266.365953581,13671787.744009944,1.0,Ads,25.0,healthy
96359083.96024714,94396166.6224045,1.0,Ads,6.87699999815503,both_risks
10907689.944284318,9513270.075920025,1.0,Industrial,3.2527297790074856,healthy
20205773.04951133,20880178.161008168,1.0,"Contract,Ads",7.609644708152899,cost_risk
4246416.542359085,3774830.4661033535,0.0,Industrial,5.16161125133554,healthy
27628472.408602938,20136865.44219042,1.0,Ads,11.022697874851808,healthy
10509876.265124518,8965552.570806524,1.0,"Scale,Ads",1.68473899660361,healthy
5659238.243365044,5543687.375804454,1.0,Scale,5.7956162613248114,cost_risk
73805159.44573702,62447539.91125024,1.0,Ads,4.0549085064781005,sales_risk
6551472.132811076,5963257.872970167,1.0,Ads,6.270678768239499,healthy
8965203.172395973,8862223.895260833,0.0,Industrial,13.460865744756408,cost_risk
7295148.109954239,5291557.934171221,1.0,Contract,5.32830827502745,healthy
4173765.094492329,4080711.1144712507,1.0,Scale,5.25708901483384,cost_risk
15116121.79129549,14735964.173631001,1.0,"Industrial,Contract",4.787885478437933,cost_risk
18595117.490859684,12808199.1420893,0.0,Industrial,1.597929819613666,healthy
12665249.329707276,10359931.486907126,1.0,"Industrial,Scale",1.9473564089740103,healthy
838543.5010910251,786397.4487217857,0.0,Ads,2.9926589964075085,both_risks
24348894.435999416,21586725.161072668,1.0,"Industrial,Contract",3.4333534339226435,healthy
6260443.894187349,6064490.311399266,1.0,Industrial,19.10669099957561,cost_risk
2633110.982320624,2096739.8527499381,1.0,Ads,0.7226625162623054,healthy
16244760.09505322,11952468.044063613,0.0,Contract,10.804297722926911,healthy
15601060.027216943,13381546.960720558,1.0,"Ads,Scale",5.348397659369621,healthy
3131198.1904634926,2029812.1960629355,1.0,Scale,1.1319575992050943,healthy
105311762.8489494,93723148.7542743,1.0,Contract,2.903884792497477,sales_risk
2650803.7414163547,2759644.0816294225,1.0,Scale,2.1859267267223084,cost_risk
1570645.588414464,1404474.646043497,0.0,Ads,9.884433799076472,sales_risk
2801956.7593725557,2228537.514723249,0.0,Scale,9.073975132722179,healthy
36792325.78312934,28268335.108296145,0.0,Scale,4.035901094638873,sales_risk
7453119.848428166,6350052.017872238,1.0,Industrial,8.945995419782356,healthy
6125330.7451897245,6064494.474765226,0.0,Ads,3.862555296028127,cost_risk
8350586.040595463,8315572.664020345,1.0,Ads,9.100665930136243,cost_risk
4893342.139389603,4132733.0558772273,0.0,"Scale,Industrial",2.3608910037687174,healthy
4455886.489674629,3645328.874778547,1.0,Contract,6.007144881792163,healthy
4679886.9246134795,4329615.835979932,0.0,"Industrial,Ads",2.4600306047377476,cost_risk
18037356.44738072,19301133.548520442,1.0,Ads,12.827771671106042,cost_risk
24654152.080592476,19046538.19719144,1.0,"Contract,Ads",11.899394829940404,healthy
3093790.0108553013,2367043.0314918626,0.0,"Industrial,Contract",2.7273924167714148,healthy
11287742.627770193,8854283.310064947,0.0,Ads,4.5731211682817445,healthy
19544554.067146942,16681628.27978136,0.0,Ads,12.187790433247537,healthy
3012401.17268101,2565949.824265677,0.0,"Industrial,Contract",2.89181859297946,healthy
5375883.056056293,5420970.350100656,0.0,Scale,7.49397433781816,cost_risk
3146923.4081215314,2912543.776537506,0.0,"Ads,Scale",4.006074499438757,cost_risk
2443571.989723582,1614758.031927272,1.0,"Ads,Scale",3.3960499601213283,healthy
9838982.594254699,7080021.419319301,1.0,Industrial,4.171303075963314,healthy
4256116.269831752,3347640.661990083,0.0,Industrial,7.945744579213761,healthy
16703504.223952154,14512931.483918851,1.0,"Scale,Ads",9.355762611293246,healthy
8628472.748780264,7563577.333038069,1.0,Industrial,13.71070682105982,healthy
13424975.255677542,10194959.876138514,0.0,Contract,7.669296188720059,healthy
6633990.638709458,5635464.196229257,0.0,"Contract,Industrial",1.7072257014733268,healthy
4709077.643504604,3359071.373052794,0.0,Industrial,2.0584834073204252,healthy
8115828.632188217,6125662.511968808,0.0,Industrial,20.947190934410965,healthy
8841825.074741947,7324308.165848078,0.0,Scale,14.575138075173598,healthy
4386948.783543743,4273502.136129432,0.0,Industrial,6.249555544140847,both_risks
13613812.429235615,9397861.960288689,0.0,Contract,6.782364809721119,healthy
18747947.842231672,17248060.989321567,1.0,"Ads,Scale",8.393410472878706,healthy
10407973.003311325,8292681.5731710745,1.0,Contract,5.496461859188511,healthy
49302773.177784234,36295388.972572714,1.0,Contract,20.508601201203664,sales_risk
4721612.782231176,4432941.246009554,0.0,Industrial,7.878331022389069,cost_risk
14955600.726821734,12225212.086139858,0.0,Ads,2.7142502649341242,healthy
5904735.413845441,5261217.804297357,0.0,Ads,0.34193567745139736,healthy
11235955.46585379,9099095.801303592,1.0,Contract,4.52644922223536,healthy
3874978.4536971864,3206075.467942846,1.0,Ads,5.967599594584308,healthy
27102143.464815937,22103939.760430053,1.0,Ads,5.737384252542417,healthy
10596357.900600238,9962677.268951511,1.0,Ads,3.200551304619264,healthy
29275000.940462675,22238038.935039762,1.0,Contract,1.132012466996866,sales_risk
2505263.3661849136,2555249.050106772,0.0,Scale,5.9480499794212625,cost_risk
5424763.113912765,4987168.80285141,0.0,Industrial,4.03383449359967,cost_risk
3639781.461357365,3494304.678550145,0.0,"Scale,Contract",6.970206486481657,cost_risk
5220261.919286145,4652250.173537359,0.0,"Industrial,Contract",3.0799196006993057,healthy
4445443.970475131,3979294.6255285237,1.0,Contract,9.783743177089116,healthy
7877010.925621191,7605758.3510944545,0.0,"Ads,Scale",3.715849950603601,cost_risk
8734164.578448173,8421739.043609722,1.0,"Contract,Scale",7.945924200703324,cost_risk
8529276.82173492,7482337.085436961,0.0,Ads,9.194944314472203,healthy
5098597.839633153,4482836.436190076,0.0,Contract,12.110557230246085,healthy
10717893.344123561,10499839.928632053,1.0,Industrial,3.1298556133008972,cost_risk
21329795.341410086,22766509.492516458,1.0,"Industrial,Contract",3.6546453290235057,cost_risk
3604611.06062478,3645317.8572091777,1.0,"Ads,Industrial",7.917361851233484,cost_risk
8894010.450003803,7475289.4570929175,1.0,Ads,12.90268229551577,healthy
8251694.33219608,7732016.082373373,1.0,Industrial,2.9216370170405703,cost_risk
14194351.109350672,11384582.967424473,0.0,Ads,4.397679075130653,healthy
8336394.904437599,8088363.849238911,1.0,Contract,2.3121106142558956,cost_risk
8747995.937658923,7923387.357280337,1.0,Industrial,7.343336077981607,healthy
3298255.3927284,2727901.171624314,0.0,"Ads,Scale",5.044476819270139,healthy
9081081.387807187,8495040.014343731,1.0,"Contract,Scale",1.4799537734767285,cost_risk
3534617.0154747744,3256327.7528756396,1.0,Ads,4.731600700567046,healthy
14882614.062214877,11939316.701507289,1.0,Contract,0.7206294776803062,healthy
8014645.117183681,6778512.952536854,1.0,Ads,8.308963068977183,healthy
383084738.78681046,6902602.0425428515,1.0,"Ads,Scale",1.0616346798083898,healthy
3644791.1820538347,3795309.788077893,1.0,Industrial,5.504889081499961,cost_risk
19850853.86302193,15582413.968790641,1.0,"Scale,Ads",2.3372223326646826,healthy
17757418.121742636,15421294.843343465,1.0,Industrial,3.081957002715243,healthy
21031332.952472325,18442841.84598296,1.0,Scale,4.866863380186996,healthy
82423906.55646968,81295895.8965081,1.0,Industrial,1.4565635388314426,both_risks
8431460.942132542,6325902.452516781,1.0,Industrial,12.33033696977841,healthy
29603490.534591943,28411606.86052812,1.0,Scale,4.847449711820797,both_risks
7851162.701065381,7651839.761464508,1.0,Contract,7.247506259437362,cost_risk
13178368.532988613,11440235.440218892,1.0,Industrial,16.183831853326303,healthy
12804886.676215257,10756062.370126858,1.0,Scale,10.718131613040358,healthy
11577704.298615634,10818578.628539015,1.0,Industrial,2.1712590464001416,cost_risk
17162823.506940853,12082738.018418366,1.0,Contract,5.874070668553341,healthy
6557130.357176908,5530998.112426205,1.0,Ads,3.015824881887453,healthy
9257386.039132062,9348035.00248989,1.0,Industrial,7.694151393080376,cost_risk
15177272.663319416,13090567.9056374,1.0,Ads,0.9395740910844799,healthy
51026410.01260971,33505980.23660049,1.0,Ads,8.016781741735809,sales_risk
3827197.3505038153,3014074.5928991125,1.0,Ads,4.402538671532363,healthy
1459883.768088458,1237988.6319494988,0.0,Industrial,1.034423189769703,sales_risk
5476159.044306539,4318808.488166329,1.0,"Contract,Industrial",9.03121952031365,healthy
9722257.795793068,6224029.010536947,0.0,"Industrial,Contract",2.703443161938109,healthy
10585303.05979602,7612411.899821647,0.0,"Ads,Industrial",4.135581993794568,healthy
9744540.971250692,9421585.125236198,1.0,Scale,7.856689229245621,cost_risk
28999528.310949057,22845965.28987342,1.0,"Industrial,Scale",4.187035078035261,healthy
23583309.44258844,14920396.497764891,1.0,"Industrial,Scale",7.725991624423674,healthy
8458920.263833234,8236548.326329059,1.0,Industrial,5.2707287492609955,cost_risk
5556355.008580254,4216618.1375740105,0.0,Ads,3.656858275998212,healthy
6286978.317760573,5296816.104703708,0.0,"Industrial,Ads",8.321959540885786,healthy
6222584.21460003,4230656.207786132,0.0,Contract,5.42902385558821,healthy
7091450.958582649,6532597.426867584,1.0,Contract,3.5127919659799085,healthy
1843818.8457796203,1476858.9475104068,0.0,Ads,13.812039525976957,sales_risk
5603821.06667908,4359983.602131638,0.0,Ads,1.3973867861866534,healthy
5810167.620197112,4057099.1257459326,1.0,Contract,3.3818735774190873,healthy
7356682.297666833,4745245.004521936,1.0,Contract,3.7061490950744824,healthy
6890815.4424759885,6732223.4447302595,0.0,"Scale,Contract",17.53977942572269,cost_risk
17400458.97355758,12050402.682920493,1.0,Contract,4.497824374488641,healthy
5220254.137596321,3955676.8107745545,1.0,Scale,2.9315311901968846,healthy
5731124.392906953,4659233.199544925,0.0,Contract,5.288679409856959,healthy
15278218.653954154,14374380.698104495,1.0,Ads,1.8502954850532567,cost_risk
7022888.46240462,5250832.753522906,1.0,Ads,3.1889870272352314,healthy
11033589.035633279,10357961.754707372,1.0,Scale,0.9496706346332131,cost_risk
17354036.669397112,17795358.30591881,1.0,Industrial,12.009543971646266,cost_risk
13550980.913066816,11635136.99121596,1.0,Industrial,8.426591104356003,healthy
11411845.44455081,8591046.55103208,0.0,Industrial,3.791872333015614,healthy
7301266.924226021,7278321.1285436265,0.0,Scale,4.475634730413634,cost_risk
17573349.915587526,13056470.585263731,1.0,"Industrial,Contract",10.836204052013247,healthy
10591368.567273434,8756059.335170988,1.0,"Industrial,Contract",10.13006664385577,healthy
5363606.97027428,5007332.207539641,0.0,"Ads,Scale",9.896851841800459,cost_risk
7642159.765413781,6764540.510064017,1.0,Industrial,9.383790381301905,healthy
2628359.966281366,1878369.3218530987,0.0,"Industrial,Contract",6.903357952635407,healthy
3397138.528103593,3440657.7491949257,0.0,Scale,7.701062161625664,cost_risk
1351995.1701730655,1227198.9593006254,0.0,Industrial,2.941294401978406,both_risks
4502163.506354212,4557631.649775945,0.0,"Ads,Scale",6.75064421520076,cost_risk
33785606.33343239,29966913.10918803,1.0,Ads,9.005526615217615,healthy
5093680.236658244,5067719.027093763,1.0,Contract,5.762395726352145,cost_risk
19531533.443497173,14923118.46248444,0.0,Ads,3.8580940445721943,healthy
8855507.552844767,7600275.447745248,1.0,Contract,9.700700695996728,healthy
4410290.758615456,3698451.437413513,0.0,Ads,13.72362375374773,healthy
33878105.73338416,31907044.601985134,1.0,Contract,14.83392489134875,both_risks
15905982.409149576,11417300.67198515,0.0,"Ads,Scale",18.113254743717572,healthy
1541396.5817856858,1423469.292627854,1.0,"Industrial,Contract",1.6024806515607013,sales_risk
25176012.096071627,19961323.06103345,0.0,"Ads,Scale",12.615977869031283,sales_risk
3033441.995218159,2368701.6851465367,0.0,Scale,6.296960988383075,healthy
7437802.895241365,6789854.824300552,1.0,"Ads,Industrial",4.041387293173375,healthy
17332838.19304809,11436246.699881565,0.0,Contract,4.935528188041606,healthy
6583959.2982445555,5862783.61320161,1.0,"Ads,Contract",4.488002176357233,healthy
27205890.099998686,20346729.423044987,1.0,"Contract,Industrial",4.741173684567192,healthy
19024986.659696355,17077308.941797283,1.0,Industrial,12.253241343071956,healthy
1836045.054800234,1602312.7649289593,0.0,Industrial,6.421694215639853,sales_risk
5540336.758263642,6070582.170795834,0.0,Contract,10.281078795222513,cost_risk
11781884.91584283,6965462.979165767,1.0,Industrial,8.612879575065048,healthy
5000264.248665409,3793622.6657899884,0.0,Ads,3.2162299472407696,healthy
7157873.472808254,7257090.238869816,0.0,"Contract,Industrial",3.6015413284001196,cost_risk
19772149.436944567,13742636.384867407,1.0,Contract,3.6689048037276653,healthy
12197984.689627912,10344181.67316505,1.0,Industrial,5.426577341895586,healthy
3539092.742541754,2861161.5001680506,0.0,Contract,2.3899285161093693,healthy
10581379.562803596,7928795.294918988,1.0,Ads,1.7493614429514925,healthy
4817329.875975725,4971338.642385649,1.0,Contract,10.364953325194238,cost_risk
2636090.854381055,2198243.8098688596,0.0,Scale,0.7326491242208077,healthy
2870348.9048987194,2211514.9204697576,1.0,Contract,2.444850146176237,healthy
11839542.38906396,12118670.790689979,1.0,"Industrial,Contract",3.002231591789987,cost_risk
8639768.046987977,6700584.767927467,1.0,Industrial,7.3179815587398,healthy
8934509.499679845,7554572.916130893,0.0,Ads,18.077945574095448,healthy
2824356.0569236386,2352060.838110681,0.0,"Scale,Ads",8.089086649288964,healthy
7393194.331057299,7561722.510568566,0.0,"Industrial,Contract",2.4342877034492187,cost_risk
3149746.061800848,2485728.1596471965,0.0,"Ads,Industrial",6.27328276840848,healthy
3518714.0933213346,2372727.66030291,1.0,Contract,11.95875828000903,healthy
7533522.1785518,6875635.771073609,0.0,Industrial,7.530888730366262,healthy
2227988.121784292,1613541.6761185103,0.0,"Industrial,Scale",1.0253937030351397,healthy
17352849.138783716,13667434.100311533,1.0,Ads,4.419955223598855,healthy
106844263.54241286,96855526.65500677,1.0,Ads,6.957606832526229,sales_risk
14059701.997857995,11618248.125805158,1.0,"Contract,Scale",8.955972794066192,healthy
3131732.303464186,2189912.197922242,1.0,Ads,3.6117514800800823,healthy
6775437.415697549,5701218.223544161,0.0,Ads,7.679320471371017,healthy
1875830.5070602377,1357356.3089322606,1.0,"Contract,Industrial",10.401932359429615,healthy
6091370.2763780905,5453527.305581613,1.0,Industrial,5.208622097681594,healthy
14758266.66425273,10452296.436331864,1.0,Industrial,1.5948205835223126,healthy
16020581.001167603,13180664.364365658,0.0,Contract,0.9711073044715866,healthy
3166879.4049021504,3470650.6087900577,0.0,Ads,6.827048322173949,cost_risk
11984751.045803202,8515060.557170102,0.0,Ads,1.5995973552240814,healthy
28244463.809464674,24507356.278303638,1.0,"Ads,Scale",8.131404251629936,sales_risk
51397062.81415244,51083330.827287056,1.0,"Ads,Scale",18.770672244393268,both_risks
4409205.6977041615,4191122.797672116,1.0,Ads,5.928678262479769,cost_risk
3744504.992354798,3470634.321939199,0.0,"Ads,Industrial",2.8170476359529713,cost_risk
9383054.138641948,7715634.4718800755,0.0,Industrial,5.855376985711607,healthy
475399.0461219754,469193.08025933575,0.0,Ads,6.370475671991567,both_risks
5225003.359853551,4168723.6425653156,1.0,Ads,2.4471208426680864,healthy
6776864.09926503,6974782.391624272,1.0,Contract,9.198821384919187,cost_risk
5613348.682182236,4950909.638268699,0.0,Contract,9.790007470888579,healthy
1823241.961292059,1287730.8702731878,0.0,"Industrial,Contract",2.9575383659804197,healthy
6951367.023794256,7455086.9210796375,0.0,Ads,24.554340182055704,cost_risk
4087284.5362094566,3275915.845238448,0.0,Industrial,0.3854332519281448,healthy
18953194.651146565,17664188.48604229,1.0,Ads,5.903990718952334,healthy
3546689.469563637,3256764.04933198,1.0,Ads,6.221659471117773,cost_risk
6700246.469912959,6553668.705549905,0.0,Industrial,5.543808913651276,cost_risk
7039530.776739303,5244804.113494736,1.0,Scale,3.338401882359289,healthy
15674902.452290291,12216067.11611397,0.0,"Industrial,Contract",5.127334539172229,healthy
696689.7018856761,604497.5123517043,0.0,Industrial,17.457114523026455,sales_risk
6320918.3505873345,7070745.512367575,1.0,Industrial,3.4287483400872754,cost_risk
18993647.692842685,15722034.526575916,1.0,Industrial,4.910536877153551,healthy
6189171.32659074,5323326.450630747,1.0,Ads,11.697973897406257,healthy
1930062.673388394,1640817.698665925,0.0,Scale,9.969116821585665,sales_risk
12318320.362762684,11896306.483885983,1.0,Industrial,0.47946445639247415,cost_risk
12443225.62456561,13166028.167258276,1.0,Ads,1.6483553144459486,cost_risk
6780155.590080156,5420097.387703141,0.0,Industrial,10.365579985820448,healthy
2786242.0007603266,2126480.719373239,1.0,"Industrial,Scale",4.274017703302732,healthy
4236825.54454134,3338774.739691394,0.0,Ads,7.524787457231177,healthy
6493053.629628638,4981802.553315232,1.0,"Industrial,Scale",1.4866736304062806,healthy
3702308.6564774457,3395761.5090695065,0.0,"Industrial,Contract",9.01750655713867,cost_risk
1302533.3431729788,1187197.2057654592,0.0,"Industrial,Scale",5.4403260089417325,sales_risk
4117320.7280964972,3729267.275872799,0.0,Industrial,9.239844082115317,healthy
8354042.116704987,8629156.91958729,1.0,"Industrial,Contract",3.692167569710765,cost_risk
5351780.850353351,4426754.504098677,1.0,Industrial,1.5802107680289077,healthy
8239310.002852708,7808546.476210414,1.0,Ads,2.725532504141791,cost_risk
9661485.559215365,8852876.228549974,0.0,Ads,4.234466096304446,healthy
21781586.183974303,17075875.985759065,1.0,Industrial,1.0551531463438693,healthy
80504538.80350271,64845499.28853674,1.0,Industrial,5.159096553920264,sales_risk
18472225.54652774,14812490.079534043,1.0,Ads,4.751342963192637,healthy
2181823.2827783017,1859751.0856998973,0.0,Ads,0.7065167041773417,sales_risk
623469.4546075126,605121.0088618337,0.0,Industrial,2.198406172175935,both_risks
8085135.670165706,8220689.625977574,0.0,"Ads,Scale",12.289921585109353,cost_risk
9543667.802983114,8549463.17481159,1.0,Contract,9.996434421681736,healthy
2780459.3175666593,2827494.9830392986,1.0,Scale,13.8939258923448,cost_risk
11664168.009133555,10190298.312297147,0.0,"Industrial,Scale",1.9050621858750927,healthy
4126996.2997189523,3774665.5357420775,0.0,Industrial,3.391332314819022,cost_risk
13291957.788995108,11385660.905301804,0.0,Ads,3.5553159010082718,healthy
6417131.872601346,6735705.891369484,0.0,Scale,4.0423115979521365,cost_risk
13222924.565455416,13901619.61451237,1.0,Industrial,4.880415338209881,cost_risk
1554718.1076290861,1238091.8015369012,0.0,Ads,3.3581671875229917,sales_risk
5731759.587596758,5589822.294276352,0.0,Industrial,1.1492891505909448,cost_risk
7659091.974693246,6775565.811134916,0.0,Contract,1.8727678825457912,healthy
2137452.537568199,1702761.984673596,1.0,"Industrial,Contract",2.945219618949077,healthy
58371496.687087476,54750689.720161535,1.0,Ads,8.841246682563746,both_risks
5174361.914173621,4415501.355054009,1.0,Industrial,12.884440489621387,healthy
35675392.70118825,29287558.26370845,1.0,Ads,6.257493973256423,sales_risk
4572898.966350549,3891067.509006388,1.0,"Industrial,Scale",0.947464172352448,healthy
7060517.058383146,5849157.182464293,1.0,Contract,2.1286636242411845,healthy
29031787.59787403,20230195.057592433,0.0,Industrial,6.135859486767211,healthy
12040985.480410283,9131573.239019128,1.0,Ads,1.2853240896551326,healthy
10767623.335737191,8647813.24014407,1.0,"Ads,Scale",4.632457180711634,healthy
11593364.287040375,10856271.84281666,0.0,Ads,2.3711399391586885,cost_risk
2266714.816348129,2391277.293305731,0.0,Industrial,9.49947476266429,cost_risk
6019089.297534975,5244946.502299125,0.0,"Ads,Contract",4.623825234578734,healthy
3414543.4283969067,2456373.5484994324,0.0,"Ads,Scale",2.158826070731364,healthy
10825485.19236878,8110181.58214771,0.0,Industrial,13.375878132341185,healthy
5157702.9292798005,4690203.307571201,0.0,Ads,9.489544058406732,healthy
8503095.898499915,6817500.500689581,1.0,"Ads,Contract",2.1560660215509406,healthy
8225152.839384577,6299171.058932849,1.0,"Industrial,Ads",2.8459042946302695,healthy
8568725.945857836,6906838.1721927505,1.0,Industrial,1.4710500666912965,healthy
8582646.536920497,7465769.036302936,0.0,Contract,10.675048885663287,healthy
4627937.644232273,4007928.994830672,1.0,"Ads,Scale",1.3841875056625956,healthy
3097163.3570848606,2317164.0200946894,0.0,Ads,3.820320784521534,healthy
4572833.948267126,3893528.941609237,0.0,Contract,9.783761226540571,healthy
25946267.95949143,25319740.7939968,1.0,"Scale,Industrial",8.697143639239858,cost_risk
12918381.873225074,11850066.4735149,1.0,Industrial,1.4346538143115577,cost_risk
15981707.750633445,15232342.541153673,0.0,Scale,3.52824733962401,cost_risk
35320281.946709745,31115210.71660381,1.0,"Contract,Scale",8.503482878052827,sales_risk
2732067.118289228,2261936.9110978167,0.0,Industrial,1.852180746702662,sales_risk
14797257.55878134,15225352.097380642,1.0,Ads,3.692100289891447,cost_risk
3032584.835364767,2479080.316360096,0.0,Industrial,8.917938100233899,healthy
6360817.09507816,6400489.809752784,0.0,Industrial,2.945391094830536,cost_risk
14421631.757850287,10857327.594670434,0.0,Industrial,23.04514824485605,healthy
44649124.95116126,45486692.14087255,1.0,"Industrial,Contract",6.601666130966324,both_risks
4064637.241606652,2860058.640270413,0.0,"Ads,Contract",6.702962015873139,healthy
8082434.999377341,7862971.831157991,1.0,Ads,5.851622449888019,cost_risk
28239628.176692467,21804248.64242121,1.0,Ads,5.498280192132563,healthy
2003070.639016874,1630900.9460253415,1.0,"Scale,Industrial",6.297080505808388,healthy
12763663.651668452,9887622.418576937,1.0,"Ads,Scale",0.28651861636493187,healthy
6528722.519696889,4980779.925266273,1.0,Industrial,1.6541474302623593,healthy
3679564.7493977556,2196774.863790128,0.0,Scale,6.949640741461501,healthy
10289462.00412474,10262309.37709535,0.0,Scale,0.15509638407813253,cost_risk
16109598.973826444,12992805.517367681,1.0,"Industrial,Contract",7.994566276380058,healthy
3569372.0348233506,2479803.7752720597,1.0,"Ads,Scale",5.222788328612731,healthy
12993889.699913276,12894943.791563028,0.0,"Ads,Scale",8.843601556606329,cost_risk
10568305.043759977,10892294.792128429,0.0,Contract,5.411379269433903,cost_risk
2566841.4519441454,2148560.321910067,0.0,Ads,12.152141695428583,healthy
42009774.14621644,38009525.774494305,1.0,"Industrial,Ads",3.001082162720026,sales_risk
26427155.842066824,18614761.660519414,1.0,Contract,7.4995645908178545,healthy
3760540.4890036024,3486274.389506766,0.0,Contract,4.409214157947082,cost_risk
4942437.147824434,3619246.525449589,1.0,"Ads,Industrial",10.187529399736706,healthy
19206901.657733925,19834266.181695193,1.0,Industrial,3.0150645113419654,cost_risk
5414282.6369137205,4639269.071061542,0.0,"Scale,Ads",2.2072217454146235,healthy
1411666.3806308424,1337203.1038643215,0.0,Industrial,10.212446496160245,both_risks
25365032.55391335,18577832.6053753,1.0,Industrial,2.3149133075882817,healthy
8964486.839658875,6935374.224853021,0.0,Industrial,5.32111644848657,healthy
59830504.105694056,54965630.66714439,1.0,Scale,8.371128687858873,sales_risk
12704503.859523602,9291565.636399733,1.0,"Contract,Industrial",3.064275808725567,healthy
10756195.68581843,9809276.527473444,1.0,"Ads,Scale",2.811509652429104,healthy
157431418.1993227,117892691.64852558,1.0,Ads,10.05976236894018,sales_risk
7482912.561551643,6611810.816221726,1.0,Industrial,0.5316997669841304,healthy
3430389.038876017,2505081.7416324923,0.0,"Contract,Industrial",1.1235242548976887,healthy
11175092.541735344,10878147.296333415,1.0,Contract,3.9310320196489714,cost_risk
27667110.054235917,18579328.956422836,1.0,Industrial,11.358941179724365,healthy
2771446.2555143307,2341893.0838932656,0.0,Industrial,4.737188666764285,healthy
3583085.614684752,3186443.0473513207,0.0,"Contract,Scale",4.085345541656318,healthy
13933089.35652654,9463249.7570094,0.0,Scale,5.677479098403868,healthy
363180.27245867666,265096.81292115664,0.0,Ads,3.235286401856335,sales_risk
2979664.7198002227,2508197.429555449,0.0,"Ads,Scale",3.644914574825905,healthy
19687295.406435717,14206360.169560395,1.0,"Ads,Scale",4.737898711265656,healthy
4941898.286365439,4048225.6055390765,1.0,Scale,4.542320068250253,healthy
1747185.6778693162,1119929.4398224666,0.0,"Ads,Scale",4.308392890304418,sales_risk
60950136.804729566,53057884.991803415,0.0,"Contract,Industrial",6.030116919495821,sales_risk
2168323.492301324,1611797.1232314827,0.0,Industrial,2.4762489547850204,healthy
5265225.080875232,3742411.4235688876,0.0,"Industrial,Contract",2.894537606552622,healthy
6121198.696247501,4421781.292071242,0.0,Ads,2.0452910747957196,healthy
9656524.839281866,7837616.271285741,1.0,Ads,12.971437294017516,healthy
6140979.395656277,4955935.906231071,1.0,Industrial,7.64938303366174,healthy
8195001.2396808835,7397920.414756417,0.0,Contract,4.611823872170825,healthy
9411986.354930144,9542718.103826838,1.0,Contract,52.63318939046257,cost_risk
8148330.122131245,7765203.295000014,1.0,Industrial,6.212184471135871,cost_risk
9754837.177277608,8206049.020819234,1.0,Industrial,6.429687737629069,healthy
823298.6653470836,771195.9325450998,0.0,Scale,7.672451632654813,both_risks
13812225.969974244,10142131.023660198,1.0,Contract,1.0753222793311137,healthy
2181543.696914837,1793870.8337344239,1.0,Ads,3.335844464291074,healthy
1018004.0849147389,626785.3697486578,0.0,Contract,4.597139455465356,sales_risk
35369057.23616316,30839433.204917304,0.0,Industrial,2.0236302580855163,sales_risk
2457081.252607623,1958708.6023589543,1.0,Contract,12.960157533498212,healthy
10637213.366748914,10531171.397280596,0.0,Ads,10.387402780567006,cost_risk
4103859.83890163,3216262.2121390505,1.0,Scale,1.234067831459223,healthy
4508764.756845785,3539500.119780047,1.0,Contract,1.5861572315695593,healthy
14413196.50121886,16091690.626113195,1.0,"Industrial,Contract",1.5011282375229364,cost_risk
3115110.056778132,2881852.3912606793,0.0,Industrial,12.216288002502383,cost_risk
12899179.664556215,9941408.097810265,1.0,Ads,3.4002703932176876,healthy
13003023.642200302,9272915.093995916,0.0,Contract,24.761324814656852,healthy
28472461.47119578,19819103.18360868,1.0,"Contract,Scale",11.392231785540147,sales_risk
6348866.046086579,6229335.487929854,1.0,Contract,7.6124375314088635,cost_risk
25306763.58547328,21863353.58614086,1.0,"Ads,Scale",8.589582219723559,healthy
49659223.75559818,44962714.66858962,1.0,Contract,1.6968564132466237,sales_risk
43430923.97914662,39516208.76409729,1.0,Ads,3.239994633232908,sales_risk
15967675.521688776,11633905.183125157,1.0,Industrial,5.381164038199998,healthy
13924578.47088825,10344536.803875571,1.0,"Industrial,Contract",4.76782381249059,healthy
153537433.34884104,144287156.9501343,1.0,Scale,3.8367483837413063,both_risks
82819654.03805009,66894646.97452896,1.0,"Industrial,Contract",4.975453276217868,sales_risk
4128326.660522578,3306833.974115797,1.0,Industrial,18.170073162840637,healthy
22378450.807750393,18546546.818174507,1.0,"Ads,Scale",1.5617197677553523,healthy
16223303.140473325,14271075.40635712,0.0,Contract,6.027695801929506,healthy
9552060.62562645,9727612.767173123,1.0,Contract,1.0429438296691842,cost_risk
10358440.97178019,9383790.337408442,1.0,Industrial,7.8497465127367665,healthy
14472851.071317773,13975768.88806412,1.0,Scale,2.3644134627686837,cost_risk
22688267.016997386,15820382.025304757,1.0,Ads,9.221863853220558,healthy
11059162.873662923,7951033.091052921,0.0,Scale,1.5401454791389733,healthy
12481944.45626761,12427915.416769179,1.0,Industrial,9.405259130212826,cost_risk
35752841.77456162,33145916.051467177,1.0,Contract,13.593166184448402,sales_risk
12209443.204223076,10596540.45256602,0.0,"Industrial,Contract",7.318180491317738,healthy
15325405.22788161,12724529.543150024,1.0,Industrial,17.137169194555202,healthy
23920110.260277014,25475361.313960362,1.0,Ads,11.6307150054134,cost_risk
45501798.74779849,43426308.06752009,1.0,Industrial,6.603593999288199,both_risks
30311596.777902875,24851812.854684606,1.0,Scale,4.846903263183586,sales_risk
12957883.855826546,10084569.027779937,1.0,Industrial,4.038496591832538,healthy
10938677.42320845,9080666.57507592,0.0,"Industrial,Scale",7.381240266544918,healthy
2614011.1068632817,2420177.519035961,1.0,Scale,5.710844903704921,cost_risk
11900161.674757596,11478737.121118605,0.0,Ads,2.4315157992196106,cost_risk
3149739.2829349623,2893473.461030221,1.0,"Ads,Industrial",5.619129215321185,healthy
3191369.070779045,3363117.9514888846,0.0,"Scale,Ads",10.636215823430314,cost_risk
17030372.532432497,15494533.202302126,1.0,Scale,2.4758996094626564,healthy
8035845.802751937,6941291.569363642,1.0,Industrial,15.593020473086426,healthy
14249173.970685825,13955724.010444317,0.0,"Contract,Industrial",6.539034220288595,cost_risk
4747064.014146945,4253723.615570514,1.0,Industrial,12.435498940107454,healthy
29538469.05262471,20160253.9507188,1.0,"Scale,Ads",2.8649428578920477,healthy
10260090.10729988,7776859.9424381675,0.0,"Industrial,Contract",11.870315965140119,healthy
29143088.07994499,28561236.40923398,1.0,Contract,1.950610107711623,cost_risk
17425417.77933227,16610579.009332899,1.0,Scale,0.9064459168856045,cost_risk
10482827.903720366,8362647.66863045,1.0,"Industrial,Scale",7.457461675915805,healthy
5506680.716946142,4285985.459373984,1.0,Ads,3.861107760454427,healthy
9170547.771786677,6535509.902240427,0.0,Ads,4.095886892707743,healthy
20338180.401979998,17754239.41074487,0.0,Scale,10.125748088671969,healthy
17852564.657383222,15852631.644298427,0.0,Ads,2.8072429768428253,healthy
2688288.6176431747,2583298.6051736586,1.0,Industrial,1.3576739447255501,cost_risk
24783336.072972808,1126838381.7949405,1.0,Contract,20.846441064315222,healthy
7174847.453336301,5424909.930322498,0.0,Industrial,6.424391314317267,healthy
20080579.682145927,18879457.274631374,1.0,"Contract,Ads",5.270738892318729,cost_risk
4423809.402282141,3597916.771925698,1.0,Contract,2.7718670868614304,healthy
16816234.00564652,14274865.204095798,0.0,Contract,11.469312341083162,healthy
4006417.935594935,2746930.021591755,0.0,"Contract,Industrial",6.233758498884853,healthy
10113248.264808113,7835456.159338943,1.0,Scale,5.755205083439017,healthy
6595975.137207965,6425778.474964291,0.0,Ads,1.8202485685498606,cost_risk
6678656.7044346575,6636206.147666154,0.0,Scale,9.116154884014783,cost_risk
5042501.046816,4006629.7167460225,1.0,"Scale,Contract",2.23876579843438,healthy
7621020.966171366,7469011.287828569,1.0,Industrial,8.628228882690403,cost_risk
1558704.0703249243,1357479.0168530666,0.0,Industrial,4.084999637973571,sales_risk
21350798.41445821,23330875.22195324,0.0,"Scale,Ads",7.798817286438199,both_risks
23246998.551111944,14359118.071495537,1.0,Ads,3.0492043736801797,healthy
5707125.998449087,4845610.975330116,1.0,Contract,2.4699852532945994,healthy
2236103.441619554,1398317.1402448765,1.0,"Industrial,Scale",3.8014959827558816,healthy
4654247.168101881,4520633.664719436,1.0,Industrial,7.00739897167794,cost_risk
22922151.828016546,23220839.35682804,1.0,Industrial,1.0678514215037302,cost_risk
16610087.896902587,13131299.860871427,0.0,Contract,4.2107715966763495,healthy
6580665.507083319,5713482.812473015,0.0,"Industrial,Contract",3.5162659083132195,healthy
21796822.93344219,19695237.223300923,1.0,"Industrial,Ads",9.359886032447513,healthy
3136189.9947175663,3008931.560795883,0.0,"Contract,Industrial",3.9829582390637315,cost_risk
4815563.704314294,3002227.9953135466,1.0,Contract,3.3302550794155836,healthy
14283380.93038616,11961705.070212306,0.0,"Ads,Scale",7.513411666966254,healthy
8073411.345316479,7264826.244045153,0.0,Scale,4.607181965056927,healthy
4929629.055247878,3973700.583897719,0.0,Ads,23.196030184686744,healthy
720623.6304413374,544993.2969390015,0.0,Contract,1.7228934205712334,sales_risk
17386704.008006494,12969746.276243215,0.0,Scale,3.444406311396108,healthy
12282939.35745661,10535515.543517718,1.0,Industrial,3.4991483040844216,healthy
1555142.3945308635,1443959.0702229165,0.0,Contract,2.8356482332039006,both_risks
16196823.263187414,15856582.82074039,1.0,"Industrial,Contract",3.9173177429803507,cost_risk
8759384.879758274,7284752.017731703,1.0,"Contract,Industrial",3.4010477565498745,healthy
11743785.645041123,8478639.663341995,1.0,"Ads,Scale",7.349965449063129,healthy
22866721.60499685,19937696.41522381,1.0,"Scale,Industrial",7.155043977499308,healthy
4240166.922938014,4191590.7104484662,1.0,Ads,2.562149973057037,cost_risk
18138806.637459107,14483185.57989778,1.0,"Contract,Scale",3.377507443256511,healthy
17607828.319227595,15439187.774743825,1.0,Industrial,7.578715529663597,healthy
19029781.156027023,18006732.367680945,0.0,"Contract,Scale",7.488360094780633,cost_risk
45624516.76259957,36161728.26086289,1.0,Ads,5.009172507232048,sales_risk
17171040.703195564,14069195.459548675,0.0,"Ads,Contract",2.378989245148295,healthy
5067926.358631425,4413095.85422877,0.0,Scale,13.517758111297226,healthy
53671056.02053275,49332771.16581927,1.0,"Ads,Scale",7.109699492273394,sales_risk
2936378.1391015192,2024088.9488108896,1.0,Ads,8.826583817569487,healthy
5594398.602911737,4885065.98225178,1.0,Contract,7.597223342607128,healthy
3387254.5669879825,2609277.338047231,1.0,Scale,5.569735316139698,healthy
8018317.745793244,6902018.474045178,0.0,"Industrial,Contract",2.016391492474113,healthy
26224883.848780822,23444243.686593443,1.0,Contract,3.9843861204715822,healthy
32533664.983902592,29829659.84942166,1.0,Scale,1.9956744157574837,healthy
14125855.729820767,15289150.474585604,1.0,Industrial,4.164398090742125,cost_risk
4831216.882382153,4237982.9511536695,1.0,"Industrial,Scale",12.739630827412315,healthy
5108311.115865976,3319462.45687901,1.0,Industrial,10.150137806522107,healthy
4861238.813743536,4094851.5658844877,1.0,Industrial,9.456354287302602,healthy
23042264.6790651,20439640.943498563,0.0,Ads,12.12397195039076,healthy
3589274.5842922237,3145996.832920833,1.0,Contract,5.512999733937916,healthy
21094571.182490062,21251809.049396414,1.0,Ads,9.901000156564095,cost_risk
8601145.313764673,5662950.064637599,0.0,"Industrial,Contract",12.464831769234191,healthy
10554375.512767376,9529508.256567745,0.0,Contract,6.604351601049915,healthy
40294211.60218694,35141953.775810726,1.0,Ads,10.605577873417294,sales_risk
5524293.842805857,5061292.721469112,0.0,Ads,25.0,cost_risk
46815672.913921185,36978351.27329782,1.0,Ads,2.5845941557716676,sales_risk
2170671.968808502,1803897.097863338,0.0,Industrial,3.6649181958019383,sales_risk
3895124.9098873516,2663736.4387648394,0.0,Ads,5.5654525657748914,healthy
1833264.0994742212,1950415.0510264027,0.0,Contract,13.139541102874496,both_risks
4211031.198597845,3065755.316472968,1.0,Ads,7.618576169796857,healthy
15916742.445919096,15075974.116667278,1.0,Ads,3.0732437964479633,cost_risk
18582467.097520985,15187002.448913084,0.0,Ads,7.233623082920936,healthy
12076540.215822868,9948535.669883758,1.0,Industrial,7.712164172901842,healthy
11606687.07154286,12335684.523892125,1.0,"Industrial,Ads",3.319909605072282,cost_risk
2748794.536821656,2256136.097685484,0.0,Scale,2.133985307708806,healthy
2357631.7256541904,2288642.9639491034,0.0,Ads,5.165331901340289,cost_risk
12041746.042683728,9798004.13199643,0.0,"Contract,Scale",0.46340367327502474,healthy
34202420.60000047,31796272.57069775,1.0,Industrial,7.809601913060764,sales_risk
6174047.883204738,4880209.245475656,1.0,Contract,2.522031107933919,healthy
2499097.8967253724,1870654.9538525331,1.0,Ads,5.179650678116337,healthy
1917858.049900763,1449942.2600833974,0.0,Contract,8.655159181226171,sales_risk
4498921.617137649,4245259.722481678,1.0,Ads,6.124745988277178,cost_risk
43121998.12378051,39035229.49119652,1.0,"Industrial,Scale",2.955667895263349,both_risks
7219241.5903773,6684193.152075788,0.0,Scale,7.496582817392776,cost_risk
3147303.5424639676,2407821.7887536115,0.0,Ads,6.182782365315326,healthy
4830831.460456597,4325337.205742435,1.0,Industrial,10.658032779293642,healthy
5479119.817048008,5375680.757977413,0.0,Industrial,2.2180308061684677,cost_risk
11589538.726087306,10181438.183758568,0.0,"Ads,Scale",1.0202893428375022,healthy
4592722.513636807,3948305.4813881204,0.0,Ads,1.9692016955136638,healthy
3649352.9115272337,2521270.8144430667,0.0,"Ads,Contract",2.875650742163979,healthy
7363036.808510734,5653025.579886351,0.0,Industrial,5.2143861320941935,healthy
14198832.836721083,10642603.497044528,1.0,Industrial,7.011734333083952,healthy
18202031.522422206,13433928.830020424,1.0,Contract,5.055848424400494,healthy
15410074.106419746,13289562.597365327,0.0,Scale,6.009214018822572,healthy
5623715.195797854,5790257.649862517,0.0,"Ads,Scale",5.30054342347057,cost_risk
1631357.3918544743,1645043.29676123,1.0,Ads,13.612498028175072,both_risks
3998715.958294894,3550019.6158017744,1.0,"Ads,Contract",2.742119091637366,healthy
11805562.696070896,8210781.9974857615,0.0,Industrial,7.264583703776606,healthy
2341646.1302794325,2225637.633689151,0.0,"Scale,Ads",6.970088008646863,both_risks
11439916.248831743,11499219.694636894,0.0,Industrial,0.9416790383098605,cost_risk
4925931.9879758535,3640227.9704402676,0.0,Scale,15.460898676706526,healthy
4964564.04763183,3720200.757415015,1.0,"Scale,Industrial",1.0930127020266873,healthy
27221210.03305219,16741014.363064475,0.0,Ads,14.071292289672252,sales_risk
11058751.12908565,7699186.558613,0.0,Industrial,3.9877048180128876,healthy
34978920.71825636,35577504.651199535,1.0,Scale,3.641130944168834,both_risks
3473756.0860098964,3556052.1701995675,0.0,Scale,9.151380583118897,cost_risk
27528742.321010616,24520117.17189887,1.0,Industrial,0.7649564248458258,healthy
22055673.100661244,18715162.501808774,1.0,"Industrial,Scale",2.877676463066918,healthy
444629.7623525319,360895.32871484413,0.0,Industrial,6.116134147848678,sales_risk
8135349.7278740695,7552772.208044494,1.0,Industrial,1.2117747383340807,cost_risk
41542369.19808167,33716063.28549217,1.0,Ads,7.460360947003156,sales_risk
19347182.91721884,19873450.158827577,1.0,Contract,3.4936963560311223,cost_risk
5715422.85832608,5561231.848348677,1.0,"Industrial,Contract",10.29608666935142,cost_risk
7040639.832679344,6268783.688674923,1.0,Scale,5.549783922867128,healthy
2414375.498230764,2315268.8797807666,1.0,Contract,1.7446159496265148,cost_risk
10922030.891457053,8523889.235996865,1.0,Scale,1.682246497332497,healthy
1478927.7926664045,1535270.9355731262,1.0,Scale,2.8414094123626823,both_risks
3219360.373484976,2423193.2989383778,0.0,Ads,2.289033324273797,healthy
27211884.349746305,19074401.2136582,1.0,Contract,2.8129364425989447,sales_risk
8705233.514236875,8373246.121348154,0.0,Scale,8.583814887729655,cost_risk
6178425.052740248,5948039.22443305,1.0,Ads,6.674519840167318,cost_risk
7993097.1981918,6899256.538075192,0.0,Industrial,1.4264761413905525,healthy
137879960.41110894,122753634.35186267,1.0,Ads,1.5643882442544546,sales_risk
25020048.232480247,26473038.14667394,1.0,Industrial,1.073990159615426,cost_risk
4091239.8561953665,2597911.260057208,0.0,"Contract,Industrial",6.264684618663944,healthy
47051332.78045162,41426358.545261905,1.0,Industrial,7.284464720157674,sales_risk
8131086.082551533,7522006.906637235,1.0,"Industrial,Contract",3.0073078842837124,healthy
18619443.336380616,15704134.987124499,1.0,Scale,3.083983508909057,healthy
4942439.27289594,3690011.569185017,0.0,Industrial,1.8105654168437586,healthy
3478612.3133119624,3613524.284683427,0.0,Industrial,6.693633136488941,cost_risk
19814264.41445558,21649845.923681892,0.0,"Ads,Scale",8.279055587318823,both_risks
4118968.189972675,3875217.338579322,0.0,Ads,10.949503049787584,cost_risk
4068080.7438942553,4156955.8286884245,1.0,"Contract,Industrial",7.900830835237308,cost_risk
21809022.08292874,16867319.105605587,0.0,Industrial,2.384049083758904,healthy
2779915.168589572,2411856.379526659,0.0,Ads,5.111736043681145,healthy
2149504.693081083,1930089.936250682,0.0,Industrial,12.103665321628768,healthy
15325894.340429896,14513058.74696886,0.0,Contract,7.693547020507215,both_risks
1251831.6732370576,999411.4162657806,0.0,Contract,3.752204352312534,sales_risk
4190264.193836092,4317439.104219084,1.0,Industrial,9.027372819442322,cost_risk
6164723.773615874,5345689.988132727,0.0,"Scale,Industrial",10.331102686213212,healthy
2314474.0097215986,2200886.669099384,0.0,"Contract,Industrial",5.454669176452922,both_risks
2906934.0090978057,2877038.0149416355,0.0,Contract,7.734061387484952,cost_risk
17294047.55739697,15054541.793412263,1.0,Scale,3.661632382635738,healthy
11904809.857465187,8973674.443219008,0.0,Industrial,4.616937446430901,sales_risk
3451393.1935146996,2498217.928412049,1.0,Ads,1.8211667537592828,healthy
15089135.900283545,11575795.588551292,1.0,Industrial,2.2857785659834486,healthy
40599992.54741211,35262240.69957957,1.0,Industrial,1.7975883662019552,sales_risk
2464703.78545579,2040692.3916458932,0.0,"Ads,Scale",3.6521498360802642,healthy
9447453.524425643,7947172.882381442,0.0,Contract,6.409384516619987,healthy
64144656.431778595,58730426.51484355,1.0,"Ads,Scale",1.5992225066185775,sales_risk
16373256.966866303,13882681.393937837,1.0,Contract,3.2604072564516873,healthy
20042891.778614078,17040792.25888783,1.0,"Industrial,Contract",7.16992025972384,healthy
7274221.314604142,5741353.585083873,1.0,"Industrial,Contract",9.102689407797413,healthy
4000925.4061434297,4025500.7181016253,0.0,Scale,3.2048745803619108,cost_risk
27878649.27517983,18670273.693034627,1.0,Ads,3.0028835195747745,healthy
17085230.659829173,16275042.022332206,0.0,"Contract,Scale",3.130677888221463,cost_risk
8439864.523833351,7396988.847602182,0.0,Ads,3.0802254746962205,healthy
5579804.373200282,5350347.622499374,0.0,Industrial,7.443949006503649,cost_risk
1547691.1095415254,1583118.6176572642,0.0,Scale,8.201803297384462,both_risks
10385344.931318022,9493751.379409768,1.0,Industrial,4.774302222612329,healthy
4449433.022880043,3871145.3214051113,0.0,Industrial,9.902604617635644,healthy
7788397.8690578155,6339656.963133979,1.0,"Industrial,Contract",4.587919992601208,healthy
17382515.180110972,16085064.477481347,1.0,Scale,17.889088750506517,cost_risk
20175967.08322121,15990236.247607287,1.0,"Ads,Scale",9.35128467471788,healthy
18237691.444286916,14658744.114467163,1.0,Contract,4.968995347364872,healthy
84737121.34996447,84476334.4979914,1.0,Ads,9.067164767891711,both_risks
28491561.941710114,25029556.402500648,0.0,Ads,7.56391842386852,sales_risk
4213995.579014958,3867994.239450102,0.0,Contract,5.631638356709624,cost_risk
3920375.807582082,3315241.555095894,1.0,Contract,8.105906272167925,healthy
91162184.42462887,67091553.8443481,1.0,"Ads,Scale",3.446708948680154,sales_risk
4577547.085214081,3112466.5339811035,0.0,Ads,7.429451572681765,healthy
8502447.808442662,7938284.191058869,0.0,Contract,3.2141735359032784,cost_risk
50873824.090332046,47041553.13314422,1.0,Ads,4.398227590659002,sales_risk
49392832.20153353,43600191.38066522,1.0,Contract,1.7639788615545884,sales_risk
8413667.045295458,6462563.976603187,0.0,Ads,4.88102717712551,healthy
11318431.731694765,9267463.892015552,0.0,Industrial,14.681611514239272,healthy
1732178.9764859031,1372820.0209928174,0.0,Industrial,5.7921411067611235,sales_risk
3582786.112716974,2491219.9297905196,0.0,"Contract,Scale",7.799122762015234,healthy
6167109.871736973,5047527.958135121,0.0,"Scale,Ads",2.8006266170599505,healthy
8835955.70514749,7320247.2228503935,0.0,Ads,5.863380640883123,healthy
6431250.291839998,5166898.7065052735,0.0,"Ads,Industrial",9.967602519838994,healthy
10347898.1688099,7345706.806711426,1.0,"Scale,Ads",25.0,healthy
79614079.5462712,62117381.32663485,1.0,Ads,10.116161640489858,sales_risk
14137492.386852488,10530547.350030858,1.0,Industrial,3.3870223632549212,healthy
12099893.244443415,8769209.491334628,1.0,Ads,4.945266427756815,healthy
8902354.549982985,6237262.047227855,1.0,Ads,0.19649657305632626,healthy
7482611.3126771245,6227394.584400953,1.0,Contract,5.752513467953941,healthy
30491075.744146213,23652666.363735825,1.0,Ads,15.4908369653824,healthy
3297709.0869602705,3366912.7167321295,0.0,Ads,2.4575042886586056,cost_risk
7837421.711686812,6788371.542827712,0.0,Scale,8.453049089492584,healthy
2970446.3001952833,2718137.228941134,0.0,Ads,2.5552981106506545,cost_risk
9695085.852169504,8311351.019592379,1.0,"Ads,Scale",6.912572689403956,healthy
10009551.271189805,7547064.431691974,0.0,Contract,5.110081066649368,healthy
22309128.626441397,20601650.101039104,1.0,Ads,5.346314740021846,cost_risk
29434017.4870475,26347035.858908955,1.0,Industrial,11.425306386273036,sales_risk
17245543.72526391,15686118.536842128,1.0,Industrial,6.1681321144362204,cost_risk
45003880.938351646,42730867.77366917,1.0,"Industrial,Contract",0.38432668169833273,both_risks
43510083.246716,30410800.280889403,1.0,Contract,2.4817704832317933,sales_risk
12180643.946936835,11398301.756667601,1.0,Contract,2.648127834078638,cost_risk
12907858.406100709,10812294.941601388,0.0,Scale,1.775504603161763,healthy
1281726.1835787955,1137579.399298752,0.0,Industrial,3.8547095301412573,sales_risk
12240286.048214592,11938045.134025764,0.0,"Ads,Scale",8.656525818092593,cost_risk
8840981.396205755,6915580.534509521,1.0,Scale,15.737865661603916,healthy
1642130.0829507809,1194464.2685954114,0.0,Ads,8.538728185442931,sales_risk
5772489.309036348,5100367.704647035,1.0,"Ads,Scale",10.207893013021115,healthy
23148116.32121949,24682985.28509292,1.0,"Ads,Scale",1.8652046186903526,cost_risk
2574653.895890116,1867147.7435832445,0.0,Scale,7.716713374698841,healthy
32376751.104291532,30143661.85589593,1.0,Ads,5.91300794900288,sales_risk
14286124.632192291,11385770.69805001,0.0,Industrial,4.272272172988076,healthy
7071703.169332337,6809750.187066159,1.0,"Ads,Scale",1.8650183033883145,cost_risk
7707255.476341532,6609817.798809049,1.0,Ads,4.199247534697758,healthy
20377198.319434438,15050001.084931295,1.0,"Industrial,Contract",6.412361405741743,healthy
2123562.6266628895,1321542.3141217895,0.0,Industrial,10.23281421786498,sales_risk
68391693.82397719,67594364.0751496,1.0,"Contract,Industrial",3.4242157813205782,both_risks
3939563.429602943,3403516.581644761,0.0,"Ads,Scale",3.944731981533729,healthy
4133837.697505452,3186253.4147849833,1.0,Industrial,18.853746791870986,healthy
30122055.347278528,25092255.46778597,1.0,"Ads,Contract",11.043657917659111,healthy
19580648.89087693,16670806.45359759,0.0,Ads,7.733311412561893,healthy
33444292.28169466,25541023.246969696,1.0,"Contract,Scale",17.167110142778398,healthy
25291554.25022948,20490229.37509579,1.0,Ads,10.134189575788477,healthy
12947275.382476803,12304591.856700132,0.0,Ads,5.394405885504883,cost_risk
2479619.9325108714,1725293.6165181412,0.0,Contract,10.083710569770133,healthy
5538089.202659416,5410411.352762606,0.0,Scale,6.864671067286901,cost_risk
10836594.722381128,8020647.34733031,1.0,Industrial,6.114534973503175,healthy
8734728.590203755,7463827.50956755,0.0,Industrial,6.538635351615696,healthy
1140773.591555948,1146966.3890557447,0.0,"Contract,Industrial",5.813992838048945,both_risks
25251733.36264424,18321566.91571033,1.0,Ads,3.056775813548593,healthy
50180770.924719684,41421265.522702366,1.0,Ads,3.0485414577587053,sales_risk
38420249.092546634,34900398.986893274,1.0,Ads,1.2198929227294955,both_risks
3211152.206456975,3144056.6863960773,0.0,Industrial,7.386530012539449,cost_risk
13741991.55094531,10138688.630663134,1.0,Contract,1.3382210606417735,healthy
1059705.8371108803,1094969.2333336754,0.0,Ads,3.7162513381927464,both_risks
48158978.20099643,32277440.72707246,1.0,Scale,10.850432799066256,sales_risk
1277126.3720512004,1167760.385179881,0.0,Ads,5.092593397423691,both_risks
13396563.318345403,9789054.526455984,1.0,"Industrial,Contract",19.544887620290528,healthy
28419318.15525171,23210946.818675235,0.0,"Contract,Industrial",5.834395248316045,sales_risk
32324038.290879898,30985041.82851965,1.0,Ads,13.241386212034916,cost_risk
12534188.073406052,10346496.908404686,0.0,Industrial,3.868549269396831,healthy
2135795.9615769577,1995564.2268268121,0.0,Ads,17.598738298780567,both_risks
8031036.90883507,6881380.537591051,0.0,Contract,6.16548342019218,healthy
6794890.738961371,6437870.094763306,1.0,Contract,1.671199395161378,cost_risk
12843638.1235408,11221368.572651617,1.0,Industrial,0.8061421915250312,healthy
23860763.7560711,14849656.290399835,1.0,"Ads,Scale",3.9145052611260094,healthy
17227902.785291612,18222456.12078174,1.0,Contract,3.563398928489082,cost_risk
74151181.3020557,49400254.40540247,1.0,Contract,7.197639786801425,sales_risk
17210855.133386943,14943354.78456322,1.0,"Ads,Scale",4.996301870043806,healthy
6023520.769094365,5302295.287707096,1.0,"Scale,Ads",6.846098376821507,healthy
45352667.458182536,30671855.78734431,1.0,Industrial,4.95311255261071,sales_risk
6488045.807245057,5073484.945160921,0.0,Ads,4.673641100468409,healthy
11779408.36160912,8913840.202281266,1.0,Contract,3.148977332887589,healthy
10646885.077614095,8145311.05247171,1.0,Scale,1.1112539798895262,healthy
896961.8788920656,793626.820366431,0.0,Industrial,8.16741398041135,sales_risk
11720147.8054986,9990347.724410081,1.0,Industrial,14.34995709159643,healthy
11868993.311368788,10191681.702200703,1.0,"Ads,Scale",1.4704032241701506,healthy
7205065.980895556,6296667.667359561,0.0,Industrial,5.108172827220134,healthy
7715277.598111331,5570618.490103982,1.0,"Industrial,Contract",1.2225241692477686,healthy
2459814.5194740715,2234229.045766867,1.0,Ads,8.460639225832226,healthy
9649950.162924059,6906245.883149155,1.0,Ads,7.275530742584964,healthy
39941461.84872169,31238443.335314836,1.0,"Ads,Scale",4.0831285638628785,sales_risk
7442597.200555113,5935503.4791908795,0.0,Industrial,5.6506533155676,healthy
5271756.93134452,3693706.8006564886,1.0,Industrial,5.452150673302244,healthy
4839253.857765046,4546844.987134319,0.0,"Scale,Ads",11.175975984943744,cost_risk
66791601.74262342,66721052.16311066,1.0,Ads,6.051760688166478,both_risks
2291590.1223232625,1895734.0588939278,1.0,Ads,3.16008726862378,healthy
20685629.029227886,20149126.573451765,1.0,"Scale,Ads",7.7650469340264525,cost_risk
9933384.41403363,7499200.348653538,0.0,Industrial,2.594850258160874,healthy
60666149.00530606,53674510.36706915,1.0,Scale,2.4880708989838274,sales_risk
32975170.293772407,34633862.223177336,1.0,"Contract,Ads",2.986787312156884,cost_risk
8134964.819477123,7653443.546606542,0.0,Ads,8.647757010167348,cost_risk
1902218.438862295,1364245.8002800606,1.0,Industrial,8.586975571838256,healthy
37119011.78185772,32031152.99931235,1.0,"Ads,Contract",6.1661265901734446,sales_risk
38188449.83988705,30162219.476774253,1.0,Ads,3.7980153471958245,sales_risk
2943464.966762986,2205977.2014330667,0.0,"Ads,Scale",6.226920969247395,healthy
18722442.523875587,20537219.92891366,1.0,"Ads,Industrial",0.7905595698261577,cost_risk
3989727.3417920037,3306505.136934204,1.0,Ads,7.5446834816587796,healthy
4088994.6609496223,3237498.430667707,0.0,"Scale,Ads",5.048016391241273,healthy
1777443.369582243,1696661.4748352002,0.0,"Industrial,Ads",2.937719106570543,both_risks
22587455.132611565,16957515.85557807,1.0,Industrial,16.55180059711146,healthy
11653631.732591303,8678800.394572547,1.0,Scale,5.899877416224876,healthy
14570357.734854786,9555367.85559394,1.0,Contract,3.046156146254635,healthy
37976379.66746918,27203925.661267966,1.0,Ads,5.700028948082401,sales_risk
17341701.26363178,13348441.888225699,1.0,"Contract,Industrial",7.855152964080351,healthy
15943515.564247694,11696778.625447266,1.0,Contract,2.7202491763012864,healthy
18798241.366070207,16960091.013762444,1.0,"Ads,Scale",6.294322868582917,healthy
3064601.6630620672,2427900.244953171,1.0,"Contract,Ads",3.8722977638486404,healthy
8585067.075473092,9094889.439211003,1.0,Scale,9.333325854152406,cost_risk
2659738.7066593473,2506448.6068089427,1.0,Industrial,1.198143316137989,cost_risk
3613136.860365899,2944532.0979709406,0.0,Industrial,3.704321945324682,healthy
8106554.569361825,6711623.512329863,1.0,Industrial,3.630681623611129,healthy
25697072.12233963,27113457.64132719,1.0,Industrial,4.903382672238588,cost_risk
69595746.77612554,59752253.12422782,0.0,Industrial,5.793467675999801,sales_risk
3002052.6733497465,2781232.578785436,0.0,Industrial,1.8724770288308803,cost_risk
10567886.829734733,9894356.383543974,1.0,Scale,1.9574523187030004,healthy
8277814.678374666,6754945.408440769,0.0,Scale,6.236018627900721,healthy
15055224.35918445,14196906.193956539,1.0,Contract,9.218700927126736,cost_risk
15909228.097266184,14560475.164668296,0.0,"Ads,Contract",1.4341461037507994,cost_risk
12767598.652197927,10319094.722775685,1.0,Ads,3.7207304760325846,healthy
3378098.2377309473,3405578.6807872453,0.0,"Ads,Contract",5.8135803139130084,cost_risk
13186121.36842465,10139849.403630868,0.0,Industrial,23.043536207632666,healthy
21689237.182072684,18192098.42777839,0.0,Industrial,2.6383251858344554,sales_risk
5318007.002578938,4095473.8207855495,1.0,Industrial,3.3985556332133617,healthy
64241817.75997102,46127749.462871075,1.0,"Ads,Contract",8.451292671220122,sales_risk
7025709.876068873,6929458.378699114,0.0,Industrial,4.814608610877134,cost_risk
4714435.781015425,3770290.8377646576,0.0,Ads,3.4072183625291226,healthy
11951639.677171316,8372081.372233543,1.0,"Industrial,Contract",11.67713030007374,healthy
6868185.5405708365,5310580.5128687965,1.0,"Industrial,Scale",1.962397701414591,healthy
2264415.408728042,1753765.5201456377,1.0,Industrial,7.663186994459476,healthy
8656691.931238964,8706265.884565352,0.0,Industrial,13.208667162442126,cost_risk
43824450.09290861,43428997.584287755,1.0,Industrial,3.9717365704516663,both_risks
65826451.72669239,63246358.629490905,1.0,Contract,11.761766813654413,both_risks
5040211.177711185,4466939.065876151,0.0,"Scale,Industrial",12.49598046300459,healthy
21971893.00095267,20284029.06524174,1.0,Industrial,1.5722012622213444,cost_risk
10145384.742329255,7695205.869219472,1.0,Contract,6.121351289297408,healthy
11803263.625794746,11456143.1428808,1.0,"Industrial,Contract",3.309096230941131,cost_risk
31559058.240669195,24250668.657528397,1.0,Scale,3.0345583068429254,healthy
20833472.964020446,20301460.986026987,0.0,Ads,9.251742467444142,cost_risk
10368888.764257014,8270411.572400734,1.0,Ads,2.40139446972547,healthy
3510453.2365021366,2438452.6601067604,0.0,"Scale,Ads",7.382990198822896,healthy
2887839.3722878266,2934320.47003643,0.0,Industrial,4.520304928082908,both_risks
8335065.141493981,6620286.635708848,1.0,Ads,1.7108674588587578,healthy
12281606.903629564,13585579.274662567,1.0,Industrial,1.8551326083727309,cost_risk
14697263.710199688,12370754.897515595,1.0,Ads,4.783107106382715,healthy
19423016.792383026,17272348.16471147,1.0,Industrial,5.867240711904812,healthy
23666831.91881143,22137530.36588394,1.0,Industrial,9.765065604736876,cost_risk
803653.3538378675,764804.3620083522,1.0,Industrial,8.383386921700833,both_risks
21931627.543489255,19676448.63607898,1.0,Industrial,2.625065756496822,healthy
3117532.0071725175,2628921.694110757,0.0,"Industrial,Contract",6.93533181857552,healthy
27073571.12495091,23767355.91111854,1.0,Ads,2.1282656373740507,sales_risk
12442695.824436039,9046474.884416014,1.0,"Industrial,Contract",11.441399446879089,healthy
16693998.10346514,12075914.269041494,1.0,"Industrial,Contract",6.179155785243163,healthy
5173573.7320511965,5441744.437966047,1.0,Industrial,9.277163138952421,cost_risk
11788691.958536496,10776653.375542402,0.0,Contract,7.885869360483232,cost_risk
1373382.7576768897,1130503.1351288366,0.0,Ads,9.581384813016875,sales_risk
26568759.182569087,18034871.089509636,0.0,"Industrial,Contract",6.799610729531608,healthy
6383079.769621721,6564539.855171362,1.0,Contract,1.683690217744556,cost_risk
667249.7583907807,571466.2545895674,0.0,"Scale,Industrial",2.208003274797586,sales_risk
25686690.944817726,18484968.721020788,1.0,"Contract,Scale",3.5466506069447252,healthy
47525345.99816419,38351781.11222904,1.0,Ads,2.100941201962667,sales_risk
3700100.2934909584,3620923.611041601,0.0,Industrial,7.314866664932268,cost_risk
29880297.83229238,26587073.07940119,1.0,"Scale,Ads",1.911337998117186,healthy
4198528.013668817,4052152.5318773165,0.0,Contract,1.2725879721302387,cost_risk
921243.2266094552,591572.6291718815,1.0,"Contract,Industrial",1.8046023718747417,sales_risk
6212708.596474747,6215456.143741948,0.0,Ads,2.675678140625563,cost_risk
12312634.053448448,10035675.607101168,1.0,"Industrial,Scale",10.522959655903579,healthy
10155755.32023954,8904077.901963899,0.0,Industrial,8.614248659904696,healthy
9856068.841830011,7840087.397678766,1.0,Contract,3.7484470527176983,healthy
11952163.401780408,10978435.570424283,0.0,Ads,2.3832999774631345,cost_risk
11034702.786759935,10199277.487061763,1.0,Industrial,0.5472792656209309,healthy
7159578.700849272,6846607.3102857135,1.0,Industrial,8.666853795122073,cost_risk
4870068.82229347,4329546.90812653,0.0,"Scale,Contract",5.582639348046925,healthy
6812019.289489812,6440279.655452106,0.0,"Industrial,Contract",0.6314512835382429,cost_risk
6251471.499006236,5703623.875406319,1.0,"Industrial,Contract",1.7611010805017806,healthy
6563781.0638795085,4954303.881581505,0.0,"Industrial,Contract",1.9556954066996055,healthy
2949206.0860252734,2547405.0404904922,1.0,Industrial,8.856416475633525,healthy
5164948.117561583,5199980.108293629,1.0,Industrial,3.6028390981581606,cost_risk
9647662.237498254,6069493.759408204,0.0,Scale,5.715568534021072,healthy
12108508.078233255,12031280.347404944,1.0,Industrial,2.9489804919113354,cost_risk
8334974.814287625,7048753.898269058,0.0,Industrial,1.3561006337633021,healthy
7395188.069351716,7375044.680434072,0.0,Industrial,6.537352046006598,cost_risk
15164229.250384346,12680747.157388436,0.0,"Ads,Scale",8.725488305737564,healthy
20064620.753652412,15249170.589799196,1.0,Industrial,7.790134542729049,healthy
17541496.81857844,11563379.224737927,1.0,"Ads,Industrial",2.2661936097753466,healthy
1544314.8614263763,1180940.286887388,0.0,"Industrial,Contract",4.633911470826287,sales_risk
5635491.411963065,3781421.6274862983,1.0,Ads,12.065441506890828,healthy
17995901.347856306,16705901.253796583,0.0,Ads,5.499032318268908,cost_risk
14878046.924447583,9698112.619631534,0.0,"Contract,Industrial",3.603405664684055,healthy
17536773.925910383,11456718.107595555,1.0,Industrial,1.0456323689490703,healthy
12168382.021551205,11283173.868225142,1.0,Contract,17.836423262606296,cost_risk
3784647.0759348893,3210852.729723357,0.0,Scale,4.9455650338605475,healthy
30176213.282473225,21510931.33840127,1.0,"Ads,Contract",3.9546484871489267,healthy
2281653.88423574,1778964.6929660281,0.0,Industrial,3.9396054022739238,sales_risk
23813371.11462954,19563107.54097549,1.0,Scale,7.494257502484627,healthy
8741784.200746289,7224276.060323462,1.0,Scale,5.113900813266445,healthy
2037727.5028682637,1532786.7600433743,0.0,Industrial,6.434401474154108,healthy
5979462.263825663,3674691.314928682,1.0,Contract,3.0164863277987837,healthy
29613821.3116255,22366674.33470121,1.0,Industrial,6.7134921750226955,sales_risk
4933692.888278113,3620519.5433452264,1.0,Ads,4.651148653971367,healthy
2648218.223115744,2218720.0173024875,0.0,Ads,6.940242002624473,sales_risk
6657201.215248578,6300771.297996604,1.0,Scale,10.011436022909821,cost_risk
3921265.6966830916,3417550.329134972,1.0,Industrial,3.4967231659067934,healthy
2544386.2526048087,2037393.2669156054,0.0,Ads,5.264786645417363,healthy
13763596.807796698,11756779.819198327,1.0,Ads,11.644967167859026,healthy
19740290.488637954,13861759.036891237,0.0,"Scale,Ads",5.163182305656338,healthy
5117970.761497175,4907032.353203988,0.0,"Industrial,Scale",4.688868793062992,cost_risk
15000932.497659896,13637746.237539856,0.0,Industrial,4.7292579378421795,cost_risk
6034315.504261114,5677784.114596331,0.0,Contract,14.843487905073356,cost_risk
8042784.16864487,7389926.540368329,0.0,"Industrial,Contract",8.859027836996766,cost_risk
10053208.658262584,7354804.926305641,0.0,"Industrial,Scale",6.214000830688785,healthy
39558199.138183974,32415657.985121626,1.0,Scale,2.314482070813459,sales_risk
14761881.84335664,12398971.32779598,1.0,Contract,16.08130287552956,healthy
3271917.922108941,2506532.5516601573,0.0,Ads,11.232012215959038,sales_risk
14884474.32047087,15099087.387400242,0.0,"Industrial,Ads",4.894372117087041,cost_risk
7122801.889351238,6461850.449933766,0.0,Scale,7.013298602073068,cost_risk
5574089.764799823,5817918.326929127,0.0,Industrial,8.450793026791953,cost_risk
3837143.020129179,3732631.5889159003,1.0,Scale,4.258502769473703,cost_risk
8655796.217438327,7447210.84001838,0.0,Industrial,0.6339370104670853,healthy
8367515.502027244,7007093.883004701,1.0,Ads,7.566527465234149,healthy
5943552.85015022,4803718.472087073,1.0,Ads,5.159360936512056,healthy
2210772.7121766596,1704659.2320860382,0.0,Scale,7.025386771783218,healthy
1611744.526115625,1257004.1952745544,0.0,"Ads,Scale",7.957351062735439,sales_risk
10099378.972145617,7228284.730688782,1.0,Ads,7.1987957952045445,healthy
10619524.018849192,9177794.10850467,0.0,Industrial,1.6531702860876862,healthy
78855584.03763904,55627075.67835979,1.0,Contract,10.782516752838045,sales_risk
7432233.600060372,6099452.396081385,1.0,"Contract,Industrial",2.201013816921208,healthy
24678033.629498452,18086303.266356677,1.0,"Ads,Scale",5.963881078686059,healthy
29361760.496249218,28548438.49595881,1.0,"Industrial,Scale",4.844569058665465,cost_risk
8359701.215159598,6943504.086076322,0.0,Contract,1.7080921319924025,healthy
9595463.603350515,7972299.2871011235,0.0,Ads,15.237628539246796,healthy
5781399.056880371,5391863.104756283,0.0,Ads,10.59811535372978,cost_risk
52438898.45297176,43457227.03621274,1.0,"Ads,Industrial",4.354794371594096,sales_risk
1966110.5887526807,1423117.4609590536,0.0,Ads,5.971045938830154,sales_risk
8540702.747915654,6642357.863826106,0.0,Scale,6.563234293497725,healthy
35467345.78535305,34917137.122738846,1.0,Scale,2.0553307926742197,cost_risk
7978970.385007134,6838338.351074616,1.0,"Industrial,Contract",2.961731377736457,healthy
5020612.520303932,5020289.955107295,1.0,Industrial,8.980159049885524,cost_risk
11216344.882594708,11689181.622368835,1.0,Industrial,5.7276060356502505,cost_risk
15051497.000474507,13194878.990990102,0.0,Industrial,11.238512893776944,healthy
15672890.744685763,13091227.712440787,1.0,Scale,5.371133021334205,healthy
11776814.868331473,12362645.599867277,1.0,Industrial,12.24257584085014,cost_risk
18813610.33192361,17020120.012376353,1.0,Ads,4.712306106535481,healthy
22878337.40565143,16834901.810873266,0.0,Ads,1.4465555807019363,healthy
2937639.9757571486,2135622.3586409544,1.0,"Industrial,Contract",3.4188492792990157,healthy
6083606.027463515,4417092.339864874,1.0,"Industrial,Contract",2.44621404131372,healthy
21203807.57787094,18993293.367008787,1.0,Industrial,1.126074311837563,healthy
14484939.674373303,11358420.521046622,0.0,Ads,5.558579044303857,healthy
11235625.186124064,8829441.969479842,1.0,Ads,8.887394763876957,healthy
17408669.585144576,12051086.847618477,1.0,Industrial,4.089154916521095,healthy
23026441.285662733,18605573.48414387,1.0,Ads,8.3203210699325,healthy
3767615.7825185675,3398423.5379803684,1.0,Industrial,5.103625948077208,cost_risk
2605292.7004014705,1806270.3002846316,0.0,Ads,8.466755827209225,healthy
2803329.958217918,2022274.589536261,0.0,"Ads,Contract",3.133578225597698,healthy
57006401.64968645,58564288.63808515,1.0,Contract,8.352701878109924,both_risks
3095832.5513631324,3040655.0526273954,1.0,"Contract,Industrial",2.669647472488416,cost_risk
7028001.048337803,7001062.2628481975,0.0,Contract,2.336307012437035,cost_risk
7381752.990181481,4862952.447311578,1.0,Contract,4.827965537665773,healthy
24916982.702752758,20626516.803805843,1.0,Ads,5.383244928158373,healthy
1562314.449309316,1382986.820826713,1.0,Contract,4.4135414470045315,sales_risk
8543931.211375041,7457331.554151897,1.0,Industrial,0.4595820141880522,healthy
29930492.86196083,27750326.75315495,1.0,Ads,2.5568366690000763,sales_risk
27096083.691838678,25221504.431506284,1.0,Industrial,8.607204473478042,sales_risk
13380540.319020726,12438635.417420814,1.0,"Ads,Scale",5.588972515728896,healthy
6845218.331022671,6651539.944700575,1.0,"Contract,Scale",3.169958713238878,cost_risk
51530449.66977832,35848946.35062441,1.0,Industrial,4.7255733036911405,sales_risk
1669530.1933727562,1562509.5024483635,0.0,Ads,13.160895234112605,both_risks
23699992.157825124,17413840.314692985,1.0,Industrial,13.546993805473711,healthy
14771022.623622542,13062018.389070405,0.0,Scale,3.1463171177077873,sales_risk
16047067.561641725,15935396.399886614,1.0,Industrial,2.3204323948037455,cost_risk
11591803.71732222,9704722.364666753,1.0,Industrial,2.2537441995401846,healthy
10909888.60551653,7340463.356697472,1.0,Contract,3.0286586897143706,healthy
22539682.84699237,15829530.379835283,1.0,Contract,4.467623346471224,healthy
2805115.328292108,2354149.8932863544,0.0,Industrial,12.145780206874463,healthy
2554706.888907464,2029006.4537763814,0.0,Ads,5.275279144360078,healthy
10453560.910788078,10316351.270769631,1.0,Industrial,6.873427662901827,cost_risk
9361824.846483428,7312050.025263551,1.0,Ads,7.90637483555341,healthy
10466185.212427199,10878605.814682426,1.0,Industrial,4.49168106355655,cost_risk
43594126.393775955,37420392.41494755,1.0,"Contract,Ads",5.177576560395584,sales_risk
4978756.138615168,3739261.579914335,0.0,Industrial,2.9473939480542315,healthy
18836720.882492363,19546705.853271775,1.0,Industrial,3.3327787891772744,cost_risk
13051944.75158606,11016873.24217017,0.0,Scale,10.122110270634462,healthy
94731999.24931742,96805389.02947049,1.0,Industrial,13.505037999431291,both_risks
2186501.527633666,2227349.865306425,1.0,Industrial,6.424398801275524,cost_risk
5147351.5677191345,4211773.376217599,0.0,"Contract,Industrial",7.813584190149973,healthy
5627691.980958382,5111953.132892575,0.0,"Contract,Scale",11.109705510138834,healthy
33284517.157551944,32653248.924086884,0.0,Contract,3.8621180310784413,both_risks
3914043.062949302,3810069.8951502717,0.0,"Scale,Industrial",13.110389228487836,cost_risk
46638782.689024374,39765882.51486434,1.0,Contract,5.501474243423415,sales_risk
43930013.055239074,30752542.164392985,1.0,Ads,8.171894972767811,sales_risk
21117500.25995955,20124115.917531297,1.0,"Scale,Industrial",11.195773815969213,cost_risk
13761371.248984585,12730240.195892015,1.0,Industrial,21.256640201098538,healthy
1874442.4460580419,1248170.584991214,0.0,Industrial,7.483465988677606,sales_risk
10661498.15694577,10539073.336387184,1.0,"Contract,Industrial",10.343419736713805,cost_risk
2125097.711703514,1535287.2404784164,0.0,Contract,6.428738042959391,sales_risk
6183367.663535741,5318612.802759356,0.0,Scale,7.722619912367081,healthy
10887225.999406261,8902376.112123959,0.0,Ads,6.975988900970781,healthy
6524850.6435313495,5209339.908499528,1.0,Scale,6.952010659014038,healthy
22995419.967336528,19281014.268857945,1.0,"Contract,Industrial",18.680370937887837,healthy
7809284.098348933,5697202.810259373,1.0,Contract,8.884298314039926,healthy
1888734.8658085898,1838811.3740097252,0.0,Ads,14.809139624556853,both_risks
3078468.4474943406,2730355.083051792,0.0,Industrial,17.12321644504949,healthy
2485766.473221956,2228055.9131833045,0.0,Ads,6.230383158030486,both_risks
6475715.246531259,6427818.242386516,0.0,Industrial,2.8359780107180455,cost_risk
30940756.61324482,30465345.78328537,1.0,"Ads,Contract",6.412168711583234,both_risks
14735145.494000444,13050346.958858581,1.0,Contract,2.0653559603565395,healthy
12478397.05536414,11101763.463179061,1.0,"Industrial,Scale",0.961143595980825,healthy
2457410.24352551,1821356.8444861968,1.0,Industrial,8.32411299377334,healthy
94978760.70001723,85871970.5193539,1.0,Contract,2.073274872434494,sales_risk
8638476.876620354,7015319.7630758,1.0,Ads,12.577012928430516,healthy
99623901.61627243,68901849.03159347,1.0,Ads,2.458896945993276,sales_risk
3732461.7245360287,3392367.028336934,0.0,Industrial,10.498519240101528,cost_risk
5036155.339415198,3608753.585959446,1.0,Ads,5.826661180464229,healthy
119599771.65824723,118504103.13947627,1.0,Ads,9.248121061074922,both_risks
3032827.8338316884,3112271.295679926,0.0,"Ads,Scale",14.955084972190718,cost_risk
13506827.01897093,12693232.785688845,1.0,"Scale,Ads",8.320910135294724,healthy
6336231.350880174,4587851.730289514,1.0,Ads,5.250263504646174,healthy
3939591.754549164,3362200.409695734,0.0,Ads,6.288361766985805,healthy
77135918.31228021,56648590.06461394,1.0,Ads,10.66587599223841,sales_risk
3255540.751074979,2463922.611074268,1.0,Industrial,1.2845121053720339,healthy
21800315.531950753,16062839.09495756,1.0,Industrial,2.09305683289844,healthy
26810726.21958908,23949562.79514015,1.0,Ads,3.023141693677326,healthy
3230664.961760578,2865467.680343429,0.0,Industrial,1.875794102985267,healthy
1332776.2213953533,1118609.4855815554,0.0,"Industrial,Contract",8.748412173821952,sales_risk
1497578.6114757084,1335171.092853132,0.0,Contract,25.0,both_risks
3994450.305885246,2947780.932666235,0.0,Scale,7.7847333999768376,healthy
11102320.1698686,10585900.426294819,1.0,Industrial,3.05290354652837,cost_risk
12427746.23536743,11866546.432037354,1.0,"Ads,Scale",0.43081178119424846,cost_risk
7355459.803488543,5454420.194846397,0.0,"Industrial,Contract",3.3444783565662446,healthy
7997930.793287945,7027926.92900071,1.0,Industrial,4.805966782640807,healthy
23536132.662369177,18416846.98123244,1.0,Contract,7.382938703147828,healthy
19156506.452228524,13653567.342976669,1.0,Contract,5.01612992421054,healthy
12977844.926524546,10990517.778896978,1.0,Industrial,7.873675513085921,healthy
4794753.618100758,4577469.251537107,0.0,Ads,7.867775765067538,cost_risk
19337809.50083735,15424412.501939805,1.0,Scale,5.751075853615035,healthy
10651482.873991616,9714886.707821738,1.0,Industrial,1.0987153084771712,healthy
4206598.209528294,3749535.3009565035,0.0,"Contract,Industrial",3.6043755835253766,healthy
4990786.761599327,3473106.8709997223,1.0,"Ads,Scale",2.056644131412676,healthy
30360341.489546068,19625023.817686725,1.0,"Industrial,Contract",1.9211846827737935,healthy
56253676.81898224,39913271.02603351,1.0,"Ads,Scale",9.259080206940602,sales_risk
5231838.309894757,4008002.676308944,1.0,Scale,18.192856772486643,healthy
1112290.3720703886,797892.0215608497,0.0,Industrial,0.9869859671327686,sales_risk
15989834.219469162,11712981.409770057,1.0,"Industrial,Contract",7.947867086633925,healthy
3601054.1276335926,2329674.552892075,0.0,Ads,2.4245663611817037,healthy
18485517.780850668,16420911.108628357,1.0,Ads,18.231979324109894,healthy
6101484.878941753,6121886.563227886,0.0,Ads,4.353531665317316,cost_risk
82606462.9868175,86492387.60163446,1.0,"Scale,Contract",5.940473703529632,both_risks
9941659.389972322,9017541.247450909,0.0,"Scale,Contract",3.076253733620593,cost_risk
21918699.767608106,595039982.9375368,0.0,Industrial,0.5830814261972821,healthy
2636456.3155696676,2372769.8288616077,0.0,"Contract,Industrial",3.43580229386564,healthy
530040.4278435085,354462.0892165774,0.0,Ads,3.068567225384166,sales_risk
10173848.551345453,10031886.458630156,0.0,Scale,1.592428237581637,cost_risk
11547310.262449445,11037086.582918182,1.0,Contract,4.8605480647817885,cost_risk
18261391.51026221,13889214.761122242,1.0,Industrial,3.2461798994421414,healthy
5107336.2596029,4679345.735265657,1.0,"Ads,Scale",4.562222414392476,cost_risk
2441593.591501657,2150880.0910198716,1.0,Contract,4.074613522367866,healthy
1793186.2513877815,1589569.2551552595,0.0,"Ads,Scale",1.1500162383523667,sales_risk
15450329.913500378,17156997.942373395,1.0,Industrial,5.716294298748348,cost_risk
18079530.164137173,15763698.164074667,1.0,Industrial,8.442347212459444,healthy
3701473.981279803,2643019.922755724,0.0,Ads,5.694705735106095,healthy
5240698.661286483,3849472.572415051,1.0,Industrial,2.2085229515363913,healthy
4290074.075415482,4164984.0737414155,1.0,Industrial,4.896341962176722,cost_risk
1335468.2229396026,935204.0032652367,0.0,Ads,6.909790948335987,sales_risk
10843925.383948678,9657520.719954561,1.0,Industrial,2.7619549070501366,healthy
20707698.899798438,14061273.240285452,1.0,Ads,1.250698036420512,healthy
7107423.00317204,6521301.66757121,0.0,Ads,7.310298185918343,cost_risk
2142593.7704826756,1837506.7835639035,0.0,Scale,1.8477323936473824,sales_risk
7287551.063027369,6928792.438547982,1.0,"Industrial,Contract",8.268827284293959,cost_risk
34775465.809016325,22889255.478557985,1.0,"Ads,Scale",4.756652937234706,healthy
74768412.55679542,48819538.77287645,1.0,Industrial,7.282843386255967,sales_risk
11629983.88974461,9531897.901277374,1.0,"Industrial,Contract",3.5175085944085334,healthy
4037188.01339871,3076180.6054371935,0.0,Contract,8.90450245388999,healthy
1220077.0123115561,1154678.221836389,0.0,Ads,1.0203080547955348,both_risks
1893739.3145930835,1510658.6921446794,1.0,Industrial,2.921914096446189,sales_risk
8130333.079014643,6911794.077547713,0.0,Industrial,2.63945418398088,healthy
11136799.244322672,9017511.880372096,0.0,Contract,14.784530521737441,healthy
11486005.329583298,11623708.37619938,0.0,Ads,7.760384000985237,cost_risk
6831279.399346873,4469010.851871078,0.0,Industrial,5.058969264349324,healthy
1898885.8838683004,1656182.2207088629,0.0,Ads,12.488180879110196,sales_risk
1836815.7692953576,1326757.9392850953,0.0,Ads,2.273384500696956,sales_risk
10296600.64565589,7010352.534031303,1.0,Industrial,1.8878642400943546,healthy
3895887.696594008,4163446.0192712788,0.0,"Industrial,Ads",2.038618200591279,cost_risk
32763824.12090561,32847786.448252197,1.0,Contract,0.34553788177400696,cost_risk
2065922.150108864,1916321.1426902888,0.0,Industrial,7.346753532210371,both_risks
48018548.61326442,36757383.57232896,1.0,"Industrial,Ads",15.28396287913031,sales_risk
4563059.127120428,4313095.054442695,0.0,Industrial,5.015065691168668,cost_risk
11108143.00482245,9976711.056876961,0.0,Industrial,5.353175639771095,healthy
11107842.288571244,9599844.432493646,0.0,Industrial,1.4140615248542625,healthy
6299573.2447648775,5848204.882361912,1.0,"Ads,Contract",3.9889606147398444,cost_risk
1186498.5768109898,1190034.4781850488,0.0,Industrial,2.7909731917465943,both_risks
5485422.152215005,5213935.305050037,1.0,Ads,6.908689163958672,cost_risk
40729377.50411134,42355890.18856353,1.0,"Industrial,Contract",5.393628107757387,both_risks
2468711.036784332,2313919.8242969564,1.0,"Contract,Scale",3.1211061897198706,cost_risk
1408295.7631497981,1220459.9129410514,1.0,Scale,3.614161877081873,sales_risk
7139308.658142453,6604692.120451673,0.0,"Industrial,Scale",4.988816902436139,cost_risk
5883209.089911493,4208777.9795830995,0.0,Ads,2.5738895552594636,healthy
2439145.28271622,1634197.3692658423,0.0,Ads,14.663884016948185,healthy
4186716.2994630416,4122397.3983229836,0.0,Scale,3.2275098488151635,cost_risk
5492647.386744241,4194845.986250759,1.0,Industrial,6.9748921200461105,healthy
5880342.32392491,5321803.872642332,0.0,Scale,3.5776824920700383,healthy
10456912.723947551,7983410.311954088,0.0,Scale,5.72454049563164,healthy
18014062.346504927,14600226.288114542,0.0,Ads,15.815710674756225,healthy
13086279.922488676,12983135.683936087,1.0,"Ads,Scale",1.4662611348122514,cost_risk
12506370.78491549,12190738.823611226,1.0,"Ads,Contract",8.162201892728962,cost_risk
47685739.81632844,39660562.550541654,1.0,Industrial,7.2906026573555,sales_risk
26570263.23744917,23478424.195212927,1.0,Scale,1.2407261482536494,healthy
482704.4528599604,396740.1174094997,1.0,Scale,5.263921095026484,sales_risk
6180057.640748539,5436778.090776059,1.0,Industrial,9.760348202340108,healthy
1836642.6377543686,1341177.4014461664,0.0,Industrial,6.968560517759901,sales_risk
4460910.877927832,4279691.665015886,0.0,Ads,4.505086054006496,cost_risk
19212542.229392182,17484132.944379847,1.0,Ads,9.528128769461857,healthy
7266707.627768883,5639520.848363443,1.0,Contract,1.7616319001207543,healthy
5789814.069579388,5656383.444289964,0.0,Industrial,6.006912646414547,cost_risk
33163868.05142738,24363450.711533904,1.0,Contract,4.2115022258785,sales_risk
1975282.6468111642,1385336.2533518428,0.0,Ads,2.7186803478021364,sales_risk
8090375.067935389,6688687.408103725,0.0,Industrial,3.0636208129709654,healthy
15382773.830110222,13328168.451338237,1.0,Ads,1.9796576494840439,healthy
9103183.127723793,8704970.408876402,0.0,Industrial,10.563010921153822,cost_risk
2776564.107857132,2390351.3162845154,0.0,"Scale,Contract",1.3457989369088696,healthy
8687818.55763183,8935784.132265167,1.0,Ads,5.761645470820091,cost_risk
19925525.88206644,18107250.796358477,1.0,"Contract,Industrial",0.8685696677829966,healthy
12701745.37683382,9768023.595739955,1.0,Contract,1.7996185191489844,healthy
12209091.361434836,10762884.787487067,1.0,Ads,7.033111933160937,healthy
12084667.15244891,11912695.470317097,1.0,Scale,4.516517650769278,cost_risk
10172430.145204842,6908351.414311259,1.0,"Contract,Scale",2.3504823290284893,healthy
2568260.032985414,2658893.0717696315,1.0,Industrial,3.1850540051172382,cost_risk
6523344.833289238,4961473.0459539695,1.0,Industrial,19.407225462836834,healthy
13671688.134729004,12969642.852051333,0.0,"Industrial,Contract",1.8406127960483867,cost_risk
394545.9138641059,305051.89607191493,0.0,Ads,4.245948299979497,sales_risk
18947413.05352318,17694401.367699474,1.0,Contract,2.855605657741877,healthy
12452406.584133828,12110852.37287523,0.0,Ads,1.9518056428398114,cost_risk
3005096.651773192,2091889.542879914,0.0,Industrial,10.521731970444316,healthy
4212849.847541284,2754529.0200120625,0.0,Contract,4.649716301166176,healthy
7247438.859611393,5822505.478581474,1.0,Scale,8.296099101572668,healthy
13435821.698198438,9502233.447086155,1.0,"Scale,Industrial",10.287500703404362,healthy
6113275.972186272,4249646.755218956,1.0,Contract,5.005338725618419,healthy
28545307.162494622,27124905.37902402,1.0,"Ads,Scale",9.794750141415992,cost_risk
13431666.01381455,10270239.106159074,1.0,Scale,1.8962641082224918,healthy
4046765.9698144016,3234507.8737923396,1.0,Ads,3.803230091385869,healthy
5547278.921036438,4402980.662743193,1.0,Ads,4.128351548263668,healthy
11157021.889166592,8199784.974048954,1.0,Contract,7.5672150264777756,healthy
18409438.10579138,15034143.060944319,1.0,"Ads,Industrial",1.0545414370843125,healthy
17540367.126597825,12852410.72344428,1.0,Industrial,2.337946351567907,healthy
8059856.000086056,8557327.237686971,0.0,"Contract,Industrial",3.823516197876065,cost_risk
10318975.57954116,9417216.139781902,0.0,Ads,0.6697084350306627,cost_risk
8665836.017688053,7495447.226084111,1.0,"Contract,Scale",1.1262778011808448,healthy
20216101.023940314,20573022.724294055,1.0,"Contract,Industrial",5.478755239407107,cost_risk
3314294.9814145663,3160047.8307898813,0.0,Ads,5.324372765409406,cost_risk
186336682.97973627,14176955.711517898,1.0,"Industrial,Contract",7.3756787985551515,healthy
1393873.244645661,1136239.6869934658,0.0,Contract,3.804461510236359,sales_risk
13950598.36931112,11327803.309961138,0.0,Industrial,8.776562980847498,sales_risk
11481100.603676988,12023666.522573603,1.0,Contract,3.107495581797381,cost_risk
8882786.387180774,8582545.576421818,0.0,Scale,15.012706680767039,cost_risk
1053249.4626611446,768163.7534376022,0.0,Industrial,5.436764698247478,sales_risk
42572713.170196295,30509363.060027264,1.0,Ads,3.8594912069649725,sales_risk
21821606.15708278,16663287.298891347,1.0,Ads,7.793513456841621,healthy
9115149.186339557,7518972.530061515,0.0,Ads,1.4086495378416206,healthy
14058072.314728642,13882908.793872172,1.0,Industrial,4.084626378054094,cost_risk
3473307.4334772755,3002509.5508096525,1.0,Industrial,6.473880494700808,healthy
14831637.905775048,11253459.675703732,1.0,Industrial,2.1983490976151536,healthy
42291096.91839325,37595939.6703741,1.0,Contract,8.050903729810976,sales_risk
2735745.160483849,2562773.608784551,0.0,Ads,4.542318812601092,cost_risk
131268773.19375114,84683429.74038209,1.0,Ads,0.8974697479895637,sales_risk
5740581.327894384,4180818.390225332,1.0,Industrial,10.609205831564969,healthy
20325928.051415544,14041028.94832298,1.0,Ads,9.59387112553861,healthy
3889881.3668588186,3095775.0672864127,0.0,"Contract,Industrial",12.69531476188216,healthy
13129939.425205568,10660787.655975169,1.0,Scale,5.248919573698874,healthy
2485689.4184558615,1797782.7541844246,0.0,"Scale,Industrial",3.9020551547644517,healthy
4597420.698131257,4055466.2127402485,0.0,"Ads,Scale",13.34451683733531,healthy
7070365.402284804,4472430.49698319,1.0,"Industrial,Contract",7.110269281778988,healthy
4612028.729232725,4115848.041799847,0.0,Industrial,4.75497518989089,healthy
6980073.6971048005,5155386.595672104,0.0,"Contract,Industrial",2.098878320116903,healthy
23581023.64587068,22696301.314469438,1.0,Ads,2.607837068096991,cost_risk
2477882.1447335854,1748977.3915498448,0.0,Industrial,9.61342015976741,sales_risk
2687835.6227711276,1868857.2296109495,0.0,Contract,3.445972032627485,healthy
9314279.912050623,6831586.070868591,0.0,Scale,5.452758967395243,healthy
5054605.312876135,4858023.065956857,1.0,Industrial,6.364646029607483,cost_risk
3256784.588022184,2393811.6970064123,0.0,Scale,1.989155405799336,healthy
10140347.136783212,8733347.613740005,1.0,Ads,3.2878405416800973,healthy
5053709.79458723,4924227.828378205,0.0,Contract,4.910529465462904,cost_risk
12436424.648606371,11883381.01605577,0.0,Ads,6.910762087098798,cost_risk
8539729.822078511,5973075.116953284,0.0,"Industrial,Contract",8.655332730517577,healthy
7266498.506763709,6104845.451900768,1.0,Ads,3.6335233187286233,healthy
8299949.946396629,6800113.881580289,1.0,"Contract,Scale",3.4823726496853977,healthy
24722897.951942958,18652901.039168198,1.0,Industrial,8.531058372653131,healthy
33068922.33744093,24932246.465097796,0.0,Ads,1.4315766122449687,sales_risk
7575240.89905175,7422453.865470955,1.0,Contract,0.5764652481100394,cost_risk
3172506.192073525,2749296.620005214,0.0,Contract,4.51811819090922,healthy
1960496.66155065,1994750.4457445568,1.0,Ads,0.4663364598885922,both_risks
952096.6641759747,903382.35142327,0.0,Scale,1.4557976419731435,both_risks
2741577.517209634,2075340.387493717,0.0,"Industrial,Contract",1.5538224720761078,healthy
3789256.1763110105,2881816.3350718925,0.0,Contract,6.499517961044868,healthy
8431324.635320649,8852292.375024997,1.0,Industrial,3.8881527999355785,cost_risk
1355202.1273297085,916819.3315659551,1.0,Ads,10.818872379141851,healthy
37120918.191194005,37452645.801202,0.0,Contract,2.3614216158637733,both_risks
25739973.89043222,26577974.123646714,1.0,Scale,4.503828060536801,cost_risk
30866140.31742236,26332739.322139643,1.0,Scale,3.075369873752896,sales_risk
5320669.957488152,4969334.527638139,1.0,"Industrial,Scale",7.8659889806635555,healthy
11341751.085796392,11897398.212206587,0.0,Ads,1.2698552901736524,cost_risk
3445693.2690692833,2650340.4517735923,0.0,Contract,6.871041966763293,healthy
41858672.6663694,41123207.141479224,1.0,Industrial,10.233606844023543,both_risks
2641810.240925469,2397407.06634168,1.0,Contract,4.279664714763799,healthy
5316760.128810874,3999039.2041681684,1.0,Contract,7.6268518098480245,healthy
36888701.69859395,36155940.285755046,1.0,Industrial,0.7988866405822257,both_risks
107157697.16785797,102606204.43335262,1.0,Contract,2.5978683783528638,both_risks
8107284.375108227,6393035.350607111,1.0,Scale,7.224574122438545,healthy
5872351.890420315,5752492.673431532,1.0,Contract,9.6646214035291,cost_risk
724232.7249514486,570636.9569937927,0.0,"Contract,Industrial",4.55801539428385,sales_risk
49153175.780780464,42518978.26684635,1.0,"Industrial,Scale",9.586632837209548,sales_risk
12093542.349655526,10391076.876957165,0.0,Ads,8.032940817939807,healthy
1350599.5723661256,1349092.5226692352,0.0,Industrial,6.894721773715603,both_risks
21239153.372183595,21753102.39344257,0.0,Ads,5.063859018188648,both_risks
16417875.718656195,15687120.570394214,1.0,"Contract,Industrial",9.071716260098507,cost_risk
6234446.604391153,5101775.147606261,0.0,"Contract,Scale",23.39787380016897,healthy
5086820.977797246,5194441.758591181,0.0,Industrial,6.131593701453667,cost_risk
18441706.677808315,12847446.096932853,0.0,Scale,8.350937733738942,healthy
11228270.792877572,8302073.391521312,1.0,"Industrial,Scale",2.527632877619264,healthy
14459087.13059213,13920630.563915325,0.0,Scale,7.908930176195003,cost_risk
30295045.20770591,29524745.690536678,1.0,"Ads,Scale",0.03974935301296385,cost_risk
29302692.190837234,29465627.13101239,1.0,Ads,11.413163416496657,cost_risk
19010710.816349033,18965601.98246589,1.0,Industrial,2.725460850786062,cost_risk
15955030.09741193,13796159.637438849,1.0,Contract,2.695338612442791,healthy
2475159.2026535003,1745507.7753857134,0.0,Ads,12.330551696442294,healthy
2912553.7539580734,2074331.3340729477,0.0,Industrial,2.5286004402519167,healthy
20146128.985566832,17252651.22941329,1.0,Scale,1.25707292531651,healthy
16974160.556728587,15327843.226834416,0.0,"Scale,Industrial",2.9627141980799023,cost_risk
14919531.343235256,15794649.839643046,1.0,Contract,4.115009192964895,cost_risk
20590640.581691656,17246925.203319624,0.0,Ads,3.8969027784839696,healthy
5106356.291272326,4651620.178093771,0.0,Industrial,3.971056573714173,cost_risk
15633450.387968784,15980738.719140435,0.0,"Industrial,Contract",4.228069904530383,cost_risk
3305568.365326236,3215209.980216972,0.0,Scale,1.129139451400235,cost_risk
9458081.69833431,9964674.901542068,1.0,"Industrial,Contract",13.132797262432792,cost_risk
22506752.87510233,21560416.572123054,1.0,Ads,6.493968404153863,cost_risk
4515992.448654679,3465879.8312167698,1.0,Ads,21.166865851476484,healthy
62639581.80734455,46523857.94352057,1.0,Ads,1.4661150584338238,sales_risk
27620795.13447357,24402603.81824949,1.0,Scale,7.326847681545216,healthy
35043726.01486866,32475833.328728035,1.0,Industrial,4.779928919318079,both_risks
7194616.519995644,6089905.564932101,1.0,Industrial,8.289104282443777,healthy
2215637.12793598,2234686.1816692264,0.0,Industrial,7.252325451486995,cost_risk
4418938.952652874,4038524.6825133367,1.0,Ads,9.2789040280072,healthy
15427573.781695824,13046302.498981496,1.0,Contract,1.0268444146707005,healthy
6722676.800680137,5652329.507972084,0.0,Contract,5.953991117405834,healthy
18280859.9912835,15115659.14672165,1.0,"Industrial,Contract",3.3368772299438496,healthy
10328885.20815633,8665257.66224735,1.0,Contract,4.463089659612422,healthy
4927026.631850021,3987990.635989301,0.0,Industrial,1.6642046491266966,healthy
22617065.48077769,20773648.30850353,1.0,Contract,18.282210409529256,sales_risk
34337365.7595963,23205263.569214314,1.0,Contract,1.5184504943840915,sales_risk
4273102.865323682,3493193.212874194,1.0,Contract,22.4376660572826,healthy
14826217.466724558,11495874.704447774,0.0,"Industrial,Scale",25.0,healthy
10392491.987853155,7008146.922866945,0.0,Scale,8.358852663499446,healthy
11767824.874021482,10178039.567503141,1.0,Contract,6.344750216744767,healthy
8007527.0171294715,4956383.203697206,0.0,"Industrial,Contract",2.5755278022629295,healthy
2539095.7435593447,1830083.4173075487,1.0,Industrial,7.022966578358055,healthy
36379782.68466712,28220256.853860326,1.0,Contract,3.3862401374176203,healthy
3129576.134066096,1966979.6531258456,1.0,Ads,11.467187337044809,healthy
3720518.736593416,2956851.1795049473,0.0,"Scale,Ads",0.9784028181525273,healthy
17128779.05348546,16279400.385961832,0.0,"Industrial,Scale",5.570149475563281,cost_risk
10637273.934019554,8513791.117799988,1.0,Contract,14.093873857622045,healthy
4008641.4768551113,2980989.056636558,0.0,Ads,4.6018773736308916,healthy
4604076.310529959,4430051.190842181,0.0,Ads,13.446287377361053,cost_risk
7582113.231225858,7038174.093337749,0.0,Industrial,3.451080752403848,cost_risk
5745444.397337805,3825224.34937951,0.0,Industrial,6.820122953043223,healthy
16962682.19391339,16391559.829396768,1.0,Contract,5.281967934943532,cost_risk
2773944.525787572,2298988.899643197,0.0,"Contract,Industrial",11.552864356433828,sales_risk
12779088.463695103,10793238.354246281,1.0,"Contract,Industrial",3.9387142268258373,healthy
41059583.17439152,31926158.719924647,1.0,Scale,4.229641153577382,sales_risk
10868314.557462709,8416246.722240858,1.0,Ads,4.667933338274848,healthy
3655365.30145576,2797001.791611595,1.0,Industrial,10.132654021645077,healthy
4312211.839335271,3479603.191203107,0.0,Industrial,4.237703727708086,healthy
9282713.60242329,7263698.923982796,0.0,Ads,4.082185185043992,healthy
4760131.789926611,3724036.4559551757,0.0,Scale,2.5134398045864828,healthy
30541661.856360972,28047132.55821576,1.0,"Industrial,Contract",6.531997411694828,healthy
1410727.8044297043,1145193.298694573,0.0,"Industrial,Scale",6.332891739129278,sales_risk
45761917.978521146,33158483.947345994,1.0,Contract,4.870052563695558,sales_risk
1172923.8264965184,882131.8749237574,0.0,Ads,0.4926173020170273,sales_risk
8529072.04831096,8167850.096180528,1.0,Industrial,2.4712802122596287,cost_risk
3008727.516867786,2885013.9309169175,0.0,"Scale,Ads",16.659768835699932,cost_risk
20179609.841331463,16969767.03700165,0.0,Industrial,1.8416802890886275,healthy
4097822.6245392337,3240422.9109557653,0.0,"Scale,Ads",1.5480645756998066,healthy
2861716.427323416,2396814.9217674644,0.0,"Scale,Ads",13.455510025490282,healthy
6324711.746421043,5976143.987218924,0.0,Industrial,8.40358203522089,cost_risk
5891323.870941928,5098025.787001622,0.0,Industrial,2.568738832091952,healthy
1283331.3443205766,1329054.0441013395,0.0,Industrial,4.524856053586408,both_risks
13999275.60547885,11061993.101388574,1.0,Industrial,18.29165581607365,healthy
812096.5440223382,677054.957692954,0.0,"Scale,Ads",2.764525875969955,sales_risk
28813002.30755393,25550950.246367052,1.0,"Contract,Industrial",15.818771343678842,sales_risk
6388021.3153837,6181982.366143202,1.0,Scale,1.104728099449679,cost_risk
23046092.24775018,18425010.09474891,0.0,Ads,3.1804159466741027,sales_risk
4874079.455188842,3665115.914693623,0.0,Contract,11.841164307466874,healthy
4020403.9201226984,3407894.4892435935,0.0,"Ads,Scale",14.350244445217562,healthy
17051489.889749512,14406759.761487922,1.0,Ads,5.43348423181499,healthy
4954764.725739487,4194461.627461682,1.0,Ads,4.4101956286638275,healthy
1890579.434214472,1937160.6107271214,0.0,Ads,6.505067677867167,both_risks
8145067.801780593,7699920.565919439,0.0,"Industrial,Contract",9.919150440651489,cost_risk
2242115.4921323555,2360663.3224075916,0.0,Scale,6.9520903087850145,both_risks
8772152.540388325,8401851.055902056,1.0,Contract,3.9997955645732213,cost_risk
35283976.7097517,22335819.953859765,1.0,Industrial,11.095645286508095,sales_risk
23269833.391057838,17739873.36947398,1.0,Ads,0.7835822903334855,healthy
8902580.452333426,7338753.795656239,0.0,Ads,14.725121758567152,healthy
7529063.870778637,6615939.880597572,1.0,Scale,5.9883174063216424,healthy
6473416.655467202,5714977.325645585,0.0,Contract,5.443470082647288,healthy
4697094.125154903,3488154.8659652183,1.0,Ads,6.23367470672731,healthy
12674135.282453137,11380232.633820131,1.0,Contract,4.018351775931052,healthy
7588275.403042187,5925307.198811577,0.0,Scale,6.903435576019536,healthy
6066551.308036139,5561937.731648116,1.0,"Industrial,Contract",2.0992397239041773,healthy
11641044.613328915,11933249.967836456,1.0,Contract,6.476501536181144,cost_risk
1180706.172279493,1092312.2893944301,0.0,"Industrial,Contract",7.669538964563824,sales_risk
62863745.97242256,55324939.10010785,1.0,"Ads,Scale",1.4396600927637329,sales_risk
16686888.38744068,17563931.93040119,1.0,Industrial,4.183065164040873,cost_risk
2204996.939097293,1862642.467574212,0.0,Ads,4.076102862342942,healthy
9969555.042100238,7938438.392106854,1.0,Scale,2.8517361132019783,healthy
2873136.508664443,2196428.65569033,0.0,"Ads,Scale",4.342292833457577,healthy
5182155.562746302,4126920.36694261,1.0,Ads,4.170907913500507,healthy
3630534.993771148,3283234.676438077,1.0,Ads,13.101502617389446,healthy
26478955.273592707,21638461.55543469,1.0,Industrial,3.0513541258568484,healthy
1301810.4830968361,1302729.5486378,0.0,Industrial,7.018930640969321,both_risks
6234485.383222596,4690460.0081726825,0.0,Ads,2.5402519654528968,healthy
1708176.5871027173,1235988.6962840112,1.0,Industrial,2.7136667959546124,sales_risk
8706238.352674704,6990227.923316904,1.0,Ads,6.518057419102849,healthy
6467446.894690523,5920970.073594934,1.0,Scale,5.254641880626387,healthy
2176611.9673969042,1828421.4834118509,0.0,Industrial,7.6313343534702245,healthy
37495609.90072864,34791988.38887178,1.0,Industrial,8.723604923214813,healthy
42433254.51341955,39851888.77856101,1.0,Industrial,2.2240216516821776,both_risks
5054641.547416236,5436302.887825645,1.0,Industrial,9.494542953157879,cost_risk
14975531.4736783,16054853.102952946,1.0,Scale,3.931182868685629,cost_risk
7657478.5869630035,6820648.603907837,1.0,Ads,3.0704633350662585,healthy
11335395.213118881,11290300.184432758,1.0,Contract,2.3855383911722443,cost_risk
41125172.604191914,35829948.03992747,1.0,"Industrial,Ads",10.380255318715795,sales_risk
6792702.188076434,5104897.384840552,1.0,Contract,2.0053334038938857,healthy
53338421.52471433,48234919.170444466,1.0,Contract,2.233730804332393,sales_risk
6661166.295101255,4632418.463981265,0.0,"Industrial,Contract",6.351589761045088,healthy
8092482.203592935,8437265.593199883,0.0,"Contract,Industrial",4.401764086938458,cost_risk
58780306.74982384,45651879.89225804,1.0,Contract,4.739936712803077,sales_risk
11701378.312564181,9364690.104396414,1.0,"Contract,Scale",4.06229319113413,healthy
1164798.1478157744,980710.782622866,0.0,Industrial,4.2099439069544164,sales_risk
11126084.616744548,8351967.62576803,1.0,Industrial,6.653871659889926,healthy
2466095.701097605,1654103.1480121808,1.0,Ads,7.637773764442443,healthy
1685203.870992936,1697651.189401931,0.0,Scale,3.265312052230706,cost_risk
3462000.421450652,2646755.73614203,0.0,Contract,8.077772064697056,healthy
12311943.688593717,9260292.506257106,0.0,"Contract,Industrial",3.5624030024053006,healthy
2918651.777509385,2203617.384573821,0.0,Contract,1.9343179093649245,healthy
2188531.8550618924,2002166.9303837535,1.0,Ads,5.1187507874750695,cost_risk
6078317.373365131,5975294.727738099,1.0,"Ads,Scale",2.78447287575358,cost_risk
13317781.408338517,11418518.117596816,0.0,Industrial,3.603322056713788,healthy
4428722.456775416,4532788.046523572,0.0,Industrial,4.707072032083413,cost_risk
2406210.3878834373,2451653.0322896643,0.0,"Contract,Scale",2.1488994856640096,both_risks
1011866.6850259972,870415.618524321,1.0,Ads,5.252128538603221,sales_risk
4088944.8509311993,3071969.15796377,0.0,"Industrial,Contract",2.447161898149729,healthy
20672367.057178326,19690996.27761894,0.0,Industrial,3.637442167628924,cost_risk
24205494.750341155,19789001.628987413,1.0,Scale,6.9211080220356,healthy
19575932.804207318,17957804.34307862,1.0,"Industrial,Contract",2.2944642762996494,healthy
7457335.6565244235,6842176.200855145,0.0,Industrial,6.900353939702878,cost_risk
10113193.168599207,8879845.660690691,1.0,Contract,5.490285867596233,healthy
31569544.921902694,25672004.654078357,1.0,Industrial,9.11072240572931,healthy
3727776.7666450525,2790096.0597756575,0.0,Contract,14.29225298804612,healthy
12788739.000352286,12850728.798578944,0.0,Ads,1.8251108342533504,cost_risk
1368332.7747334198,1277513.9059893924,0.0,Industrial,4.699942109897234,both_risks
17580443.230698295,16271544.757623915,1.0,Ads,8.46285063310446,cost_risk
5660127.414135338,4247631.793819614,0.0,"Scale,Ads",11.683700263084866,healthy
2797868.862964606,2575009.1478299424,0.0,"Industrial,Contract",9.027841553411736,cost_risk
19246387.683176577,14707046.437745985,0.0,"Contract,Industrial",7.072671666603121,healthy
2924883.0292106806,2373288.130370831,0.0,Industrial,13.500633860878882,healthy
3732983.4404010866,3908904.88859954,0.0,Scale,1.6981997833819553,cost_risk
41318397.61268634,41343295.671305634,1.0,"Industrial,Contract",10.782280229065236,both_risks
3121970.4522607056,2888626.3912536693,1.0,Scale,5.254744803768161,healthy
4611182.885465679,3016656.0101977466,1.0,Industrial,5.459763941720811,healthy
4487227.142304789,4093080.830874578,0.0,"Ads,Contract",10.269681261546591,cost_risk
19478092.92631187,13747027.279038573,1.0,Scale,16.060700053045636,healthy
1417050.7068466623,1348582.6716782453,0.0,Scale,3.2989605602965595,both_risks
31027848.03748157,30676560.561205484,0.0,Ads,4.652727667890202,both_risks
6966657.663668137,5763028.0145624885,1.0,"Industrial,Ads",3.3812447233540546,healthy
6472892.59872876,4473917.788648509,1.0,"Ads,Scale",13.317455830079645,healthy
3624832.299858726,2927165.8674144736,1.0,"Industrial,Contract",8.073223066162925,healthy
7683215.269018761,5344757.358026274,1.0,Ads,5.680298176826159,healthy
38662995.90848274,33352087.331846807,1.0,Ads,3.7006000482609682,sales_risk
10993913.796864044,8861261.291725662,1.0,"Ads,Contract",2.877306485992268,healthy
3497153.1442802893,3463324.861554256,0.0,Ads,8.738750941994892,cost_risk
6278519.971557947,3985881.2023520786,1.0,"Contract,Scale",2.9045532741229287,healthy
15164277.669957452,11710807.301629031,0.0,"Ads,Scale",7.39420573405614,healthy
9677605.589393135,7280555.12716586,0.0,Industrial,3.8953558822368333,healthy
6870101.293797421,5491354.936057506,0.0,Scale,9.667835481842847,healthy
16265761.142641157,14352577.840074198,1.0,Industrial,3.811569686166519,healthy
12750571.920989407,11151825.07903523,1.0,Industrial,8.542764998839466,healthy
3024583.5944109503,2959703.3332583313,1.0,"Ads,Scale",2.2510143652332597,cost_risk
1309405.332833798,1056880.474801559,0.0,Ads,3.071842095009429,sales_risk
14657873.703738155,10005459.889011903,1.0,Ads,2.508202628500174,healthy
56936326.43590263,48309222.438603476,1.0,"Scale,Ads",2.7879321471006815,sales_risk
3910862.9296593326,3253190.195759901,0.0,Industrial,6.868230689215832,healthy
7717401.582325273,7320982.849411996,0.0,Contract,1.5609593693080317,cost_risk
34417695.09911138,28830284.361862328,1.0,"Scale,Contract",10.412917775630408,sales_risk
50608695.40480094,48815904.743805364,1.0,Ads,3.0832722931750545,both_risks
9485130.19508914,6411499.845751825,0.0,"Industrial,Contract",3.3047660109368544,healthy
31007053.662446283,19400873.00346004,1.0,Industrial,6.257195098722553,sales_risk
18823826.09197987,16613593.501706863,0.0,Ads,2.2546048773398972,healthy
5097109.996022372,5053193.9365544515,0.0,Contract,13.112098224793769,cost_risk
1180192.8108032276,919464.8946082132,0.0,Industrial,21.45734303982009,sales_risk
3578922.8685668176,3428337.1208008872,0.0,Scale,1.997020520847669,cost_risk
12854819.166434297,10634855.713801859,0.0,"Contract,Scale",3.8291360665016425,healthy
13514244.4855622,14232102.310657542,1.0,Industrial,13.132037074797832,cost_risk
5377614.585877772,5067368.89731536,1.0,Scale,10.398644057173424,cost_risk
3768923.7477272754,3385300.2734048134,0.0,Contract,0.8164196492278957,cost_risk
1793527.2327014797,1494082.914384851,0.0,Ads,6.656853293353821,sales_risk
1655587.2250536056,1627717.180944323,1.0,"Contract,Ads",9.61100512723173,both_risks
7864581.478599211,6524283.015869647,0.0,"Scale,Ads",10.699466752358404,healthy
1839981.502606778,1675930.8986439204,0.0,"Contract,Industrial",7.131472624246315,both_risks
8752885.805226754,7534051.9864013605,1.0,Ads,12.549188939676647,healthy
4000856.927797468,3672302.1403055815,0.0,Industrial,6.383175740429104,cost_risk
5802709.126983786,6302264.831469959,0.0,Scale,14.688695470132169,cost_risk
74429854.8394638,61492642.78474213,0.0,Contract,5.070706507031757,sales_risk
9325494.295318866,8700783.10895093,1.0,Industrial,7.7433812552972325,cost_risk
6302437.880014043,4431366.972635471,1.0,"Scale,Contract",2.16255680396571,healthy
7471932.06610038,6616415.111173441,1.0,Ads,5.634546326293613,healthy
2035684.7105013432,1396287.329131607,1.0,Contract,0.8019701522978091,sales_risk
33907583.9748041,35697380.94347252,1.0,Ads,12.551810652654645,both_risks
20745012.601997763,20460710.81784623,1.0,"Ads,Scale",3.870828671437279,cost_risk
5219983.861959554,4354161.28186594,1.0,"Scale,Ads",0.8374163024813441,healthy
11176100.461715236,8146066.18640358,0.0,"Ads,Scale",4.060659475230866,healthy
4539930.557466184,4851511.725430774,0.0,Ads,5.680802937723856,cost_risk
13207312.739565808,13154402.499719443,0.0,Industrial,3.962848775276143,cost_risk
2319882.9308826113,1671163.5582819227,1.0,Industrial,2.273947026640638,healthy
11611083.833536541,8774206.692387894,1.0,"Contract,Industrial",3.5164348918569055,healthy
39875387.55979211,30384643.237088624,1.0,"Ads,Contract",7.9828130114609595,sales_risk
13884466.764960483,11060008.896613184,0.0,"Ads,Scale",0.8725655820043501,healthy
4925373.232084191,4086887.633691035,0.0,Contract,19.66482935364189,healthy
22971617.254534505,19705009.521436457,1.0,Industrial,15.814122695472788,healthy
62491618.16417045,44041591.64781375,1.0,Contract,1.7238229362606954,sales_risk
18456626.67197662,17251212.983238805,1.0,"Scale,Industrial",1.988160924602424,cost_risk
9793544.605599752,7847427.995507211,1.0,"Industrial,Contract",8.009856168514434,healthy
3983939.346563695,3432516.217822503,0.0,"Industrial,Contract",12.225920236969179,healthy
13737488.344653402,13713739.971008983,0.0,Ads,9.622755766806279,cost_risk
60749338.112607494,56234982.60876825,1.0,Contract,10.680153800853619,both_risks
1182474.4972312127,1034737.9820944779,0.0,Industrial,3.4984824159876577,sales_risk
23612562.125474293,18128228.614258125,1.0,"Scale,Ads",13.010344812682032,healthy
10301415.532056933,9588824.51618209,1.0,Contract,10.993670936688671,cost_risk
40360279.47937968,31816000.071902383,1.0,Industrial,12.04105224163161,sales_risk
7818982.460215693,7706620.162860861,1.0,Industrial,4.338962072304419,cost_risk
1020984.0751809971,715386.8685354821,0.0,Contract,13.69840598663905,sales_risk
65100148.66573193,50107630.241758265,1.0,"Ads,Contract",4.8767390264117605,sales_risk
2787392.4354190766,2198696.584574479,1.0,Contract,11.097625087001047,healthy
19782736.50849055,16441493.296590948,1.0,Industrial,15.752580419855642,healthy
7821834.815039052,6623074.01097676,0.0,Industrial,5.677909927580708,healthy
8541213.950106617,6566492.839437165,1.0,Ads,2.0020758385369386,healthy
10197201.283508286,7274788.314336707,1.0,Industrial,1.719605821008309,healthy
5148077.6551324595,4347178.902623136,1.0,Scale,4.523743181897453,healthy
10708879.949427143,10022029.793047529,1.0,"Scale,Ads",6.073119547093002,healthy
12087410.565112473,7964530.267700145,1.0,Industrial,1.5951172639597746,healthy
19808081.356759854,16850038.3270358,1.0,Ads,3.664652404181026,healthy
10069498.984580662,8615615.078041459,0.0,Ads,5.37567472744845,healthy
12221315.514181647,11984715.833271137,1.0,Ads,3.23941326665254,cost_risk
33537826.91607924,26928114.08625876,1.0,Contract,4.663030109868893,sales_risk
3605525.869781008,3186133.951392575,0.0,Industrial,4.408327759490537,healthy
9531797.7302662,8915009.072954018,0.0,Ads,14.098353555889675,cost_risk
14336402.84786683,11316807.592460621,1.0,"Contract,Ads",11.115125938446491,healthy
25026264.276902955,20276955.914024565,1.0,Contract,0.742835764122193,healthy
8338699.751421664,6908577.043530118,1.0,"Ads,Industrial",9.486931150133035,healthy
9814278.628886217,6712118.57592438,1.0,Contract,4.776398238547149,healthy
6293658.315977625,5928266.098560577,0.0,"Industrial,Contract",3.355146871126898,cost_risk
30714825.998764314,27518944.418667123,1.0,Ads,6.54173889746665,sales_risk
6445082.206785145,5653507.45553976,0.0,Industrial,5.391882234395584,healthy
17633174.48751227,13484686.291176189,1.0,"Ads,Scale",1.836488388289545,healthy
8025422.71908018,7172760.335418091,1.0,Industrial,6.7712808410197844,healthy
9164470.960978856,8214965.106206429,1.0,"Contract,Industrial",0.5572564916540235,healthy
2615437.0790929757,2041899.0352612066,0.0,Contract,19.15523281336509,healthy
9404624.354406696,6451322.149922506,0.0,"Contract,Ads",6.628264464840759,healthy
8626538.788707104,8248057.508623053,0.0,"Scale,Contract",1.7734672941701848,cost_risk
2015543.6425246615,1807053.8342001487,0.0,"Industrial,Scale",3.8284480849950926,sales_risk
4237820.257882105,3870384.1351790875,0.0,Industrial,4.662560882141717,cost_risk
5644249.030947906,4026992.975861481,1.0,"Industrial,Contract",10.292380265312557,healthy
1926654.0653148373,1287920.1093050945,0.0,Industrial,0.3572375953306067,sales_risk
2630899.161225113,2371509.4290495077,0.0,Industrial,3.336240897268839,healthy
38630910.554857,31534265.490160916,1.0,Contract,5.99861801144233,sales_risk
3172459.067646783,2206205.026092383,1.0,Contract,7.581093485753614,healthy
3772777.4640628337,2995090.7032545344,1.0,Industrial,7.06213578939678,healthy
2200596.2156058964,1786782.4923357533,0.0,Industrial,7.857577230334717,healthy
30321934.459742773,23210013.042206746,1.0,Industrial,5.729538122513897,healthy
22257913.438380994,20610998.884024054,1.0,Ads,1.8701967781587427,cost_risk
12215505.169805644,8287261.571098993,1.0,Ads,14.401452807025784,healthy
9667117.18258961,6370400.740902399,0.0,Industrial,7.739135931245059,healthy
5433674.955927182,3440702.460225089,0.0,Ads,4.525700394051286,healthy
6686431.216794657,5945142.293072372,1.0,"Industrial,Contract",1.5251198152284573,healthy
4528246.153098357,2803045.1734436513,0.0,"Contract,Industrial",2.659841822436258,healthy
17163016.479480583,15257521.825365286,0.0,Industrial,0.2773581265624463,healthy
17755295.643366896,15261367.98555014,0.0,Ads,6.219773972485822,healthy
22134065.908881932,17603276.21110356,1.0,Industrial,0.5696203261707257,healthy
68950198.02043656,58713862.34592777,1.0,Scale,3.3892612349805216,sales_risk
18023168.59623396,16890963.462666444,0.0,Industrial,14.39642749197054,cost_risk
16760381.559311626,13143455.15623907,0.0,Contract,4.7140182606315415,healthy
24244442.578573514,21825527.1020854,1.0,Industrial,4.538507667746833,healthy
1901189.1982332645,2041053.2255008104,0.0,"Ads,Scale",12.77370650831957,both_risks
8928263.387058944,7017664.200796936,1.0,"Contract,Industrial",11.88416196608809,healthy
1958123.3579977462,1578924.9121266077,0.0,Ads,5.931588271345801,sales_risk
43023290.32602559,39805803.668208376,1.0,Contract,0.6858435688665863,sales_risk
5427506.52623042,5157598.855444279,0.0,Industrial,6.421516642186667,cost_risk
52332113.72094842,43513028.2278718,1.0,"Scale,Ads",4.429288887819058,sales_risk
25687706.78929639,22818068.820483487,1.0,Contract,5.362663641608124,sales_risk
5115387.920439526,3960201.5129785542,0.0,Industrial,1.6558897630332106,healthy
1689990.5690513763,1394473.0360910802,0.0,"Ads,Scale",2.0914295091713875,sales_risk
2887733.99064862,2852067.583316139,0.0,Ads,3.678470413061386,cost_risk
25108605.7336984,22457669.45224248,1.0,"Scale,Ads",5.384771198287057,healthy
6444240.8296171175,4695015.207988178,1.0,Industrial,4.01445727953882,healthy
2020215.8172907562,1512067.870217446,0.0,Industrial,4.619994945008487,sales_risk
7097749.282857577,4604281.21866993,1.0,Contract,1.329567854842392,healthy
48288596.74835004,43920229.37155321,0.0,"Ads,Contract",16.12522734708775,both_risks
44421620.78135834,41878659.52536695,1.0,Scale,11.691299287502886,both_risks
5536725.65901209,4513645.211535785,1.0,Scale,5.296534894899237,healthy
12092732.379883947,11985207.593716593,0.0,Scale,3.6536071563966095,cost_risk
16399243.112140376,12793564.3162826,1.0,Scale,3.22671765198569,healthy
2024503.1016818215,1381863.6447882778,0.0,"Contract,Industrial",6.376770206967073,sales_risk
5215145.334796052,3953442.246301619,1.0,"Scale,Industrial",2.551930323874413,healthy
5924380.138252212,5054210.415255415,0.0,"Ads,Scale",4.990733924799596,healthy
13310346.015427433,11598269.87440234,1.0,Industrial,2.01262669642777,healthy
5334462.438412453,4352825.152373381,0.0,Industrial,2.7832575659537633,healthy
2197021.2057919255,1569371.1558154835,0.0,Industrial,21.23369293214373,healthy
12288898.024631396,10762623.305919895,1.0,Industrial,4.5582206485069126,healthy
4676182.551928463,3713244.5269502914,1.0,Industrial,3.332255996286177,healthy
2602814.2198445196,1834689.453616685,1.0,"Ads,Industrial",3.058833769212016,healthy
2609327.8056417545,2382561.160322906,1.0,Contract,0.7613184091798717,healthy
7110063.068043346,6421765.401724255,1.0,Industrial,12.240679750380899,healthy
37922570.63471306,37582024.149053976,1.0,Ads,3.2700931687788395,both_risks
7462895.404060541,5787414.964067288,0.0,Ads,7.3301663867189735,healthy
25987470.709677473,28296736.232060824,1.0,Ads,2.402448373685889,cost_risk
940219.3198720029,925943.5457287226,0.0,Scale,2.7103877489871526,both_risks
3841367.3473497764,3852837.213260293,0.0,Scale,10.86101984090925,cost_risk
2525652.9030143153,1735029.4255320497,0.0,Industrial,5.722639267006764,sales_risk
6752644.836272399,4473196.4332861,1.0,"Ads,Scale",7.1326806792390975,healthy
19195660.743005767,16123935.483785339,1.0,Scale,1.730670334571465,healthy
5144985.878981343,4879854.428288611,1.0,Industrial,2.8631409664177623,healthy
2559975.7044991064,2552264.564804178,0.0,Ads,8.794728718797412,cost_risk
22925019.271452866,17357244.370924026,1.0,Industrial,4.451414715701108,healthy
4146882.863189825,4095905.091099019,0.0,Industrial,5.757182985964381,cost_risk
11670304.613304352,8527688.215787116,0.0,"Ads,Scale",2.008271498370412,healthy
4569903.905079806,3323684.981016748,0.0,Contract,5.479569643080485,healthy
14903796.273257934,11782525.146615546,1.0,Industrial,3.894894118396717,healthy
6055350.661236161,5713105.353268668,0.0,"Industrial,Scale",1.8818307173380104,cost_risk
19680873.304254394,16414687.021873295,1.0,Contract,1.378162376111816,healthy
16535240.032690028,15031383.54552692,0.0,Ads,2.739451181758282,cost_risk
81921288.82357146,65522861.87255333,1.0,Ads,5.010345938206413,sales_risk
8201483.429164852,8285353.243104061,0.0,"Ads,Scale",5.67881544651791,cost_risk
3350662.5755074313,2941763.510735967,0.0,"Ads,Scale",3.2944847098280654,healthy
2782562.2745187804,2166298.772384527,1.0,Industrial,24.343230261150428,healthy
4889902.478690603,4211706.476314869,0.0,"Ads,Scale",2.507669566076347,healthy
12933278.934229815,12072182.857029859,0.0,"Industrial,Contract",3.809845236048143,cost_risk
4352125.8494082065,3290441.4222664065,1.0,Industrial,6.409232828197044,healthy
40587371.87840856,30974964.598142456,1.0,Industrial,2.2427100291327102,sales_risk
10856973.664642075,10206035.313961703,1.0,Contract,3.1100469313339256,cost_risk
3345012.688657759,3211497.601254587,1.0,Scale,1.410959673786724,cost_risk
5593113.964447124,5413231.139889779,1.0,Ads,5.06175052024602,cost_risk
4693173.426366468,3476099.581567951,0.0,Industrial,5.452712721286476,healthy
10620187.8040661,9322202.480440564,0.0,Ads,2.7584732749471037,healthy
3187114.0617465554,3098659.198231099,0.0,Ads,5.651334637002019,both_risks
32022979.511519484,21734581.375512473,1.0,"Industrial,Contract",19.588082639984332,sales_risk
6222551.885548923,5492424.02819896,1.0,Ads,15.131159255011669,healthy
7009103.193158066,6396013.388859988,1.0,"Contract,Industrial",9.046706636343055,healthy
22368179.61208355,22401754.681992345,0.0,"Ads,Scale",7.086784399014453,both_risks
4203920.1555291,2951840.601695378,1.0,Industrial,5.384918632043355,healthy
8873934.257820895,7386077.730039518,1.0,Ads,2.059996452935807,healthy
53340891.88606838,52499794.17530027,1.0,Contract,0.6342415486128608,both_risks
13405065.456224639,10446997.701847134,0.0,"Contract,Ads",2.235523336567563,healthy
11921129.15846025,9221130.241793523,1.0,Contract,13.89147204850866,healthy
5518433.811413813,4503149.46206887,0.0,"Scale,Contract",8.058724516639126,healthy
3287901.0821977383,2170163.7218930223,1.0,"Ads,Scale",1.3863456530564886,healthy
51075170.91273029,47952039.556219876,1.0,"Ads,Contract",1.2638819997499096,both_risks
7571426.593604614,7689375.53081393,0.0,Ads,13.693460085309495,cost_risk
59292379.80080999,55093610.85110478,0.0,Ads,0.8488089123335705,both_risks
4484355.090009789,4304392.1491839355,1.0,"Ads,Contract",11.065655088755458,cost_risk
31169567.73790671,22858798.037784096,1.0,Industrial,0.6094556376860115,healthy
7236753.352708523,5985516.694380429,1.0,Ads,1.5575693431021107,healthy
13480864.154593995,10546684.520867584,1.0,"Contract,Ads",16.2532775884167,healthy
30000021.065534692,21536701.19383506,1.0,Industrial,11.129668257613176,sales_risk
13818718.041298637,9992393.79575126,1.0,Industrial,5.072598528590384,healthy
19827432.537907135,17954156.678234864,1.0,Industrial,0.31434744605159415,healthy
1861829.8749415856,1437927.5857522187,0.0,Contract,1.1500448866268795,sales_risk
5605722.29401928,5216256.282912058,0.0,Industrial,2.4412742991149066,cost_risk
68660794.32104492,64465109.60670693,1.0,Industrial,5.801216977009633,sales_risk
7066413.228876319,6281794.904701714,0.0,Contract,5.614152910878352,healthy
12220551.362179626,9198643.957650967,1.0,"Ads,Scale",4.372382862508552,healthy
7548883.5322956,7453431.1306038555,1.0,Industrial,9.098604088473794,cost_risk
4772696.357216247,4516628.116291767,0.0,Scale,5.219871169871273,cost_risk
1994574.1672190158,2146959.1204885794,0.0,Ads,8.718921557425078,both_risks
2837001.5130274254,2889307.733442553,0.0,"Industrial,Contract",3.1533793346915564,cost_risk
47801629.01891928,43684784.46599261,1.0,"Scale,Contract",8.837289448427653,sales_risk
8210623.012337479,8255242.58858307,0.0,Scale,3.1300699817224578,cost_risk
2706566.3622430856,2325799.280209202,0.0,"Industrial,Contract",2.3787308490764203,healthy
3598165.1604064945,3017417.9128814577,1.0,Industrial,2.994353900255193,healthy
21283200.693240516,16867530.019405957,1.0,"Industrial,Contract",7.169661167926028,healthy
3446432.0482861837,3069435.6914251554,0.0,"Industrial,Contract",0.8824894983010261,cost_risk
4754719.060498168,4114132.0802206374,1.0,Contract,2.47953979067191,healthy
2909135.1620749226,2021015.4607301126,1.0,"Scale,Industrial",1.1494283165633585,healthy
2522774.331279075,2226367.995651315,0.0,"Industrial,Scale",9.651233927799892,healthy
46226382.35250993,45169189.15630555,0.0,"Ads,Industrial",11.749935151097377,both_risks
7718344.385410681,6182826.039732247,1.0,Contract,9.364455109876404,healthy
6442924.3190098815,6826619.976625519,1.0,"Scale,Ads",10.274067568175917,cost_risk
4869736.433196604,3708284.761391303,1.0,Industrial,10.279814616445,healthy
18118659.650673382,17152901.5453962,1.0,"Contract,Industrial",1.770291442916581,cost_risk
9449489.970799295,9412687.828231588,0.0,"Scale,Industrial",14.495754631455592,cost_risk
11903482.44309885,12163509.874929752,1.0,Scale,8.995003365777876,cost_risk
10189474.673375884,9681165.469241533,1.0,Contract,7.813123408599421,cost_risk
6216255.794431707,5268694.377006559,1.0,Scale,0.2276117353061426,healthy
5493694.449379551,5178360.937243369,0.0,Scale,2.1556690008842856,cost_risk
1567665.108277128,1110705.1075968947,0.0,"Industrial,Contract",5.6320123520107535,sales_risk
5434194.019552917,4452988.171399879,1.0,"Ads,Scale",2.1503189252540387,healthy
77327322.53063302,55898130.11068967,1.0,"Industrial,Contract",9.29928442780184,sales_risk
2572949.2837816956,2402333.8054978154,0.0,Ads,2.4802203976910944,cost_risk
8925044.278953955,9452476.10714104,0.0,Industrial,7.047907021057918,cost_risk
12431267.447337555,9674783.83347509,1.0,Ads,8.883567233662095,healthy
29327174.908795733,25595499.201355666,1.0,Industrial,1.0518949516078213,sales_risk
126819655.41512688,133783051.78042176,1.0,"Contract,Scale",6.599181713473772,both_risks
5975653.772954114,4945363.556802143,0.0,Ads,6.015845718232036,healthy
3696498.995753069,3350510.4938773047,0.0,Ads,3.3619808589050577,cost_risk
25653028.700664397,22964504.20564377,1.0,Contract,6.872536017758618,healthy
10995634.628527228,9731544.77231894,0.0,Ads,5.989534649299903,healthy
66080086.313676104,44308112.36342196,1.0,"Industrial,Contract",4.990460876533264,sales_risk
18353614.029114325,17937169.36018113,1.0,Ads,9.335331776959581,cost_risk
4552571.856260165,4119355.8173680706,1.0,Ads,8.375174556849887,cost_risk
7299853.837301316,4740714.329653103,1.0,"Ads,Scale",11.701941422113203,healthy
13565479.55722879,14398748.962463086,1.0,Ads,1.224826900969946,cost_risk
14660815.1895149,12058973.198373625,1.0,"Ads,Contract",3.577213681192226,healthy
2858720.4430834153,1996996.880597919,0.0,Scale,2.6504609684127205,healthy
1297296.9950004665,1098832.729429883,0.0,Scale,4.878572971081396,sales_risk
1787311.731409137,1711605.2422277534,0.0,Industrial,6.8400530921977,both_risks
16471795.47388308,13197849.128863217,1.0,Ads,0.2929789388346033,healthy
7623618.924730314,7111524.073205202,0.0,"Industrial,Contract",4.468456616116177,cost_risk
1418568.0590704738,1167896.9624032155,0.0,Ads,6.096047723904302,sales_risk
5122533.771428449,4781211.168712214,0.0,Industrial,2.210850891483882,cost_risk
1280786.2839083236,1035811.7244722557,0.0,Contract,8.215539731091987,sales_risk
6829905.934684172,6428521.812629408,1.0,Contract,4.052486277975189,cost_risk
3740165.3961666934,3534086.4790685964,0.0,Industrial,2.3739908960823,cost_risk
5086162.628593285,4610049.641502684,0.0,Ads,5.514323150927835,healthy
8167268.864517165,7694210.357417435,0.0,Industrial,7.8958578732451885,cost_risk
10666621.813407296,9089666.451450394,1.0,Ads,8.312314311583394,healthy
9431402.488603791,7908943.162739683,0.0,Contract,13.791842280790451,healthy
32335545.665693924,31865411.123285048,1.0,Industrial,4.279227645578702,both_risks
98053947.63203418,78104444.57630236,1.0,Industrial,10.57302605994361,sales_risk
20831240.82800874,19633664.320112128,1.0,"Industrial,Scale",4.2046087156302745,cost_risk
7351152.176541814,4894769.781114975,1.0,Industrial,5.538480588756468,healthy
18848950.390751325,16239779.690003283,1.0,Contract,8.621377430364383,healthy
4294018.244813917,4069804.7755259387,0.0,"Industrial,Contract",8.780113744322367,cost_risk
3890945.756541583,3487024.253646094,0.0,Industrial,3.6426548876416756,healthy
3718219.206923364,2731704.118754113,0.0,Ads,4.600629277448144,healthy
11903695.486416968,10458544.6857424,1.0,Industrial,5.239076389458996,healthy
30661114.506142903,25693226.838483885,1.0,Contract,10.896176538745795,healthy
82156437.15112863,75818391.06676061,1.0,Ads,2.5852526114875762,both_risks
33406850.239236373,31271565.04134688,0.0,Ads,6.380799196294799,both_risks
17853093.680692315,12810411.730419632,1.0,Ads,7.389336061446604,healthy
4464524.644704452,4744435.180210773,1.0,Contract,1.1097621583194184,cost_risk
9593997.584802208,6811936.420568271,0.0,"Scale,Industrial",5.70526885994308,healthy
15301467.324464837,14953423.231188443,1.0,Scale,9.072450780035293,cost_risk
7863535.858651522,6204679.34624082,0.0,"Ads,Scale",1.1115791194698441,sales_risk
57245619.20742223,53936826.02528166,1.0,Industrial,4.842216729081933,both_risks
3913917.1395389945,3889127.822843826,0.0,Ads,8.226505045220197,cost_risk
4350764.744052253,4228399.185462335,1.0,Industrial,5.632311260220785,cost_risk
12994607.088510277,11768243.4994021,1.0,Contract,3.101962450139938,healthy
66108007.926126584,58667225.490867,1.0,"Ads,Scale",4.974660773166573,sales_risk
1450266.0847097146,1184913.285462797,0.0,Ads,5.206480826918583,sales_risk
3813125.6442379947,3162332.6290437053,0.0,"Scale,Ads",2.837606868736544,healthy
32213720.170856807,30369093.98728052,1.0,Contract,2.7808110287457666,both_risks
4506579.478745379,3863433.9859526237,0.0,Contract,2.7976950812461685,healthy
69657071.87659895,65292551.98091189,1.0,Scale,2.3428160582857314,sales_risk
3907781.3242825023,3918536.087653183,0.0,"Contract,Scale",18.967516600545903,cost_risk
25966712.916204732,23768180.642892227,1.0,"Contract,Scale",2.6094212217680495,healthy
8136108.258844703,5785545.871189692,0.0,"Industrial,Ads",3.852559073772225,healthy
14070049.413833074,10210547.17770735,1.0,Ads,4.283452728856704,healthy
3153788.2331240154,2178966.4321085927,0.0,Industrial,10.09847796207378,healthy
1782972.5394480159,1366045.4458415196,0.0,Ads,3.325978224983653,sales_risk
19298724.570403527,14443710.168837164,1.0,Ads,3.353931250860012,healthy
5234031.6358363,4655387.789809846,1.0,Contract,1.8567636679229955,healthy
3545915.546805114,2637393.751530669,0.0,Contract,4.551331123615781,healthy
2942314.7265696623,2254508.760229773,0.0,Industrial,4.663049609134887,healthy
3125060.6179908924,1949353.5659734006,1.0,"Ads,Scale",5.065951498711972,healthy
34388290.09054995,24853719.16900639,1.0,"Contract,Industrial",4.449234173460149,sales_risk
3531935.9991425853,3060045.0689033475,0.0,"Industrial,Scale",4.047375182070291,healthy
5165575.900848615,4707235.180853893,0.0,Industrial,1.2852627875207072,healthy
63508505.90107524,62300994.999728724,1.0,"Ads,Scale",20.476674236162275,both_risks
5767124.171015554,4958782.412408855,1.0,Ads,6.416131548106684,healthy
8835989.273792144,8954831.486299999,1.0,Industrial,5.342596868768026,cost_risk
12834544.746667616,8207153.11857289,1.0,Ads,2.5555262859749335,healthy
6609383.305442524,6516130.624802386,0.0,Industrial,4.218669405763359,cost_risk
4465417.901126808,3824973.5590453744,1.0,Contract,1.7248171890448913,healthy
31924516.857673176,30986794.688933283,1.0,Scale,4.8198097076999575,cost_risk
12235237.936331607,11534649.062979342,1.0,Contract,6.4668544199849975,cost_risk
4735066.814786823,4520156.470197882,0.0,"Industrial,Contract",2.331203399975606,cost_risk
2223741.9568963656,1624645.0218501242,1.0,"Industrial,Contract",6.195980529511081,healthy
2792165.2731839083,2377298.3250253163,1.0,Industrial,13.62457863348984,healthy
3189754.78557367,2996018.9968696395,1.0,Scale,4.904777808484541,cost_risk
1028915.6119560602,765842.7330429807,0.0,"Ads,Scale",5.05939256213614,sales_risk
28743965.58759708,27255311.504864547,1.0,Industrial,10.504458379060232,both_risks
9841322.823123658,9810762.800605332,1.0,"Ads,Scale",5.74861229146663,cost_risk
15197687.929012055,12617659.623522349,1.0,"Ads,Industrial",5.571608853975112,healthy
2150316.6904644277,1552896.3925844454,0.0,Ads,1.8786412801428374,healthy
5470564.13768063,4333133.819944221,0.0,"Contract,Scale",0.4229234814385941,healthy
6989366.506979522,5745447.318516706,0.0,"Contract,Industrial",2.663199761023814,healthy
9583848.390942868,9657857.59238188,1.0,"Industrial,Scale",3.128047394407595,cost_risk
7229742.9433144415,6096843.564386759,1.0,Contract,3.3064576320470076,healthy
2558868.275598257,1914129.7843188196,1.0,Scale,5.807228456664013,sales_risk
26478647.887609746,26303884.505149,1.0,"Ads,Contract",5.0792001552812085,cost_risk
18079405.3447853,17339026.439531114,0.0,Ads,1.5355950087232326,cost_risk
9576857.05753999,9377090.31635699,1.0,Ads,3.857218758860917,cost_risk
24946243.327271786,16951954.650068805,1.0,Industrial,10.324253182217042,healthy
29742972.144357365,20834051.568074044,1.0,"Industrial,Ads",6.9545496245068055,sales_risk
35816040.10051388,32522493.39507538,0.0,Scale,7.509981195392477,both_risks
10459543.723695599,9615319.703310035,1.0,Industrial,3.143623166894419,cost_risk
6486313.90877835,4082294.329440289,1.0,"Scale,Industrial",3.771893294631222,healthy
5499611.803503502,4630859.659545837,1.0,Ads,13.767810900904625,healthy
21665527.988858376,16423491.291608507,1.0,Scale,14.816845044959077,healthy
4406252.458880079,4236196.450261695,0.0,Industrial,14.417907785802706,cost_risk
3564284.450677279,3331129.3922285996,0.0,Scale,5.74841691321312,cost_risk
15469747.672830729,14155109.996252216,0.0,Contract,5.945216560487541,cost_risk
14991653.5529985,10686573.341258576,1.0,Contract,5.920309339039596,healthy
16794292.18570354,15978708.09920371,1.0,Ads,1.3928656927341934,cost_risk
3801027.4085621918,2553595.598215799,0.0,"Industrial,Ads",1.7881892717558079,healthy
12003840.557567986,9228623.217899371,1.0,"Ads,Scale",7.898937455062771,healthy
22193215.754948493,15042405.12615477,0.0,Contract,14.191704558930283,healthy
5499504.38037955,3457849.480848623,0.0,Scale,3.0717050648469706,healthy
6796114.768888829,5010050.4234518055,0.0,"Industrial,Contract",3.5858843406865155,healthy
6596474.812928994,5648928.272851734,0.0,"Industrial,Contract",10.602240167540522,healthy
40597554.16785735,32041485.479011357,1.0,"Scale,Ads",6.376653190087856,sales_risk
21873985.563810583,20426215.81511956,1.0,Ads,4.808658868972714,cost_risk
2325463.966353403,1542097.2729995463,0.0,Industrial,3.839536002914832,healthy
1942037.981139978,1474497.398691013,0.0,Ads,4.490182136407975,healthy
17023592.082421582,13088608.1419363,1.0,"Ads,Scale",7.604291046027004,healthy
7180624.443654847,5979789.893966435,1.0,Ads,6.034562498054255,healthy
15135786.664728193,12165396.176084546,1.0,Industrial,3.025790868342804,healthy
11590489.295680877,10728333.951755324,1.0,Contract,7.513079359702913,healthy
24387978.29010252,21190019.128964998,0.0,Ads,6.0698351266342545,healthy
1748528.2238339493,1602661.2933708315,0.0,Ads,2.409680204889632,both_risks
5137807.521072493,3202519.2574180285,1.0,Industrial,3.171547414197265,healthy
11421339.748556154,9269617.208398253,1.0,"Scale,Ads",1.2692175154498884,healthy
11234158.180897815,8452109.870969035,0.0,Scale,8.026338501899417,healthy
3443023.7581127356,2783952.3942968124,0.0,Contract,10.060220692460863,healthy
5245289.847026787,4192508.4219845124,0.0,"Scale,Ads",11.937970965850235,healthy
4946333.648407322,4756134.341572136,0.0,Contract,2.7616417671652895,cost_risk
9292137.466830222,6875905.014199473,0.0,Ads,7.564932417934681,healthy
17904528.9135656,17354187.761967514,1.0,Industrial,0.8281690863523523,cost_risk
6746480.39533048,5860132.729125797,1.0,Industrial,3.4971548938799035,healthy
7625023.37200589,6081826.040855379,0.0,"Contract,Industrial",2.8666727329916006,healthy
1094515.6508111202,946471.6525096938,0.0,"Industrial,Contract",7.412090777906123,sales_risk
136520542.53320712,2217285.6421225416,0.0,Industrial,0.643204250794932,healthy
56682725.37784682,40071110.15647389,1.0,Industrial,7.662932637442286,sales_risk
1599645.1365951966,1159850.9537592686,1.0,Scale,4.022677062047393,sales_risk
34774393.02426393,33917513.22360291,0.0,Scale,4.267122578262933,both_risks
6596885.549314652,4825682.903518177,1.0,"Contract,Industrial",5.956328356990561,healthy
1247682.3290790278,1081284.498648958,1.0,Industrial,5.684002019417791,sales_risk
38174739.40869953,30231729.958861668,1.0,Ads,3.5662249571718236,sales_risk
32090445.400687195,28648892.88355011,1.0,Contract,4.957725175113122,healthy
5372219.939804048,4998520.986439417,0.0,Industrial,6.261446720930097,cost_risk
21152676.217691425,19249164.115645647,0.0,Industrial,10.699121044669415,healthy
6225133.612350427,6210559.229910752,0.0,Ads,3.745095154252639,cost_risk
9350368.141886516,6588409.99640618,0.0,Ads,22.21535658788455,healthy
10493530.682991924,7433230.120385782,1.0,Industrial,3.7655797058582614,healthy
7053182.185307954,6773070.594605292,0.0,"Contract,Industrial",8.180064626106052,cost_risk
15012182.885655133,10956376.730681503,0.0,"Ads,Scale",13.21154394758556,healthy
13068940.325998671,10008508.988430224,0.0,Contract,7.017131215934191,healthy
5267756.463955034,5398442.777238926,0.0,"Scale,Contract",7.447566506787402,cost_risk
11947028.693039304,11403116.858531551,0.0,"Scale,Ads",0.5534823756094118,cost_risk
5279872.309620776,3309246.2610035865,0.0,Contract,5.103932755210758,healthy
10158472.62189907,9264015.411482401,0.0,Scale,0.8744498466637836,healthy
5406596.828090035,4943643.877939771,1.0,Scale,4.084955523697062,healthy
9794099.535180345,6310987.838255347,1.0,Contract,1.199449651175075,healthy
44041630.40684056,41891944.24812203,1.0,"Scale,Ads",9.387730541591424,both_risks
4620939.405736192,4416609.165835225,1.0,"Ads,Scale",4.086178812864217,cost_risk
2057234.0644969703,1469808.893520206,0.0,"Ads,Contract",0.8841237076750943,sales_risk
43756269.50269496,38543311.97639735,1.0,"Ads,Industrial",3.8064413171456364,sales_risk
11904706.749774102,11343517.266762247,0.0,Ads,8.23108804296482,cost_risk
4636108.168491384,3557160.4193468536,0.0,Scale,13.737944216321864,healthy
6922932.903164799,5755792.6807611305,0.0,Industrial,3.472385331967195,healthy
3563482.79761067,3425648.895001966,1.0,Industrial,4.129394722195428,cost_risk
22699281.819056593,21334077.253701482,1.0,Ads,4.4079227479877705,cost_risk
18134722.129678283,15050891.565275159,1.0,Scale,5.6769454815692635,healthy
16660852.39407498,12059528.361940147,0.0,"Industrial,Ads",0.3798743509434913,healthy
11075028.283639615,8266930.831392388,1.0,Contract,5.2221433932215255,healthy
1143904.9430916407,1043936.1388729876,0.0,Ads,4.415288557619507,both_risks
2711524.5648355144,2041534.7292003846,0.0,"Industrial,Contract",0.9396380338925066,healthy
11809328.254411425,11766850.403648013,1.0,Ads,3.67740773424368,cost_risk
624715.1630980135,531127.5128619228,0.0,Scale,3.13057470042506,sales_risk
8209022.279191823,5611757.619539444,0.0,"Industrial,Contract",6.669072994704067,healthy
3187309.278772755,2098093.421204754,0.0,"Contract,Ads",11.416767157648554,healthy
16739699.978459755,13406788.257407447,0.0,Contract,2.996227866068194,healthy
7300100.108823674,6331510.830929082,1.0,Contract,1.418509592250738,healthy
25620877.753320783,20439022.695114795,1.0,"Contract,Industrial",4.305286904417053,healthy
12455273.549023006,10267772.499845605,1.0,Industrial,5.826141273389216,healthy
9956625.351565288,7281575.9310730975,0.0,"Ads,Scale",4.387637278751393,healthy
3357343.076199556,2664185.203676537,0.0,Industrial,9.752651129222857,healthy
16646468.029639564,12264907.040595068,0.0,Contract,3.1520450264197857,healthy
95944706.40952687,91834006.3539497,0.0,"Ads,Industrial",3.2050351629087475,both_risks
1606479.2714422212,1222863.0402476029,0.0,Contract,4.465233461161326,sales_risk
3192342.7435674714,2968920.325468451,0.0,"Contract,Industrial",5.798733432157403,cost_risk
46926480.168074794,43210928.6522687,1.0,"Contract,Industrial",1.4937736037176497,sales_risk
14824491.938898092,15530125.492636343,1.0,Ads,1.3413577312663199,cost_risk
6609842.477312049,5623697.041992343,0.0,Contract,9.691174926780285,healthy
19423193.050229017,16027125.379369603,0.0,"Industrial,Contract",4.371947130793274,sales_risk
12391138.06440745,11978900.369155198,1.0,"Industrial,Scale",4.251926713930056,cost_risk
4626809.320116507,4432260.401199809,1.0,"Industrial,Contract",7.771714930813449,cost_risk
4554877.01463577,4716732.615781301,1.0,"Contract,Industrial",5.451189488360749,cost_risk
20900325.04865609,18306919.699858718,1.0,"Ads,Scale",8.194815777189248,healthy
12525845.640968056,8539569.413614819,1.0,Ads,2.2520688094376187,healthy
26106176.220370565,20441215.807331167,1.0,Scale,2.0363633912192696,healthy
17086184.099740416,11050195.41389787,1.0,Industrial,1.2589313515228475,healthy
4809023.888016779,3224332.8667878904,0.0,"Ads,Industrial",4.194301824433547,healthy
40796879.84794869,42878662.776476584,1.0,Ads,5.034472473162706,both_risks
3530101.162883034,3459864.5808850494,1.0,Ads,8.604214172231234,cost_risk
5647394.936215065,4335548.649785177,0.0,Ads,3.731219721180143,healthy
4062129.247090956,3164988.29379736,0.0,Ads,1.3435850188723428,healthy
2188703.303349664,1561082.370564021,0.0,Contract,0.33939623163926225,healthy
16561539.43424596,12118374.427779764,1.0,"Ads,Industrial",0.9692922824535406,healthy
3100725.806084448,2817953.836993897,0.0,Ads,2.9372747419097203,healthy
4482875.0799201755,4128718.604896147,0.0,"Scale,Contract",2.3728154389420415,cost_risk
22811444.590134565,19375491.06656287,1.0,Contract,3.4869151872588953,healthy
21109065.480619427,20954057.78207169,1.0,Contract,5.096186867691161,cost_risk
4773430.497883382,3012857.491730888,0.0,"Ads,Contract",5.80425267767522,healthy
2402356.2004714734,2277165.4774620985,0.0,Contract,3.697490779512308,both_risks
8006356.525274071,8414153.56635207,0.0,Industrial,3.1758908208433225,cost_risk
1797907.6182308414,1719982.5546365755,0.0,Industrial,2.2269966422099112,both_risks
3235117.4507395257,2497576.8909163973,0.0,"Scale,Industrial",3.1788087081505925,healthy
6029795.785241381,4702836.060793081,1.0,"Scale,Industrial",5.369309808937132,healthy
7586415.536185879,5372604.456316765,0.0,Scale,2.037324754070118,healthy
5100095.323123403,4018518.9947601715,1.0,Industrial,9.469942264116641,healthy
7684033.008141162,5010227.515212071,1.0,Ads,2.3060022981260544,healthy
35393555.75080376,31080647.11086876,1.0,Industrial,1.9497152202448842,healthy
16636774.956425471,13854137.092915583,0.0,Scale,5.627384034684337,healthy
35294096.055188105,31008605.13221207,1.0,"Industrial,Ads",1.7190734665132874,sales_risk
21769694.46978429,18703984.755756423,0.0,"Scale,Ads",14.245204384138681,sales_risk
11206243.865519302,9764900.28534131,1.0,Industrial,9.863646783593143,healthy
2639657.4834727934,1991921.555622247,0.0,Industrial,1.3958856065480167,healthy
2335911.9233321,1741149.59599447,0.0,Contract,0.7622801902341974,healthy
8705057.368596645,7442631.819678625,0.0,Scale,5.451918038302343,healthy
5905486.461380457,4294194.6273325095,0.0,Scale,3.679521346732188,healthy
3490155.6868880317,3233931.8918215954,1.0,Contract,3.348267686130971,healthy
13385794.798305197,12350053.010638824,1.0,"Ads,Scale",6.105076092339387,cost_risk
30221954.192837473,25427123.55739785,1.0,Contract,3.972639964639095,sales_risk
8301215.560138062,7086573.288171814,0.0,Industrial,3.756639150493137,healthy
9682547.142948436,7995816.125528881,1.0,"Ads,Industrial",0.892884961250253,healthy
5142424.053418696,4818462.950072959,0.0,"Industrial,Contract",1.5335841010253601,cost_risk
4466247.338488906,3524490.814867738,1.0,Scale,2.1732896800422203,healthy
63952618.86096304,51903302.87904298,1.0,Ads,9.801051959886031,sales_risk
2529643.60039733,2650362.613297811,1.0,"Ads,Contract",7.3214295051992435,cost_risk
7562976.099946539,5417839.84064413,0.0,Ads,2.3903534015729457,healthy
5682261.438569396,4712384.34044584,0.0,Ads,8.674754385760762,healthy
7961343.823709182,7443534.974147437,1.0,"Scale,Industrial",2.731198894969523,cost_risk
25300465.809775062,19758211.629722796,0.0,Ads,2.8413077307886327,healthy
24004758.372508444,21285338.364847686,1.0,Ads,13.081622811554777,healthy
7724348.205094943,6609519.240452772,1.0,Industrial,8.621009606397811,healthy
27330004.012502972,23701516.29044048,1.0,Industrial,6.865886681290309,healthy
4128616.1151158023,3867128.7989893947,0.0,Contract,5.608877522302821,cost_risk
12681782.999673434,14105263.08804024,1.0,Contract,0.10396998491001902,cost_risk
52667652.77047992,48325404.25330859,1.0,Industrial,6.359791540280349,sales_risk
4987334.021313084,4709591.18486758,0.0,Contract,0.8473487719137449,cost_risk
10909204.139751038,10891039.547739003,1.0,Contract,4.726890229039334,cost_risk
39768270.751560405,35185595.01430443,1.0,Industrial,7.2981495455457015,sales_risk
3826734.731143306,4251252.63978818,0.0,Contract,2.190163595210767,cost_risk
9476495.619881866,7479324.163755616,0.0,Contract,10.828455928969817,healthy
6486279.298405067,5345877.454553736,1.0,Industrial,7.995790453068361,healthy
2908234.9367963728,2938941.130292527,0.0,Ads,6.989019429595043,cost_risk
13313127.144697392,11233458.9668923,0.0,Contract,3.535923891694914,healthy
3820420.071577815,2931964.417252069,1.0,Ads,6.90010680946112,healthy
46536823.02738988,38215336.14816673,1.0,Scale,16.290490767829276,sales_risk
9071617.956484126,7795694.216999454,1.0,Contract,11.723565005854347,healthy
7201864.115786613,5276654.341367329,1.0,Industrial,15.581661928830906,healthy
9256826.133300813,6941208.948907982,1.0,Industrial,9.657518125964236,healthy
9848083.064912615,8260216.651169428,0.0,"Scale,Ads",6.04467288076388,healthy
7280978.168882908,5508085.926027102,0.0,"Ads,Scale",2.939414544050397,healthy
9409482.537753122,9193701.13046549,0.0,Ads,5.310930150596809,cost_risk
5001199.995145946,3837805.4640228213,0.0,Scale,0.7770219668897325,healthy
5392720.24466609,4933915.956265979,0.0,Ads,6.1898991189498265,healthy
15052332.328346208,10609066.602269692,0.0,"Industrial,Scale",5.649488818424321,healthy
1049316.6313082422,909988.6439646867,0.0,Industrial,1.266486756576012,sales_risk
3994850.8458860978,4069690.840105591,0.0,"Contract,Industrial",5.460042288382097,cost_risk
8962459.137556778,6928460.346182039,1.0,Industrial,10.692149638510047,healthy
12514273.804849502,12586084.862292562,0.0,Industrial,6.9807248111585825,cost_risk
6013145.2884013215,6162245.437024803,1.0,Industrial,4.4680267587430205,cost_risk
10182937.093262132,9540939.094698783,1.0,"Industrial,Scale",8.48335427257229,healthy
6265289.162618741,5438333.717010176,0.0,Industrial,9.309428805363249,healthy
1382337.4574334505,1319086.3548054635,1.0,Industrial,13.329459342588347,both_risks
22758991.313714836,14816869.822044652,1.0,Industrial,12.910158445977057,healthy
11617184.658440907,10162364.09668692,1.0,"Scale,Ads",4.270916829100942,healthy
3411432.9395883875,3231876.335640316,0.0,Industrial,4.243360589305736,cost_risk
38840534.140992634,35577448.55925823,1.0,"Industrial,Scale",9.705833522379216,healthy
17496203.851119194,14663579.612854883,1.0,Industrial,5.3627480524779045,healthy
4753993.393420407,4413645.79188684,0.0,Contract,5.008388466616801,cost_risk
26871229.32845115,21738330.5971327,1.0,Ads,8.528165011010095,sales_risk
15233809.577753413,12334953.712437648,1.0,Contract,1.1433049314900505,healthy
20355766.02351646,18397086.39861216,1.0,Ads,5.335013246596614,healthy
4868060.917629846,4256961.081284803,0.0,Industrial,10.8991517584087,healthy
5092943.504107079,4085645.688106267,0.0,Contract,11.48811479028597,healthy
3904092.2242606683,2829438.719428563,0.0,Scale,7.340206327896116,healthy
5172887.105563523,4905882.626384544,0.0,Contract,6.741366388964083,cost_risk
879326.5761091626,626534.3979890677,0.0,Industrial,2.7175875306101007,sales_risk
26265479.599474188,20248677.83239302,1.0,"Ads,Scale",0.7636086063870797,healthy
2729289.3141368106,2458662.678031914,0.0,"Contract,Industrial",3.4999099877734983,sales_risk
15708497.94537425,13392167.424397254,1.0,Industrial,3.298445531072164,healthy
2426063.8716813303,1699005.8093506387,1.0,Ads,2.513662357959353,healthy
9987119.952539576,7746954.185023383,1.0,Industrial,2.734299435282642,healthy
2696993.8487696713,2171518.496110142,0.0,"Contract,Industrial",2.14691387901353,sales_risk
8711207.898547633,8507464.886831056,0.0,Industrial,1.1814486546445857,cost_risk
1794619.822865002,1364135.3726554327,0.0,Contract,0.696978428507719,sales_risk
4916359.840087053,3571416.966076719,1.0,"Industrial,Contract",16.198084067485766,healthy
17186602.98973556,14755340.31634893,1.0,"Industrial,Contract",9.141467582472549,healthy
11005395.69366179,8507081.793217313,0.0,Ads,1.54478285059733,healthy
10543771.915208662,7955123.5301183425,0.0,"Industrial,Contract",3.0075041244382907,healthy
3766150.9597271467,3434114.9089756794,1.0,Industrial,3.743489122346001,healthy
988029.4516729239,786422.0573025726,0.0,Ads,3.398299984404893,sales_risk
3638107.722686762,2907815.65977102,0.0,Ads,1.8890367142278464,healthy
5330999.219354639,4940337.629399399,0.0,Ads,1.8782270508753296,cost_risk
39006895.09600078,34240455.31400764,1.0,Scale,3.5220730729932774,healthy
15705537.3374589,12103038.690677136,1.0,Contract,3.0602602931045153,healthy
12194094.881868353,8256948.406564219,1.0,Ads,9.517521778904285,healthy
4966056.466700246,3479100.926457758,0.0,Contract,5.493574863060626,healthy
4285468.531554126,3588604.938757798,1.0,"Industrial,Contract",5.891333885245832,healthy
16862819.918301705,13296121.568918249,1.0,Scale,11.515660226132566,healthy
6125364.066652426,4129848.029469927,0.0,Industrial,8.774852366353603,sales_risk
6344542.382437574,4923591.676951373,1.0,Industrial,10.799547186982606,healthy
60481887.75754223,47894340.28761852,1.0,"Scale,Ads",5.786704831054623,sales_risk
3328993.7427096474,2229241.691215239,1.0,"Industrial,Contract",4.874230298257433,healthy
6705202.600561879,5352467.750496732,1.0,Scale,4.624232920552755,healthy
6922655.844238701,4915321.199199596,1.0,"Ads,Industrial",3.963887703805293,healthy
4632776.330955583,3108451.7073508585,0.0,"Industrial,Contract",4.569960586330831,healthy
2166088.1939646103,2077505.1611748827,1.0,"Contract,Industrial",5.29023003124202,cost_risk
31716597.65785514,28119235.48521463,0.0,Scale,2.363576223647392,sales_risk
2164183.4901350434,1470834.5114717074,0.0,Ads,0.7412479862711896,healthy
3585417.959287281,2637898.680682085,1.0,"Ads,Scale",2.9424926749324287,healthy
11481702.309745783,9548057.155445337,0.0,Contract,2.047058245774713,healthy
2561911.7030228395,1939217.9796266584,0.0,Scale,5.12001115243226,healthy
7604116.081584236,6329651.157218107,1.0,"Contract,Industrial",1.3727788807123336,healthy
6875018.8672922645,5323796.577986953,0.0,Industrial,5.082674754523339,healthy
7012816.450767566,6307080.258453093,0.0,Scale,1.850508928159289,healthy
7724697.943196942,5377704.640781974,0.0,Scale,2.133242025999073,healthy
2172913.194537581,1869782.4714814269,0.0,Ads,2.999211345410917,healthy
5129388.477145444,4560623.5747508425,0.0,Industrial,1.6034731721352942,healthy
32104697.303806536,23387296.85268199,1.0,Contract,6.255153575461947,healthy
28458104.31369435,25917438.528587367,1.0,Ads,6.354908533806823,sales_risk
4971447.0838891,4627123.95285285,0.0,Ads,10.66999283399195,cost_risk
26295170.672866195,21113689.32062079,1.0,Ads,3.390197990438773,healthy
3471630.0852346183,3240310.088179601,0.0,"Ads,Scale",5.819244297256078,cost_risk
2271705.673560502,1795937.898077378,1.0,Ads,7.241677252012879,healthy
1182021.7503947292,1322144.2709882166,0.0,"Contract,Industrial",12.60255975770589,both_risks
2919730.158668553,2694521.749874498,1.0,Industrial,1.934096725780377,healthy
14074534.479970628,11216963.993530238,1.0,Contract,13.49804726195541,healthy
6416940.918680867,4154191.2944493517,0.0,Industrial,13.692284523513319,healthy
46811250.30059944,40282378.345586754,1.0,Contract,4.797918118340449,sales_risk
20571895.02459131,16467144.798278002,1.0,"Ads,Scale",7.553784414417523,healthy
6235599.423608959,6518655.351178334,0.0,Industrial,10.672907928995961,cost_risk
7107914.5741765145,7608603.3438605955,0.0,Contract,5.645371592901549,cost_risk
7160484.76752532,6985448.903491737,1.0,Ads,8.515837917267572,cost_risk
24133365.500341345,23210343.22685154,1.0,Ads,3.1405162753284523,cost_risk
6051460.1908154115,4399050.325475777,1.0,"Industrial,Scale",12.112424228924262,healthy
8758172.880190263,8641215.255602637,0.0,"Ads,Scale",4.629372542315218,cost_risk
4259045.787126095,3533491.5019123363,0.0,Contract,4.229205030044839,healthy
32565182.266386844,31760996.19758673,1.0,"Industrial,Scale",4.7994270976573965,both_risks
6267510.334955379,4911597.22671396,0.0,Industrial,2.964662644193753,healthy
4653840.775446955,3129845.4631404206,0.0,Scale,1.5321533910180731,healthy
1943224.4728743068,1263883.6826035653,0.0,"Ads,Contract",3.448169881723912,sales_risk
23353267.522370785,15802069.035498256,1.0,Scale,3.4840645979351863,healthy
4917434.758050907,4807646.53419869,0.0,Ads,12.34325113261119,cost_risk
8282138.433760885,5733442.8181616105,0.0,Industrial,2.0107311281056237,healthy
5894635.631645235,4950517.969659404,0.0,"Industrial,Scale",2.3884699123513635,healthy
7374080.032766029,5635798.809046619,1.0,Scale,6.354515033501826,healthy
1223776.2144496965,1224415.0547301343,1.0,Scale,4.639963131802487,both_risks
4054836.109192723,3390748.826861691,1.0,Ads,1.7432221126767176,healthy
3006804.842924911,2315655.247171984,0.0,Scale,6.949227056338465,healthy
78483218.29394753,69164760.92695627,1.0,Scale,4.475120473127971,sales_risk
34170249.624915645,33952489.46412584,1.0,Ads,1.0683179118026465,both_risks
13771017.6841769,12245944.995239384,1.0,Industrial,1.559525735339076,healthy
106831540.17207582,90927140.78236564,1.0,Industrial,1.0300511929458103,sales_risk
31874674.79765781,22107075.63305487,1.0,Ads,10.850708558936601,healthy
2315825.0541105755,2304934.280579468,1.0,Scale,2.471312329429452,cost_risk
2457795.3018681016,2243373.520748752,0.0,Scale,0.14870082725498054,healthy
11615662.740185924,11155990.099864032,1.0,"Industrial,Scale",4.346000437073878,cost_risk
8290538.491413473,6960468.143095058,1.0,"Industrial,Contract",4.579173235511444,healthy
10978806.699149031,8376336.194362832,1.0,Ads,5.420087705679132,healthy
3894472.6568311555,3860488.1070647542,1.0,Industrial,5.1496759721832435,cost_risk
56260553.64925027,40077583.63136464,1.0,Ads,8.269719735002987,sales_risk
6254967.607010549,4837569.327406564,0.0,Industrial,5.9996534220856805,healthy
27240907.34781006,24633263.01752307,0.0,"Ads,Scale",7.97479604297994,healthy
38239958.83520848,24505421.286439076,1.0,Contract,2.047328540904807,sales_risk
4949339.063290731,4136536.293404468,1.0,Contract,3.763740921461159,healthy
15813603.75890251,16850956.996699367,1.0,"Contract,Industrial",8.795714920413673,cost_risk
43705233.476602666,31034793.43785284,1.0,Ads,2.2665798168503777,sales_risk
38196152.36578918,25207097.40788261,1.0,"Industrial,Scale",7.147322113504385,sales_risk
18845201.50793213,15021696.986113315,0.0,Contract,1.5140324705381225,healthy
13793463.030456346,13486276.01966933,1.0,Ads,2.277356528512504,cost_risk
9615149.14574973,7622150.5445729345,1.0,Industrial,2.1327822136425048,healthy
31603135.890741743,21740294.560712002,1.0,Contract,1.4380180560264164,healthy
15919584.25140308,15155390.582951086,1.0,Ads,3.8148864684101254,cost_risk
10062148.542278457,8427833.367515873,0.0,Industrial,4.364450811938582,healthy
5538825.266528521,4918599.229688981,1.0,"Industrial,Scale",4.263754997907975,healthy
2297524.7159878844,2423869.0349295815,0.0,Contract,6.228583958420865,cost_risk
7470528.572671228,5874697.319152451,1.0,"Contract,Industrial",3.338908094259125,healthy
57337038.934498966,37316964.73766135,0.0,"Ads,Scale",3.4306975931914527,sales_risk
5478752.218935897,5491819.226966359,1.0,Industrial,11.183374980800735,cost_risk
4679852.638624105,4973760.450598862,0.0,Scale,2.191478295449336,cost_risk
6985435.636463913,6132051.338747713,0.0,Ads,1.6928480564641313,healthy
7182307.1598594235,6975043.905629095,0.0,Industrial,2.7213498118187447,cost_risk
5080016.304498678,4489670.098578596,0.0,"Contract,Industrial",5.095172059791951,healthy
16906988.525884736,15353548.850189121,0.0,Industrial,4.809556666288425,cost_risk
12308408.823905058,12953435.995216107,1.0,Industrial,7.951623776882814,cost_risk
29001868.853369284,19466945.019236635,1.0,"Industrial,Contract",3.3654327084526496,healthy
16216022.757379401,13087302.210172005,0.0,Ads,25.0,healthy
10707814.610181903,9509815.906657815,1.0,Ads,3.565796985932077,healthy
1084829.877331868,1048022.4909831374,0.0,Ads,7.410850241634553,both_risks
10822602.495167572,7280286.714207815,0.0,"Ads,Scale",7.752845207607121,healthy
4624460.333334125,4102480.8375828476,0.0,Ads,7.4345760413163,cost_risk
26107360.861785296,20085089.210941274,1.0,"Ads,Industrial",0.8275025951005016,healthy
9563266.59110316,6783887.619538354,0.0,"Ads,Scale",5.040686759098404,healthy
4144870.7624944323,3783990.29622216,1.0,"Contract,Scale",1.0228484049436335,healthy
5161611.60889352,4787196.878362979,0.0,"Industrial,Contract",4.9113138103845815,cost_risk
2672468.069741505,2597568.812775513,0.0,"Industrial,Scale",2.8549218906126987,cost_risk
5139430.685496876,5042116.6471388135,1.0,Ads,0.615130729840012,cost_risk
12178550.7006129,10758532.927779539,1.0,"Scale,Contract",6.970111914662532,healthy
28884727.90340642,21521959.772673443,1.0,Industrial,8.539362866513198,sales_risk
14944530.770771177,10175451.176114444,1.0,Industrial,15.533075062868644,healthy
19969083.528538857,17018593.0765523,1.0,Contract,4.0929133224222,healthy
21662763.003157623,18237084.147698812,0.0,Industrial,3.4058210804026867,healthy
6429282.316172518,4814685.762494147,0.0,Ads,4.644601882769948,healthy
38001867.57212849,33381937.45717118,0.0,Industrial,2.3324667536605306,sales_risk
2299709.159219368,1690480.766117901,0.0,Industrial,3.7468959527774555,healthy
10053007.839675695,8765178.015311686,1.0,Scale,8.27527513168422,healthy
5252657.69643779,5622853.90968787,0.0,Ads,18.722299691145846,cost_risk
1244886.0537511876,1102797.4556439798,0.0,Ads,4.125046250433166,sales_risk
46687856.78287743,43130277.49412129,1.0,"Industrial,Contract",5.9144227977715,sales_risk
1205383.7668061473,1100241.892779995,0.0,Ads,1.2958112619197575,both_risks
17704869.010699686,18556104.307624523,1.0,Ads,12.316641122126203,cost_risk
53392190.25770988,42570211.06732616,1.0,Industrial,4.700433475404495,sales_risk
7252643.518775452,5204280.838844336,0.0,Ads,9.491366372687201,healthy
7917834.834510562,6382358.522733285,1.0,Industrial,4.45006629656113,healthy
1330701.5903131978,1012294.8807138401,0.0,"Industrial,Contract",7.557191188600301,sales_risk
6921845.6159728095,6883457.609352054,1.0,"Ads,Scale",3.17987124916952,cost_risk
37917311.82544188,34146417.25651429,1.0,Scale,1.5950579235845344,sales_risk
5271790.168394182,3682844.350600583,0.0,Ads,17.406765271322364,healthy
3353788.0620619208,2891318.69419993,0.0,"Industrial,Contract",2.5502924421611075,healthy
876989.2732038606,601407.6091654439,0.0,Ads,2.994223958375965,sales_risk
32142142.963030323,24487606.940991588,1.0,"Industrial,Contract",13.322918874208764,healthy
13413717.039984694,11759871.463658856,1.0,Ads,5.470739315949414,healthy
6569711.271746829,4329964.441019787,1.0,Industrial,4.602659953322917,healthy
25210820.966200173,24677381.603982806,0.0,Ads,2.159479563954156,both_risks
5226846.159162732,3762644.8737779474,1.0,Scale,5.597097163580534,healthy
6362815.076337272,4244166.856083167,0.0,Contract,14.281763198125262,healthy
74329680.50295576,70018234.93825328,1.0,"Ads,Scale",17.308691599108865,both_risks
3626339.6063348693,3365901.167971671,0.0,Industrial,1.8397294323789564,cost_risk
11879590.191768555,9912505.865852643,0.0,"Industrial,Contract",4.180535718566061,healthy
11111859.16405484,9753919.645245714,1.0,Ads,2.25342944817833,healthy
9795582.149976408,6904007.4014682,0.0,Ads,2.597202821947484,healthy
8942035.005305234,8035865.513116118,1.0,Scale,4.563925391567109,healthy
2405670.689056024,2482161.7047061236,0.0,Industrial,5.190155823171242,cost_risk
7744543.476215877,5578160.5335394805,1.0,"Contract,Scale",6.9413347693761205,healthy
6972811.239847948,5061677.326407917,1.0,"Industrial,Scale",4.6367533151336024,healthy
4551992.277056905,3611274.5480390703,1.0,Contract,3.942941684228743,healthy
3861089.7921859613,3815624.9897156167,1.0,Ads,2.767150035184107,cost_risk
3263392.1223689993,2514631.822121773,1.0,Industrial,12.019683593350688,healthy
3955324.1575077004,3280483.0471154135,0.0,"Scale,Contract",2.1807827501104624,healthy
13377650.054579219,9995526.486696431,0.0,Ads,5.905220756365395,healthy
9216042.219645374,7281379.659763835,1.0,Contract,3.2518085287444114,healthy
46524866.5896339,36518375.473949134,0.0,Industrial,2.2531772006846853,sales_risk
16245603.733936626,14424438.552514642,0.0,Ads,3.579572655006561,cost_risk
4900958.961707445,3752466.2505055848,1.0,Industrial,1.7128772112285158,healthy
5182946.9204007285,5627766.055325648,1.0,Scale,8.652013546223326,cost_risk
7474652.488974816,5820480.90289938,1.0,Scale,2.4214507295459002,healthy
6261803.946361811,6209731.019825089,0.0,Ads,3.924853982824371,cost_risk
8918996.844165573,8232155.223346078,1.0,"Industrial,Contract",7.518383710908474,cost_risk
61910270.23049651,45735112.317763776,1.0,Contract,1.8212211417894322,sales_risk
7633227.192578322,7366192.255027877,0.0,Industrial,0.331750029975769,cost_risk
10139984.11787028,9778590.408440854,0.0,Ads,5.935245660237158,cost_risk
2698922.4908877397,2185634.8663160107,1.0,Ads,11.96233249585996,healthy
1981675.7673140352,1611387.0763520333,0.0,Industrial,17.453388557471804,sales_risk
7758956.42247299,7053362.527005434,1.0,"Industrial,Contract",2.537554901893172,healthy
5854459.015530608,4756862.548893352,0.0,Scale,12.271264012282796,healthy
10872032.442411698,10240817.672739709,0.0,Scale,7.256186512507393,cost_risk
34517880.28173159,31445748.397832416,1.0,Industrial,8.571511467136677,both_risks
5333592.244284844,5552108.829773494,0.0,Industrial,2.9098333244097128,cost_risk
4481245.590141901,3566661.1950647896,0.0,Scale,3.8641877061292527,healthy
23641120.84458946,16783991.164866228,1.0,Contract,10.040705187024694,healthy
5747758.943423664,5540177.812234891,1.0,Scale,5.239275134158858,cost_risk
9412178.321303481,7376529.8934046645,1.0,Ads,4.004801087649084,healthy
7994948.726059707,7723054.755596597,1.0,Ads,5.600332877160009,cost_risk
58187717.904667564,48443959.759012766,1.0,Industrial,1.8018119987827816,sales_risk
1650953.8819997995,1254476.3762475972,1.0,Ads,3.775422352006508,sales_risk
3910181.167311784,3784385.467578797,0.0,Industrial,13.212060656183017,cost_risk
17035204.253436085,15584375.247491477,1.0,Industrial,9.588027157702678,healthy
28348823.72019937,28370472.18366086,1.0,Ads,2.498391555498425,both_risks
3175359.7088175896,2223997.0388922314,1.0,Contract,1.4776438529426938,healthy
28885230.864153475,30227175.901490733,1.0,Contract,10.631239329727217,cost_risk
5548090.298901919,4647689.849964275,1.0,Ads,2.8761397440086394,healthy
4298336.304609982,3526551.131067072,0.0,Scale,5.283730199322251,healthy
4732077.846563078,4020353.9822235163,1.0,Contract,3.111274937824559,healthy
12658384.602974093,11372549.5381093,1.0,Scale,15.790990112969219,healthy
14426917.237326628,11747303.362522896,1.0,Scale,9.679119767131263,healthy
3705098.7260746765,2967065.809551297,1.0,"Scale,Ads",16.12132712880968,healthy
10918441.82248598,8424245.89831192,0.0,Scale,4.219284956668897,healthy
6064170.9531598985,5710419.82995329,0.0,Industrial,11.566819530888722,cost_risk
2695845.988074846,1813969.8889038886,1.0,Ads,8.286317600377288,healthy
48244208.58590946,33799014.5292824,1.0,"Ads,Scale",5.819208692049833,sales_risk
3376941.0694847656,2822458.878282247,1.0,"Scale,Industrial",0.27281288204148413,healthy
9845652.027189499,7852610.119344024,1.0,Scale,8.430564529780096,healthy
2772157.2842405043,1939603.833349057,1.0,Industrial,3.6296142471326647,healthy
5772444.4213471105,4407529.568775189,0.0,"Contract,Industrial",10.774989869845783,healthy
9731435.151666898,7458856.03893872,1.0,Industrial,3.6301604038046347,healthy
10442509.597987648,9877220.148112988,1.0,"Industrial,Contract",4.8052151815473945,cost_risk
3192271.8371895095,2888715.460047964,0.0,Industrial,12.772952527628252,healthy
7882273.4261330785,7568916.171962443,0.0,Scale,9.188763461529678,cost_risk
12609310.897494383,9650932.974526227,1.0,Scale,2.5611887229385357,healthy
39199625.362961784,27147832.872924816,,"Ads,Scale",4.52112248747058,sales_risk
19739895.98138435,17194690.697334357,1.0,Industrial,4.700877443321282,healthy
25981155.280482903,19592700.063122414,1.0,Industrial,18.32399568720137,healthy
16735189.792852813,12008296.670866376,1.0,"Industrial,Contract",4.605258079657897,healthy
4560238.147925913,3299332.326077474,0.0,Scale,9.345129227880808,healthy
6398874.257039516,5359558.605355297,1.0,Ads,3.0393520591853944,healthy
21999503.068092797,14423349.520677645,1.0,Ads,2.233580519800247,healthy
4468547.090712574,3557325.737951856,0.0,"Scale,Ads",11.021264316800032,healthy
2895447.136864168,2813102.356267387,1.0,Industrial,1.1435596886370443,cost_risk
8505491.463376574,6770065.55985738,0.0,Contract,7.614114902790851,healthy
1442667.8577446956,1295018.5765352778,1.0,Industrial,8.509158539723229,sales_risk
4063595.842339218,4244456.282153951,0.0,"Ads,Scale",5.0077816287495605,cost_risk
2843230.9624141078,2621453.336375507,0.0,Industrial,4.418823961549046,cost_risk
5882566.020133826,5176497.008053373,0.0,"Industrial,Scale",0.9347866682313648,healthy
33010688.69408017,28206262.432446055,1.0,Scale,4.128504031188456,sales_risk
90348496.79931672,95783800.617262,0.0,Scale,2.3262185422345176,both_risks
16079420.998349797,13485798.288500227,1.0,Ads,1.1659682973179657,healthy
3400287.982893339,3056695.3552580075,1.0,Scale,14.78114860056693,healthy
18459701.33423021,16809163.639508255,0.0,Industrial,2.895238450366402,cost_risk
13530972.402059333,10837492.115062956,1.0,Ads,5.941692360199825,healthy
4865265.467821728,4522467.710694275,0.0,Ads,3.191337944087938,cost_risk
21446609.127312165,13964996.161385443,1.0,Ads,8.554954278407287,healthy
5479017.043316042,5096640.7467368115,1.0,Industrial,4.0246948081444645,cost_risk
4978082.489460335,4571029.684773978,1.0,"Scale,Ads",1.3353621017562365,healthy
9410822.465607306,8339587.765201352,1.0,"Ads,Scale",6.758051992582683,healthy
17636169.36731703,13440942.015156802,1.0,"Ads,Scale",7.302722691416045,healthy
6148274.105804041,5320550.044123112,1.0,Scale,16.196848480237264,healthy
12675990.670329753,12487648.271266013,1.0,Contract,13.010593846210103,cost_risk
1426275.9027112862,1293016.5889229719,0.0,Ads,6.5371168079712,both_risks
11902737.29030406,10493931.770134268,0.0,Contract,6.373393923269567,healthy
5507160.257847341,4668866.284748826,1.0,Industrial,5.596827760289384,healthy
5267570.608605261,3860017.4933757773,1.0,Ads,4.996475972702371,healthy
710845.4055322255,561966.6194397168,0.0,Industrial,4.564416881180969,sales_risk
2086080.5567532368,1620958.0447899683,0.0,Ads,13.8174250119027,healthy
1551067.3105595647,1394471.053098233,0.0,Ads,1.830665456747699,sales_risk
16280095.440499809,15684162.868860966,1.0,"Industrial,Contract",2.1037086471698965,cost_risk
3534451.0400232165,2345219.220202219,0.0,Industrial,17.061441645640343,sales_risk
11679191.681426682,8812270.61929113,1.0,Scale,0.24687826329780768,healthy
17174036.880940896,14541632.317080935,1.0,Industrial,4.943117415568224,healthy
5145249.108168996,5347114.601304121,1.0,Contract,1.6043929765159934,cost_risk
3180475.982035633,2196071.052344621,0.0,Industrial,2.6664104620715587,healthy
29814640.208230577,22619177.4368187,1.0,Industrial,14.994399430388164,healthy
11547059.53185949,11532853.743889246,1.0,Scale,4.161414392112554,cost_risk
2590383.5318352543,2305935.3010952533,1.0,Industrial,2.1112337144934052,healthy
14366579.980385521,9759208.94261696,0.0,Contract,4.806138270543441,healthy
4575292.329123258,3094817.8962369976,0.0,"Ads,Scale",7.4477736020303755,healthy
14145284.326089714,10791413.027051091,1.0,Scale,6.163347654883323,healthy
20300889.538720235,13862477.824778548,1.0,Industrial,9.31718486367895,healthy
3925723.700416598,3385421.7348483475,1.0,Ads,1.1206782889702251,healthy
14528756.008852735,14388373.335716829,0.0,Ads,0.7303749754732807,cost_risk
437376.61608920485,356254.10964768525,0.0,Industrial,8.422995026372678,sales_risk
15357708.045247348,13305635.983836744,1.0,Scale,9.422716327094784,healthy
1251612.007844245,891632.3373437378,0.0,"Ads,Contract",5.82129047142811,sales_risk
111057078.27378313,82464015.0413185,1.0,Industrial,15.906772189596282,sales_risk
12662588.76642936,11824418.08029677,1.0,"Industrial,Scale",2.718111030710439,healthy
4811178.0208153045,4363989.884394882,0.0,Industrial,8.971217469435125,healthy
27598727.783007868,27130552.628037114,1.0,Contract,1.2520621458721166,cost_risk
4055379.6462502144,3828963.6076106024,1.0,"Industrial,Scale",2.691738935806878,cost_risk
10010800.819414081,9734119.48384284,1.0,"Industrial,Contract",7.477478896550876,cost_risk
6683106.050270602,4659658.563874201,0.0,Industrial,2.8241701619036177,healthy
8896581.329752956,8517541.153647726,1.0,Ads,0.38266324011510966,cost_risk
5078138.514526945,3304423.2168318275,1.0,"Scale,Contract",2.826831144972803,healthy
13771885.649953421,12355140.34066054,0.0,"Industrial,Contract",3.169820240138424,healthy
4240323.728773169,4493156.209342936,0.0,Contract,1.4041994248534315,cost_risk
9944404.198748378,7796747.142281753,0.0,"Ads,Scale",2.3369147624534836,healthy
16659538.205251535,14619952.159986937,1.0,Ads,2.8791600960445174,healthy
4898775.030132217,4119859.464268666,0.0,Contract,3.509876643453637,healthy
20493630.068994123,14771200.602654144,1.0,Contract,1.1783038074534864,healthy
14443042.38872259,12384918.876108097,1.0,Industrial,4.674826090325493,healthy
6612528.824056214,5659552.718706326,1.0,Industrial,7.088931269091324,healthy
5314792.538530407,4521322.823328623,1.0,Industrial,6.092959062276158,healthy
8462922.210653843,7613047.209826558,1.0,Contract,2.2218872429999506,healthy
5649918.656609284,4699194.669681443,1.0,"Industrial,Ads",3.652799769757797,healthy
5315668.012642511,3394841.3195798593,0.0,Contract,11.6887829753247,healthy
7781880.003450373,7715149.362480247,1.0,Scale,3.385182088463363,cost_risk
7186838.759352673,6299510.803170123,1.0,Scale,3.822525945514812,healthy
9887454.035819491,7006674.419525209,0.0,"Contract,Industrial",7.023537195161672,healthy
36755079.29199493,27425626.173012033,0.0,Ads,1.181815063459045,sales_risk
22115108.480405442,16706864.296630537,1.0,Ads,3.3513364933499004,healthy
20781214.45406084,16726829.11120756,1.0,Ads,8.252687455251454,healthy
14906621.45813044,12969413.499117514,1.0,Ads,5.745734395004339,healthy
4858360.031684601,3565466.179264837,1.0,Industrial,8.331509918399407,healthy
3076608.756293927,2006593.7053269115,0.0,Ads,2.858991088796137,healthy
7077536.373964324,5515037.285584567,0.0,Scale,6.269160698067574,healthy
29097373.88291568,29357789.85987629,1.0,Ads,10.566187155802357,both_risks
29479241.36099166,24419068.258635595,1.0,Contract,5.683879028860552,sales_risk
2067764.155186872,2141402.5924172127,0.0,Industrial,1.6789520725023355,both_risks
1507335.2234024564,1112199.283472365,0.0,Industrial,2.9834421666496267,sales_risk
47434493.25295408,40521343.30832699,1.0,Contract,11.352974689334507,sales_risk
36947683.32882687,31189684.90906955,1.0,Ads,8.436174090725974,sales_risk
4748969.445369788,4929292.280555646,0.0,Scale,4.825350451250923,cost_risk
8225768.932261726,8712537.318485599,1.0,Ads,2.5210296785124013,cost_risk
9341606.959130844,6179832.322282783,1.0,Scale,11.702188982314787,healthy
26780509.30366919,20683032.320404384,1.0,Ads,5.05111268985182,healthy
5454893.444475727,5089239.573162833,0.0,Industrial,6.487564517025859,cost_risk
16059163.057584018,11866656.494071113,1.0,Industrial,6.932965813829487,healthy
11684552.339133097,7633497.228765302,0.0,Industrial,8.947054722828948,healthy
12002569.287792157,10162515.344476802,1.0,"Industrial,Contract",9.23294631559296,healthy
25495603.203495584,23388141.783569895,1.0,Ads,4.139793231423393,cost_risk
10289749.436921192,8457307.709019618,0.0,"Industrial,Contract",6.997318862704006,healthy
2467406.4321962073,2127598.813455792,1.0,Contract,3.4486833200798044,healthy
21908925.774205092,21713094.453704294,0.0,Contract,0.7476584772279825,both_risks
5459960.611552654,4754530.490174486,0.0,"Industrial,Scale",4.968534741057216,healthy
21808529.991952214,16967718.26426483,0.0,Industrial,5.88438016333732,healthy
11579526.740723196,9204027.931726746,1.0,Contract,0.8523335540161203,healthy
3341643.039443062,2631696.4476107443,0.0,Industrial,1.634290100890706,healthy
11467760.625612704,10502331.225404691,1.0,Industrial,8.22560553622076,healthy
4708902.289991175,4410382.34360786,0.0,"Industrial,Contract",3.3939440167511403,cost_risk
11643014.559203066,8169402.210185261,0.0,Ads,1.6057410976051902,healthy
5931023.457572658,5590003.02871536,1.0,"Ads,Scale",2.0693804752335305,cost_risk
24398946.421511725,16836215.57211323,1.0,Scale,5.149853976124334,healthy
4361266.486739387,3476241.990907137,0.0,Ads,3.321852662951465,healthy
6152489.268030848,6191108.91729018,1.0,Scale,7.751998420510711,cost_risk
4413233.770761603,2882273.3513881504,1.0,"Industrial,Contract",4.762740110819938,healthy
4017224.5960956584,3174778.253211614,1.0,"Industrial,Contract",5.823768206642723,healthy
6785148.345882142,5579782.957333624,0.0,"Ads,Scale",6.728897698403951,healthy
11008824.251100196,7867747.664237413,1.0,Contract,5.168274146420682,healthy
15567911.363653783,15440547.628195118,1.0,Contract,8.82687293291252,cost_risk
9351419.025444085,7050180.545846078,0.0,"Ads,Scale",13.359137782395564,healthy
5637314.721529981,4554695.044495425,0.0,"Contract,Scale",4.3482207354520535,healthy
1869004.2529528958,1591460.1391071233,0.0,Contract,0.8962038280089241,sales_risk
22796740.90022115,22285445.4860967,1.0,"Industrial,Contract",3.5127794875177516,cost_risk
5348788.742328117,4761822.18559275,1.0,"Scale,Industrial",5.383284757426035,healthy
13266234.35509494,12733340.115459522,1.0,"Ads,Scale",8.755464261797178,cost_risk
3062960.648305387,2273597.3566300734,0.0,Ads,12.120219179375542,healthy
40395213.867934026,32191422.062180437,1.0,Ads,5.113932482946435,sales_risk
17743953.914671514,16496943.027042534,0.0,Industrial,4.958204726360237,cost_risk
3654052.0228982815,3224025.118024859,0.0,Ads,3.5186727918698146,healthy
12585616.29125637,11968228.650853321,0.0,Contract,3.372779426447753,cost_risk
34029412.90738383,29237608.863329872,0.0,Scale,6.652989732169447,sales_risk
7447426.627279669,5557664.101048157,1.0,Scale,1.4946385821738533,healthy
1621234.79005697,1409660.833177519,0.0,Scale,15.792988707859198,sales_risk
14031471.043459523,10805340.826313362,1.0,Industrial,7.486364266062365,healthy
56367837.95805891,46866247.49892802,1.0,"Ads,Scale",4.267036573935164,sales_risk
1799051.9194796477,1391912.5906443014,0.0,Scale,7.271428137581889,sales_risk
24762144.43053073,18454496.699414615,1.0,Industrial,7.522227047803934,sales_risk
7040181.064745802,5966582.527356685,0.0,"Industrial,Contract",4.025177256478361,healthy
8111817.623328833,8256640.5908561805,1.0,"Industrial,Contract",6.028041132320917,cost_risk
10764183.945558824,10913793.540411219,1.0,"Ads,Contract",4.036120128748217,cost_risk
8996257.411329886,6647181.64170252,0.0,"Ads,Industrial",2.2798578920415395,healthy
21057930.803429186,19446688.984261323,1.0,Ads,1.2058366157404712,cost_risk
2772980.7225737046,2536988.8340236275,1.0,"Industrial,Contract",12.905717192724572,cost_risk
8153519.21657371,5695966.334297703,1.0,Contract,12.446546242698993,healthy
3486519.7536797207,2776958.20379375,0.0,"Scale,Ads",10.898911219406969,healthy
5332271.643168504,5106903.647902363,1.0,Industrial,10.388241592567912,cost_risk
173653812.6106741,165441176.72434136,1.0,Contract,3.1484506596532493,sales_risk
3813456.9101577424,2816149.0175095443,0.0,Industrial,5.297524732489057,healthy
13920247.952062732,11842961.72514609,1.0,Industrial,6.722222388824189,healthy
12071072.48399169,8855751.274784042,1.0,"Industrial,Contract",1.253720712274631,healthy
1302829.2621251103,931887.477286247,1.0,"Ads,Scale",12.570627179619795,sales_risk
2821509.7795561114,2223566.9637654815,0.0,"Scale,Contract",4.856559610433765,healthy
1445244.4977059148,1371456.1030233216,1.0,Industrial,7.890157631025097,both_risks
7626368.635784113,5785887.88303266,1.0,Contract,1.6358452620085626,healthy
2386522.458073166,1940171.8813979812,0.0,Industrial,4.340004846565007,healthy
3622761.75148772,2439196.4341339907,0.0,Industrial,6.771763709329809,healthy
1914315.9053386839,1573003.482127762,1.0,Industrial,6.6682139639099205,healthy
17421132.748601317,11730903.340437435,0.0,Industrial,1.1193445842087293,healthy
16140865.067696076,13696825.051927159,1.0,Industrial,1.0527919179272736,healthy
39285124.82363463,42892234.96959916,1.0,Industrial,9.891904088447061,both_risks
7452989.343784651,6407411.542365757,1.0,Contract,11.78228439147932,healthy
18589147.144128773,15349817.851232994,1.0,Ads,0.13123774608047947,healthy
27497352.183626514,27663153.492392197,1.0,"Ads,Contract",1.3293475504368912,cost_risk
71990186.9238934,54238498.86276888,1.0,Industrial,6.7380392560499125,sales_risk
2547055.0414890596,2410651.7128935945,1.0,"Industrial,Contract",3.949069718719237,cost_risk
3951707.546696154,3461727.0117425825,0.0,"Industrial,Ads",4.446741543415035,healthy
3331866.3754452006,2826741.57157045,1.0,Ads,22.35755108507932,healthy
2220785.8757939693,2129003.9534870884,0.0,"Scale,Ads",7.320315024531187,both_risks
18154724.714983664,12981826.959890155,1.0,Industrial,7.837727596738887,healthy
18405008.32289218,17080279.489826113,1.0,"Industrial,Scale",0.6955318169906232,cost_risk
2196083.5956138396,1605985.1827877008,1.0,Contract,5.381460767249722,sales_risk
3000457.8007555525,2318634.3333263234,0.0,Industrial,3.72209980970142,healthy
12160446.61211843,12461735.504776374,0.0,"Contract,Industrial",1.2317484226239308,cost_risk
5434593.598495238,4474507.516797802,0.0,"Industrial,Scale",3.7907476280574803,healthy
11173019.8937858,8758056.419483196,0.0,Contract,4.191708256429702,healthy
7503829.001655177,7961105.484494763,0.0,"Ads,Scale",5.103655670352175,cost_risk
25649033.261539042,23622287.78199336,1.0,Industrial,3.0134036494922514,sales_risk
27417960.693761386,30845619.057457548,1.0,Industrial,4.779060635409406,cost_risk
1425667.5463259553,1466620.044587824,1.0,Contract,2.0372085909396778,both_risks
34493621.94409594,32199204.02693373,0.0,Contract,4.581051346068003,both_risks
5488622.791747503,3979373.061772722,0.0,"Contract,Ads",5.589168922510408,healthy
2858957.2809279766,2781912.635703793,0.0,Ads,5.497075684983769,cost_risk
16238678.776949223,12973749.282527836,1.0,Contract,5.2834095778561085,healthy
3336061.823638161,3275121.3829418584,0.0,Ads,3.4233071494134224,cost_risk
2527549.6741304547,2223463.846688052,0.0,Ads,11.569430842826545,sales_risk
6293504.336344664,6380201.56990026,1.0,"Industrial,Contract",6.528067740048273,cost_risk
34663445.562659964,33060328.616571177,1.0,"Industrial,Contract",1.5513561695368887,both_risks
1442786.3616099493,1053399.9247055035,0.0,Scale,13.030051106798847,sales_risk
3136683.8845181195,3133694.0699788877,0.0,Scale,2.796967566340391,cost_risk
1637127.0139147085,1365786.5619996043,0.0,Ads,7.001802580664965,sales_risk
2663814.9722350203,2344027.8431398473,0.0,"Industrial,Contract",1.3321339032994681,healthy
7659360.78628544,6490806.269146527,1.0,Contract,2.991083867657327,healthy
2374295.145297402,1887362.7474308303,0.0,"Ads,Scale",5.739393404813696,healthy
12120120.975877445,10049347.593219016,1.0,"Ads,Industrial",4.9238906437508305,healthy
9877991.387716455,9110977.864649013,1.0,Ads,8.25367905215069,healthy
18296215.839886628,18220677.665619757,1.0,Ads,5.016485646968978,cost_risk
60613938.61333505,61709311.11702197,1.0,Scale,4.495974404003449,both_risks
3306915.2392474134,2456528.3579984703,1.0,"Contract,Ads",6.875220959794857,healthy
5493429.470274979,4928847.021664685,1.0,Contract,11.132598095676869,healthy
4855853.239318621,4795643.937586517,0.0,Ads,5.764775090422435,cost_risk
5653774.163999647,5815127.817819494,1.0,Industrial,4.0583910206466145,cost_risk
13301167.65767162,10972806.285003696,0.0,Ads,6.720618143187371,healthy
16188921.20433817,13596236.86793382,1.0,Ads,3.0204826519839827,healthy
5357668.67930999,5670825.03973749,0.0,Scale,10.68312578310019,cost_risk
33656061.87061862,27736687.57279502,1.0,"Ads,Contract",4.160394601376178,healthy
6772376.8133270955,5222986.985967199,0.0,Ads,5.796103859531357,healthy
7913749.28958641,8051701.4229949955,0.0,Scale,10.549340787816968,cost_risk
3649452.4208042724,3402252.070803249,0.0,Industrial,8.382920248937069,cost_risk
17330444.933543958,16283706.205577105,0.0,Ads,3.716590038371873,cost_risk
18731396.337116513,16108595.80798321,1.0,"Industrial,Contract",10.819449176492896,healthy
8911056.52098213,6452422.991896177,1.0,Contract,0.43527750743496185,healthy
1031980.3635358746,858503.3794342156,0.0,"Industrial,Ads",7.536259078451138,sales_risk
6963192.640677926,5976131.226023988,1.0,"Contract,Industrial",4.0247780088117775,healthy
16083011.071110947,11170144.297381207,1.0,"Industrial,Ads",16.03785132190813,healthy
5854461.885909783,5134726.231757279,0.0,Industrial,6.415613656311583,healthy
8066836.445017074,6721245.671406662,0.0,Ads,2.682613885125175,healthy
14835836.442401739,13816543.514574196,1.0,Scale,2.518135607162832,cost_risk
1440654.2861169747,1116663.3858499434,0.0,"Contract,Industrial",8.253100503577691,sales_risk
19671986.378017787,18953144.69014983,1.0,Scale,2.2879732581877485,cost_risk
1337484.9769693324,1089926.082869643,0.0,Industrial,10.022714166931815,sales_risk
9776965.916816263,9319319.38426562,1.0,"Ads,Scale",11.905004224308879,cost_risk
15791142.146761436,16950390.426442567,1.0,"Scale,Ads",2.8108712344488302,cost_risk
5379208.9989942005,4191471.8631862914,0.0,"Industrial,Contract",13.098032740421408,healthy
14177252.494532904,13865828.03662416,1.0,Ads,6.428690545014993,cost_risk
14561039.01185892,13579408.122646136,1.0,Contract,12.75871511148382,healthy
5221357.136067039,4976772.148776943,0.0,Scale,8.813821778571599,cost_risk
5813081.759593217,4806258.59617146,1.0,"Scale,Ads",1.4662323781821693,healthy
19853533.467056036,16401600.716410775,1.0,Contract,2.2042692911732393,healthy
12072893.997163353,11385914.434573028,1.0,Industrial,15.242956195728903,cost_risk
16199470.391196432,14866793.437448682,1.0,Industrial,4.137506619303512,healthy
13400949.987285271,13844112.759539604,1.0,Industrial,13.784575672208272,cost_risk
5028695.383257591,5175810.533219457,0.0,"Industrial,Contract",5.231682105215042,cost_risk
3087988.7144333394,2562714.155257519,0.0,Industrial,3.2394092299358013,healthy
3199856.3670615456,2319106.263505755,1.0,Industrial,3.7524232140738585,healthy
2336231.7450294113,1768329.565944401,0.0,Industrial,3.9133926878867227,healthy
1192051.4207115157,1256809.164482174,0.0,Scale,14.108290992868834,both_risks
4925692.624458604,4535246.197278396,1.0,Industrial,5.021433213788454,healthy
3609882.9920408917,3196446.9476620066,0.0,"Scale,Contract",14.651100198782,healthy
9476571.488221463,6637816.945542957,1.0,Contract,2.695706657932744,healthy
7072442.437100816,5914148.788169965,0.0,Scale,1.69856053176031,healthy
12905305.730531482,10105053.958903251,0.0,"Contract,Industrial",3.4644847757498423,healthy
27393882.220724057,27451193.913510665,1.0,Industrial,4.829654810896876,both_risks
3331952.774656877,2975389.9066985496,0.0,Industrial,2.5233697722291364,healthy
6918827.252281782,7186578.7154057585,1.0,Contract,7.05541840079736,cost_risk
6072396.931429955,4766874.516026098,0.0,"Contract,Scale",11.611911097556012,healthy
3709587.7114142897,3564972.848682337,0.0,Industrial,11.297871592608093,cost_risk
2695222.4241258674,2297362.971780834,0.0,"Contract,Industrial",6.731359034267176,healthy
9432282.758813452,8690549.139800234,1.0,Ads,8.771389874896505,cost_risk
11565763.1375383,10932517.823782993,1.0,"Ads,Scale",9.562267017506594,cost_risk
6734281.290121836,4748627.004150531,1.0,Ads,2.582385896217742,healthy
15593372.26069118,14920126.451313602,1.0,Ads,2.4923730581671943,cost_risk
12137488.41317039,11869909.853152942,1.0,Industrial,10.827713083099225,cost_risk
24438325.990781557,24927516.815626044,1.0,"Industrial,Contract",17.327581856095666,cost_risk
9278983.84384915,8391330.738407895,1.0,"Industrial,Scale",4.369148367971681,healthy
10357193.487082155,9736206.687863585,1.0,Industrial,2.6946065938618124,cost_risk
27256310.73285341,24050298.140593063,1.0,Contract,16.373627233278295,healthy
5771163.526126002,4284783.657324621,1.0,Ads,6.359989031184177,healthy
14105109.071485985,10271694.620037312,1.0,Contract,3.113448471669413,healthy
24042771.115734912,18388957.37926255,1.0,"Industrial,Contract",4.662294571139247,healthy
21914550.649852976,19827426.680100605,1.0,Ads,7.872234052381259,healthy
20416288.256767184,16450151.558280367,1.0,Contract,15.596661393386896,healthy
16602733.195084704,16510950.775746314,1.0,Scale,0.6992779729806033,cost_risk
6701826.975265355,5311616.906894089,1.0,Industrial,4.663672905771909,healthy
23782006.49112942,23373599.555775512,1.0,"Contract,Industrial",7.2631366398298045,cost_risk
5374253.331297495,3502797.314900169,0.0,Ads,7.996003150243714,healthy
5837663.34885951,4662429.72766754,0.0,Industrial,6.051213270369656,healthy
7186170.547355971,6063405.248448105,1.0,Ads,4.245196412027468,healthy
15280048.984612891,14575854.324131062,1.0,Industrial,9.164485027017053,cost_risk
44433616.53330801,45695173.35864129,1.0,Industrial,4.4888115649462605,both_risks
33307299.161110707,24064766.556142762,1.0,"Industrial,Contract",3.3597353710496782,healthy
31781366.484482583,23605118.79182423,1.0,Scale,7.875022682663111,healthy
17748788.623548266,14026465.41362419,1.0,Contract,10.5609618945251,healthy
10382151.580463639,6079765.611933073,0.0,Ads,7.041855604730854,healthy
3732183.033160487,3505943.9183564126,0.0,Industrial,5.520374132117644,cost_risk
4959622.524485348,4206385.91985282,1.0,Contract,1.2691070005768506,healthy
10220042.424162632,10314927.476149827,0.0,"Scale,Ads",8.52093271659306,cost_risk
48992616.32836444,33767732.41780546,1.0,"Scale,Contract",10.548356194749982,sales_risk
15848957.176040519,13529053.63588909,1.0,Ads,10.078366220902982,healthy
12902031.263320278,8634085.52663184,1.0,Industrial,13.175407407822263,healthy
15896307.01477742,10710561.692854421,1.0,Contract,1.8523084275042883,healthy
2326275.82232553,1826522.5356159962,1.0,Contract,1.8777579760251344,healthy
4591976.738649555,4493330.257481337,1.0,Industrial,1.5804072723537124,cost_risk
14894391.153693493,10258236.295240654,1.0,Contract,7.651052139651253,healthy
24732331.906280644,25157198.32859638,0.0,Contract,6.790472714163213,cost_risk
4910696.339281741,4804457.7416196875,0.0,Contract,3.9464659936732644,cost_risk
15540796.148590883,12568713.629980234,1.0,Ads,3.6070070581986666,healthy
1352701.2792760602,1052679.1247169103,0.0,Ads,3.148923223009717,sales_risk
14715939.530380124,15520706.112434037,1.0,Ads,5.418182159357973,cost_risk
37045809.107316636,28099284.074156616,1.0,Industrial,11.353215303281399,sales_risk
7275028.63136976,5608239.250532443,0.0,Ads,7.387579686078981,healthy
4804137.509728755,5061740.912709118,0.0,Industrial,15.255110156755682,cost_risk
129015862.47472838,124272435.79828762,1.0,"Scale,Ads",1.87125342405446,both_risks
9338398.589859908,8357327.324577159,0.0,"Ads,Industrial",8.393351466006171,cost_risk
35447420.550240725,29743078.234329622,1.0,Ads,6.9967349311129325,sales_risk
4641527.595363706,5060711.27306356,1.0,Contract,2.586107562845343,cost_risk
2707956.2178163826,2592592.08921867,0.0,"Ads,Scale",6.930607692182383,cost_risk
1925187.0013679108,1902445.1902427042,0.0,Industrial,5.851766586607235,both_risks
24060523.621724334,17149992.027265545,1.0,Industrial,7.542026086767564,healthy
1693664.113482767,1623321.299741421,1.0,Scale,4.495412795635047,both_risks
1207995.8020042758,1178017.4264256142,1.0,Contract,2.8831377085166094,both_risks
4812156.380186526,4203374.4195020525,1.0,"Contract,Scale",2.9215574367247465,healthy
6025564.253581041,5667022.320560293,0.0,Industrial,11.744855338662495,cost_risk
6747162.193191283,4581466.942784652,1.0,Industrial,20.510714327569907,healthy
2571214.287135035,2220846.9358105017,0.0,"Contract,Industrial",2.068840900828523,sales_risk
3963941.257430029,2451247.191925501,0.0,"Ads,Contract",2.9468131235506374,healthy
9408621.387977043,8846630.19140476,0.0,Industrial,3.0558605619908534,cost_risk
1286334.7472493006,987597.0099191963,0.0,"Industrial,Contract",6.979090867378382,sales_risk
9801016.666075809,8285658.805444105,1.0,Ads,4.290238702487464,healthy
16288021.481595904,16361386.77954453,1.0,Contract,10.395717131197745,cost_risk
35084498.6912776,32969733.443657387,1.0,"Industrial,Contract",5.554868976687089,sales_risk
14015776.606375676,11837476.024885241,1.0,Ads,7.813804185653851,healthy
28273263.36815765,25321559.8011122,0.0,Industrial,2.782240427489626,sales_risk
12009768.160600904,9122445.582747575,0.0,"Contract,Scale",5.728972391128328,healthy
39606769.14281125,38919531.52325835,1.0,"Industrial,Contract",9.249340607394057,both_risks
10096309.58119862,9346147.917947695,1.0,"Contract,Scale",5.364834724306577,healthy
71653440.8385869,59890213.146773875,1.0,Ads,8.587978066567302,sales_risk
16189021.746853745,12022556.438612394,1.0,Ads,8.439935114797388,healthy
5089637.510913322,4008128.0879960554,1.0,"Scale,Ads",10.55720557556742,healthy
10689018.969648197,9375238.746990087,0.0,"Contract,Industrial",5.832321161791789,healthy
1557045.367273051,1283290.1361861217,0.0,Ads,5.316443394956801,sales_risk
29831716.531412866,23308740.51563475,1.0,Ads,3.79901839190007,sales_risk
6760840.289306248,5667027.804856538,0.0,"Ads,Scale",4.83591827276562,healthy
30487388.343394365,28242308.491765935,1.0,Scale,3.8824615838913226,both_risks
80951467.80702603,60219827.63765556,1.0,"Industrial,Contract",0.6040862055863392,sales_risk
8979352.612400899,6519467.164240028,0.0,Industrial,9.042718622128877,healthy
9232637.41468166,6735775.874484412,0.0,Industrial,1.6713798722307405,healthy
7640737.817692018,6660454.003417645,0.0,Scale,1.6145492533444545,healthy
12904543.155997397,11617064.64623588,0.0,"Ads,Scale",4.370181002688612,healthy
81526521.05510552,81968033.50349692,1.0,Contract,12.339634033657537,both_risks
32089857.791867957,27604901.055094153,1.0,"Ads,Scale",1.7394980692030737,sales_risk
11312664.963067172,9085701.658960309,0.0,"Industrial,Contract",7.433694054208762,healthy
25660631.412074246,18971908.422329333,1.0,"Ads,Scale",4.649134377158865,healthy
1134879.1718715061,1054102.594493223,0.0,Scale,1.0239512807913338,both_risks
10058433.33901987,8700351.569573877,1.0,Ads,1.4079596848693134,healthy
524637.5272222856,423975.63093225786,0.0,"Ads,Scale",6.844333173647844,sales_risk
27352449.69679645,27379793.922802597,1.0,"Ads,Scale",3.313205480014563,both_risks
1015843.7022231824,763898.903436601,0.0,Scale,4.702612208229032,sales_risk
15365754.581285575,13939598.638967097,1.0,Contract,4.24317742795895,healthy
3602605.643997897,2553886.2212474556,0.0,"Industrial,Contract",5.486276902440552,healthy
114848296.52628365,104632404.46603705,1.0,Industrial,6.5685173966310195,sales_risk
2509124.968085247,2253275.2766903997,1.0,Industrial,3.7038724397995386,healthy
6395951.070210509,4329198.013730815,1.0,"Contract,Industrial",2.542054434739807,healthy
48283335.075127974,53686720.99039592,0.0,Scale,5.332956043173599,both_risks
13848294.826284375,14056009.74156,1.0,"Contract,Industrial",10.879766984212354,cost_risk
10933514.017668022,7785774.063763768,0.0,Industrial,11.817679653718896,healthy
7061528.638059917,6286211.808830783,1.0,Industrial,2.5098019764475845,healthy
9767129.168159436,8874716.973098777,1.0,Contract,18.127191368670168,cost_risk
4199372.338790308,4024688.4776194887,1.0,Ads,1.6074570156740697,healthy
7530090.807731223,5896104.49854878,0.0,Scale,1.8144383390019505,healthy
8506262.702677269,6485069.550099124,1.0,Industrial,3.25598550208979,healthy
18455988.4518487,14257025.560891682,1.0,Contract,10.909559090573222,healthy
9638130.685085125,7575629.935032456,1.0,Ads,1.9148543936590179,healthy
20722087.555757314,17406016.91654783,0.0,Contract,1.8676933029700598,healthy
2008815.104818585,1541653.2473287939,0.0,Industrial,9.256364414165468,sales_risk
36422032.39373636,32639760.573568553,1.0,"Contract,Scale",13.771023568115146,sales_risk
14045189.5790654,10379978.624112945,0.0,Industrial,14.213444355506656,healthy
45788503.07775451,38360222.349497594,1.0,Contract,7.297671420290619,sales_risk
15129795.136212548,12288172.648379121,0.0,Ads,10.767856141708526,healthy
8028332.5468846485,7794183.297850784,1.0,"Ads,Scale",1.0436680462385484,cost_risk
10233392.150425974,9550966.541250328,0.0,Contract,13.178875225938214,cost_risk
2803792.7776424405,2800125.2778247925,0.0,Contract,5.026096988478315,cost_risk
7087692.519522349,5793851.280091416,0.0,"Scale,Contract",10.333906143433989,healthy
10706180.332003282,9056502.932354148,0.0,Scale,3.388463535507822,healthy
10167368.26987586,9048998.051580615,0.0,Scale,7.595152644459361,healthy
1729994.9485847147,1271542.530967516,0.0,Ads,5.466398087557755,sales_risk
14516692.307739064,11111059.887695031,1.0,Contract,1.6975694064356435,healthy
3258180.281155301,2149286.3899376835,0.0,Contract,0.7777394921134984,healthy
7169303.214631689,5297527.755825761,0.0,Scale,2.5041555220191185,healthy
20816920.397889856,18288145.81686509,0.0,Ads,5.864479012330158,healthy
4384975.962118156,4479874.3510483075,1.0,Industrial,1.5214412570777474,cost_risk
7841030.51129405,7446261.5404792605,0.0,Industrial,7.82779363573173,cost_risk
5722134.51934456,4801395.459601325,1.0,"Ads,Scale",12.664252316241111,healthy
15253518.15896001,11589775.939658081,0.0,Ads,0.10958405547303664,healthy
2807429.2970658503,2768566.5802717996,0.0,Industrial,5.124119029267669,cost_risk
1883821.864084524,1770947.5271109424,0.0,Ads,6.0601442316460705,both_risks
1116537.0479886776,884365.2474407266,0.0,Ads,8.489423042183542,sales_risk
78292004.92040788,73737947.90251955,1.0,"Ads,Scale",2.3448598619936143,both_risks
17503032.62417415,12738764.315765815,1.0,Scale,0.786948339759636,healthy
44823203.048537314,39470521.3090906,1.0,"Industrial,Ads",4.230615788098246,sales_risk
6113214.2296012975,6119312.026267252,0.0,Ads,2.028841715710386,cost_risk
27303298.99069789,19004838.18378788,0.0,Ads,6.349263365112316,sales_risk
5693475.189956252,4793344.060564743,0.0,Ads,1.9428178547865236,healthy
2513587.319015256,2222235.192362369,0.0,Industrial,0.8114455265042154,healthy
20727264.37551707,13820229.129615752,1.0,"Ads,Scale",1.8841471180924987,healthy
6619638.864389533,5652436.930115451,0.0,Contract,5.555586090314633,healthy
11523572.073839558,9352065.769787995,0.0,Scale,8.616618680327932,healthy
13510045.35952648,10621348.721862718,0.0,"Scale,Ads",10.37061930432845,healthy
16054180.134789966,12017458.174164288,1.0,Industrial,9.597283112714347,healthy
7183149.946669128,7425495.810434694,1.0,Industrial,1.3767851272536868,cost_risk
882519.0673941687,636044.0365254617,0.0,Ads,3.2783720553707068,sales_risk
2708631.443030199,2625180.4385868404,1.0,"Industrial,Contract",3.0714139466574046,cost_risk
15642380.20454586,12730733.540850217,0.0,"Ads,Scale",6.708813282895699,healthy
62265371.39257756,58161044.88699153,1.0,Ads,4.266581291215214,sales_risk
8578954.105555886,7030043.057477312,1.0,Industrial,18.639217022202587,healthy
35312815.42949357,33636042.04267384,1.0,Ads,5.311801723331527,both_risks
825138.4722732843,658257.5954170038,1.0,Industrial,3.654021436817822,sales_risk
39432291.69618007,38021921.27352722,1.0,Industrial,2.3603085986470953,both_risks
2854522.211203479,2828443.9916357687,1.0,Ads,4.972688819507685,cost_risk
3225219.403948264,2461424.7665626057,1.0,Ads,4.01514441655156,healthy
6584428.292790778,243674751.03276896,0.0,Industrial,2.322841069481038,healthy
11955286.058497569,9240803.191153757,1.0,Ads,3.4436403580933344,healthy
2682475.6084727165,2474964.8445289116,0.0,Ads,3.5054837743780833,cost_risk
24061059.502396952,23217143.660110172,1.0,Ads,5.030990207047466,cost_risk
2100741.1851808834,1567432.8604819428,0.0,Scale,0.15734208028031604,sales_risk
10180985.729239393,8737520.766103351,0.0,"Contract,Industrial",9.803663692626847,healthy
3671768.4756702962,3127011.4144050097,0.0,"Ads,Scale",1.6176370330497032,healthy
10999797.090242581,7983797.0161153935,0.0,Contract,0.2840652625832991,healthy
1181660.2646324183,1260077.9924561572,1.0,Industrial,8.795147184687883,both_risks
3337380.192059878,2652539.7862007814,0.0,Ads,1.954922581536268,healthy
2548318.028697247,2460865.5329574156,0.0,Ads,2.768418143722057,both_risks
22068879.29496662,21110843.652864866,1.0,Industrial,1.7090406371732487,cost_risk
946297.5942059187,664175.8687031039,0.0,"Contract,Scale",6.680491740087685,sales_risk
50169308.07106283,36631606.56076151,0.0,"Industrial,Contract",2.8026905651283474,sales_risk
5318744.442229497,3814175.8834289727,0.0,Industrial,4.707956712874484,healthy
10743574.390744494,10186730.53593706,1.0,Industrial,3.8421380189557515,cost_risk
695568.1375529352,610445.6222125997,1.0,"Contract,Scale",3.6262758178679437,sales_risk
4004853.5954536884,3843245.753505693,1.0,"Ads,Scale",1.6628846393360814,cost_risk
20534568.315558627,20203136.682042293,0.0,"Contract,Industrial",2.50176568368898,cost_risk
39839083.02102788,32019945.7943757,1.0,"Industrial,Contract",4.204840624382007,sales_risk
3298719.022420577,3273583.4965169653,0.0,Industrial,12.995108994978377,cost_risk
27583793.180151008,25108326.010196235,1.0,Industrial,7.346459773579104,cost_risk
10585577.216915958,7562910.599753053,1.0,"Industrial,Contract",2.5011996944413797,healthy
16886000.94486306,16180203.186810842,1.0,Industrial,7.690637785834962,cost_risk
7184968.310410494,5725946.32225863,1.0,Industrial,4.532609518394285,healthy
40425865.390250966,36531065.68690939,1.0,"Industrial,Contract",8.851450704181946,sales_risk
1611119.8196753717,1217530.5078215653,0.0,Contract,1.9069690617102644,sales_risk
16893151.80215617,16467458.264778191,1.0,"Industrial,Contract",5.71956369444551,cost_risk
41353826.71992323,35629257.34154706,1.0,"Industrial,Contract",5.228205952674806,sales_risk
19175368.108055487,16816543.21844424,1.0,"Industrial,Contract",12.528488859184538,healthy
6671456.465303001,5153341.941806765,1.0,Contract,3.809032216855486,healthy
14910031.44369346,16383155.131423956,1.0,Ads,3.2748467247428517,cost_risk
11540954.468069104,10103668.018244961,1.0,"Contract,Industrial",7.479276727546544,healthy
6747407.658813588,6802224.138564112,0.0,Industrial,9.292975557351996,cost_risk
25896752.65449061,15903632.325633764,1.0,Scale,3.0164063665391088,healthy
34031265.32837165,28043606.910505444,1.0,"Contract,Scale",3.3429630394288363,healthy
2279149.0511986553,1934565.1105275452,0.0,"Ads,Scale",1.3025392931072877,healthy
56994279.46318922,53263926.228008464,1.0,Industrial,2.3235058426161252,both_risks
9357991.297118645,8776302.33340236,0.0,Ads,8.111006805418,cost_risk
7491420.899657242,5466136.597508841,0.0,"Ads,Industrial",4.505204741246466,healthy
22441657.459385734,22892181.589921303,1.0,Ads,2.3665731240224925,cost_risk
4125917.994262856,4045539.63417658,1.0,"Industrial,Ads",4.505082816713895,cost_risk
14191836.51998984,12642413.557001619,1.0,Ads,12.654911069772162,healthy
6404636.60641568,5460938.849301263,0.0,Industrial,3.410733566803623,healthy
8581022.578057695,7916393.679590233,1.0,Industrial,1.175729283445908,cost_risk
13090825.296102526,9276753.727304522,0.0,Ads,7.113604285889929,healthy
9075991.48708686,7479668.325107775,1.0,Industrial,1.7595897750971061,healthy
6399974.999915132,4890401.039567408,1.0,Scale,11.60798617925409,healthy
29656160.125092763,22947485.02891277,1.0,Ads,2.287696676454436,sales_risk
15771000.231709585,14224047.405203816,1.0,Industrial,9.818296815715243,healthy
14640094.32828248,11922185.303104622,1.0,Scale,3.1038127363981727,healthy
21529703.407647524,18838013.758101594,1.0,"Ads,Contract",1.8836746919873413,healthy
1099853.9497993598,1036149.5266479589,0.0,Ads,1.7266353133206258,both_risks
22059968.954594593,22364644.562125985,0.0,"Ads,Scale",2.9354150403669306,cost_risk
89252732.44515797,92046506.46280771,1.0,Contract,25.0,both_risks
3158841.353375276,2523942.3342515547,1.0,Scale,12.32588422379348,healthy
110228700.75050949,95217010.17078876,1.0,Industrial,3.8489062486835373,sales_risk
1483517.31377225,1130521.992268457,0.0,Contract,8.711886191931509,sales_risk
4423937.806577675,3174937.6677143034,0.0,"Ads,Scale",7.910250812099252,healthy
17440326.682755973,16338640.550065957,0.0,Industrial,3.276378792157197,cost_risk
4887868.780563292,4279838.972918367,1.0,Industrial,1.9483807746866764,healthy
3648851.7769455197,3125377.669308087,0.0,Industrial,14.68401577097547,healthy
10355659.747279754,9487337.550053334,1.0,Ads,2.3790488716414404,healthy
13760056.26784274,10596242.430729363,1.0,"Ads,Industrial",11.831660913634801,healthy
21304642.80411597,15090896.265670072,0.0,"Industrial,Contract",6.705745441392221,healthy
6768891.380944391,4680321.7678118395,1.0,"Industrial,Contract",4.666994781258872,healthy
1168681.4229542396,982752.5132525495,0.0,Ads,7.122349851095271,sales_risk
15753978.040427266,14519451.033590712,1.0,Industrial,14.435255108164199,cost_risk
32457036.006022327,31014294.385908213,1.0,"Industrial,Contract",8.466122830778453,cost_risk
5602598.281606506,4971676.269260402,1.0,"Ads,Scale",3.1853234662817913,healthy
19515744.03270418,15367475.623523394,1.0,Ads,4.212983728964179,healthy
2273367.518645435,1722732.352117863,0.0,"Contract,Industrial",8.410704336796048,healthy
4315087.707517335,2839331.2360401363,0.0,"Ads,Contract",2.2445776828538273,healthy
2713012.293010797,2242991.3341666954,0.0,"Industrial,Contract",7.254303761290721,healthy
9781868.846637757,9647224.311086046,1.0,Scale,6.604860086721061,cost_risk
2753846.372409679,2207106.7359297355,0.0,"Contract,Industrial",6.653646006069396,healthy
46561089.44801051,41744450.59217384,1.0,Scale,7.783283126085735,sales_risk
14833512.119944708,13087711.947698832,1.0,Ads,5.659578589634931,healthy
9282015.448969493,8504688.575912083,1.0,"Contract,Industrial",4.694329352819815,healthy
18179741.5864509,17342654.26602137,1.0,"Contract,Industrial",5.759270824286781,cost_risk
31879415.98527769,31566952.94622076,1.0,Industrial,2.572241348558463,cost_risk
13108303.488480514,11233409.920659605,1.0,Industrial,5.97338917815955,healthy
3849459.915655406,2508796.3113082056,0.0,Contract,5.302523672558595,healthy
9696662.060627347,9763363.466345452,0.0,Scale,2.1577667712665036,cost_risk
5744007.089900641,5147301.651545946,1.0,Industrial,14.005751627681486,healthy
15226648.103953049,13858305.723170985,0.0,Industrial,6.983293934956357,cost_risk
6033841.087887725,5581571.553761657,1.0,Ads,7.610936468638792,healthy
9538645.402125325,7593641.748032579,1.0,Industrial,4.039557657131747,healthy
25396720.993822735,17544029.510989122,1.0,Contract,5.196551960756279,healthy
3998332.6500120177,3164844.664520383,1.0,Contract,5.014743840167451,healthy
7666077.778417961,7395230.405731344,0.0,Industrial,1.3328822308166122,cost_risk
7036434.865955605,6202652.335119375,1.0,Ads,8.431506813317785,healthy
4830485.170498778,4212893.5170894945,0.0,Scale,15.204217559405304,healthy
114821194.21999,93635313.12365906,1.0,"Scale,Ads",3.602265131862966,sales_risk
28613176.685097665,26888556.396209348,1.0,"Industrial,Scale",8.483853039019971,cost_risk
4598716.084097941,3521250.908957347,1.0,"Scale,Ads",5.851035688892206,healthy
4675341.243155613,4182596.801106819,0.0,"Industrial,Ads",15.850152826150932,healthy
12501359.463345509,10393796.875520105,1.0,"Contract,Ads",2.2520245825744762,healthy
31531813.03587884,31410423.283865403,1.0,"Ads,Contract",4.853875641150374,both_risks
8020778.954421175,6286626.290006544,0.0,Ads,9.592968781023638,healthy
20842395.339579362,21463666.55658892,0.0,Contract,4.181341199724773,both_risks
1548687.1571917883,1485870.0086332737,1.0,Scale,5.147423350979925,both_risks
13314440.419268956,13115914.919288175,1.0,Contract,2.9287583329932554,cost_risk
33441996.573044136,31912040.175145157,0.0,"Scale,Ads",11.079347954141157,both_risks
10452685.456904557,7289088.263871951,1.0,"Scale,Ads",3.61430018099482,healthy
4706965.214664886,4391772.3017584905,1.0,Ads,3.786309689052408,cost_risk
26997435.73037314,25160299.598848026,0.0,Industrial,2.8729215097954475,sales_risk
3323777.4207689613,3215209.155556349,0.0,"Industrial,Contract",4.334913402670394,both_risks
6701273.598537641,5708773.868560866,0.0,Ads,18.39837613323865,healthy
16419990.093423754,17071087.54046434,0.0,Industrial,10.417396928245044,cost_risk
3584393.458909518,2796892.6489031943,1.0,Contract,3.01265716894317,healthy
125925623.66687492,106565140.52800018,1.0,Contract,3.0488999304431426,sales_risk
7351928.196161113,6859047.928779785,1.0,Industrial,5.140065004933879,healthy
1187751.1073848675,914017.0307383937,0.0,Industrial,5.389516090103269,sales_risk
26802935.744412716,18253046.342497755,1.0,"Scale,Contract",12.170883148677248,healthy
12767560.81911088,13737692.937802926,1.0,"Ads,Contract",14.407116053754848,cost_risk
8565653.76179869,7827906.885089334,1.0,"Ads,Scale",6.740721444657634,healthy
14545972.274352001,10078199.056335274,0.0,"Ads,Industrial",6.954044645673187,healthy
16906335.581992686,16232012.424930347,0.0,"Ads,Scale",4.051820869861203,cost_risk
8031461.140377557,6718558.596621785,1.0,"Ads,Contract",16.115833329568304,healthy
17799677.43758616,14409660.199165555,1.0,"Industrial,Contract",1.0258598970192316,healthy
13230887.460846746,10728730.083165916,1.0,Industrial,7.076827600546109,healthy
23225427.263855636,21363952.475338247,0.0,Contract,5.867617495156421,cost_risk
5521997.565036683,5338958.691783135,1.0,"Contract,Scale",5.428601826031869,cost_risk
6094072.019816215,5138164.135968528,0.0,"Industrial,Contract",2.2469994805351137,healthy
16789705.02986936,14751240.140204443,0.0,Scale,8.62576926613388,healthy
18059672.304064438,17390141.764673367,1.0,Industrial,12.103025170111817,cost_risk
8746504.02443856,7970048.519015653,0.0,Contract,1.78056768532633,cost_risk
9858904.094519865,7562151.630179144,0.0,Industrial,19.7746479117589,healthy
23239440.78451835,17614852.289854698,1.0,Contract,15.808971639981209,healthy
3819493.7436797456,3089510.2248810697,0.0,Ads,3.3057507145516576,healthy
2692222.376078341,2044106.921853918,0.0,"Contract,Scale",6.9309836036709696,healthy
19799187.251767047,13585325.499037692,1.0,Industrial,4.942658512016422,healthy
13154870.815816268,12051098.10837762,1.0,Ads,4.185518675555108,healthy
4420450.559153337,4262964.085515499,0.0,Industrial,16.9901796400032,cost_risk
6711395.047203581,6108998.095123469,1.0,"Ads,Scale",3.495552112189611,healthy
4178486.853029866,3135835.9684538273,1.0,"Industrial,Ads",2.2075837580719178,healthy
5295282.15153475,3421532.4456933243,0.0,Ads,7.3225153605804625,healthy
33485994.64298264,29462282.539115995,1.0,Contract,5.041380733209511,sales_risk
9377401.530558957,7956381.997649502,1.0,Ads,0.6112340550367537,healthy
2931966.1569521204,1959153.0506305022,0.0,"Scale,Ads",4.902544937167512,healthy
15056982.786316419,15564511.948822156,1.0,"Industrial,Contract",6.4368813434740275,cost_risk
15094821.501111675,14199590.156501446,1.0,Industrial,2.9189885962301587,cost_risk
8370463.276084553,7643231.297571455,1.0,Industrial,7.294294422392943,healthy
8307305.719537072,8300728.642564043,0.0,"Scale,Ads",1.4593892544672782,cost_risk
14734445.04374658,11884158.017660247,1.0,Industrial,6.011967013005026,healthy
19215261.16421018,17416959.23459011,1.0,Scale,17.88600048832129,healthy
8067697.548484656,6318342.111077234,0.0,Contract,4.019871902206906,healthy
5055639.698645598,4387467.338496379,0.0,"Ads,Scale",2.934680081577602,healthy
7080429.618194301,7365355.492607161,1.0,"Ads,Scale",1.815587178271044,cost_risk
23690694.244194314,21672098.804728035,1.0,Industrial,1.230850654047949,cost_risk
19264566.568351105,13067610.721768368,0.0,"Industrial,Ads",4.614594439315016,healthy
5834591.62715653,4678038.881514636,1.0,Ads,6.806004394918531,healthy
152268778.02781796,155717670.5991304,1.0,Industrial,0.9321665780059986,both_risks
109482774.52450742,69122286.35686538,1.0,Scale,4.216935952795738,sales_risk
3102670.340340395,2255155.6573029887,0.0,Ads,6.747961552918396,healthy
24888975.979426783,19772633.752637703,1.0,Industrial,7.587535303078354,sales_risk
3281218.2522975057,2603021.038246062,0.0,"Industrial,Contract",5.634497158230053,healthy
9287359.136962172,9310924.222043436,1.0,Ads,7.839965779296774,cost_risk
42026626.27894689,37384891.33701259,1.0,"Industrial,Contract",8.44083451908341,both_risks
19269499.105974197,16953661.415401448,1.0,Industrial,8.231308084449164,healthy
2693173.0355237443,2395986.47926262,1.0,"Industrial,Contract",8.009864298144345,healthy
14914852.556185259,14914579.916659016,1.0,Ads,1.9533689667705698,cost_risk
764562.7254444201,543835.5063925751,0.0,Ads,2.110795616221282,sales_risk
1819124.1761517024,1668211.8463640993,0.0,Industrial,1.5952027402446336,both_risks
9205185.503467774,8296774.006813625,1.0,Industrial,12.795448130692808,healthy
3891716.2597461604,3130728.4458408756,0.0,Industrial,1.137579113980241,healthy
43027078.06273734,33909300.51154327,1.0,Contract,2.1746676591741485,sales_risk
10155203.331728492,10026586.848790683,0.0,Contract,4.438328165251895,cost_risk
31883286.424686022,27607685.316431914,1.0,Industrial,4.9965910102585775,sales_risk
9994854.571941925,9541395.138226938,0.0,Contract,3.4227283742753842,cost_risk
10527472.195857061,10280186.164022997,0.0,"Contract,Ads",14.156561426727094,cost_risk
10562624.478767822,8165544.84681834,0.0,Industrial,3.7483436367795493,healthy
63497877.66195122,52547097.54377217,1.0,"Ads,Scale",4.449861957452978,sales_risk
44794689.641390935,35972094.922125205,1.0,"Contract,Industrial",1.4386094274662031,sales_risk
2903353.115497003,2459184.9368152507,0.0,Contract,6.226146994806056,sales_risk
6852537.204967861,5207541.611040279,1.0,"Ads,Scale",2.5644013759056774,healthy
47966808.0087875,34379664.65316358,0.0,Ads,5.994079231402644,sales_risk
1971107.6724186023,1338874.4546609635,0.0,Ads,3.690432645486162,healthy
55894448.617269315,40754215.544657394,1.0,Contract,2.8064878297099654,sales_risk
16759059.200596122,13501281.121270375,0.0,Ads,4.876031514277788,healthy
3202378.9938882026,2996902.4811540092,0.0,Contract,1.1344409131235282,cost_risk
963300.6588271258,674790.7142642046,1.0,Contract,12.779708899816647,sales_risk
9435313.44596303,8097364.637719982,1.0,Industrial,13.080164360923455,healthy
50787028.81686878,46527116.645153865,1.0,Scale,2.6685531528269406,both_risks
11234498.054657139,9265587.381247468,1.0,"Industrial,Contract",17.294886371194625,healthy
15467811.762506409,10806941.543753173,1.0,Scale,1.214151403397747,healthy
14458386.62744703,11362583.28383275,1.0,Ads,16.732130439742424,healthy
6950197.2854643315,6674154.722778109,0.0,Contract,4.3319830407177395,cost_risk
13219632.945289936,11674612.50799799,0.0,Contract,4.916991662200926,healthy
4743361.9873607615,4811355.597950609,0.0,Contract,11.170362955369054,cost_risk
5009208.770884516,5245919.800775841,1.0,"Ads,Contract",8.582829690727813,cost_risk
3528091.3013246562,3785283.0797760487,0.0,Contract,4.265477509520929,both_risks
6113565.649463841,5043577.0634937305,1.0,Ads,21.32690996143046,healthy
6109787.185186611,6538124.870014904,1.0,"Contract,Ads",10.517799206557331,cost_risk
10709591.544450661,8057382.073237242,1.0,Scale,3.515229639924706,healthy
6289723.90778086,5510906.28848861,0.0,Scale,3.0389415203991446,healthy
1693964.7898112133,1546393.8587401204,0.0,"Industrial,Ads",1.331159173717762,sales_risk
2941694.408965609,2320296.737505473,0.0,Ads,9.88432713647518,healthy
6797138.196193027,5791521.022236105,0.0,"Industrial,Scale",1.6810642090673347,healthy
15083917.39964616,12614179.23347624,1.0,Ads,5.669347420987833,healthy
6652550.969555771,6278549.41458514,0.0,Ads,5.497770482083701,cost_risk
13134815.936911486,11657419.483565979,1.0,Industrial,12.24051983190694,healthy
1907640.2995941257,1727368.8385025738,0.0,"Scale,Contract",7.845277133881057,both_risks
29188456.128185555,28555278.612301853,0.0,Scale,1.5907316287723952,both_risks
5602629.620996856,3935709.090102844,1.0,Ads,2.029297096749617,healthy
3969375.3279637727,3552149.268993989,0.0,Contract,4.125722327586797,cost_risk
9237268.027422568,7620529.032206216,1.0,"Scale,Ads",10.442533992456735,healthy
13946160.539350238,9414394.427056937,1.0,Ads,5.01764147931919,healthy
7088561.641025759,5933764.36900331,1.0,"Contract,Scale",1.2623480354447616,healthy
17193472.02646554,14386522.57948448,0.0,"Contract,Industrial",3.472140208256569,healthy
1519515.8742523952,1117082.9638058052,0.0,Ads,3.8249809658939817,sales_risk
8039990.427323983,6571514.481736242,0.0,Ads,9.294588199055276,healthy
21020960.63534992,15851156.96144146,0.0,Industrial,0.8153344812331473,healthy
14354287.029168582,10679171.279997086,1.0,Industrial,4.041824325668157,healthy
6691681.75733721,6119325.984489397,0.0,Industrial,14.150332852687622,cost_risk
12304350.019744512,9093497.71393427,1.0,"Ads,Scale",2.312623806337792,healthy
51481037.11564867,37088010.281588495,1.0,Contract,4.67592558668176,sales_risk
2872428.7154270373,2808226.653721919,1.0,Ads,3.5830022325602284,cost_risk
11547289.109802807,11146697.966387326,1.0,Industrial,3.7281032087953347,cost_risk
10081420.933891466,8684905.571402362,0.0,"Scale,Ads",5.602015873391563,healthy
17858921.809151344,12686366.80636345,1.0,Industrial,3.1625900636078237,healthy
2838527.7799556716,1826859.1461223203,1.0,Contract,4.208173187553351,healthy
44092473.370992236,32657205.42607937,1.0,Contract,6.987573678604974,sales_risk
21244492.543938108,20525955.777724072,1.0,Ads,1.6664166721274314,cost_risk
90317079.19307135,74865436.83614558,1.0,Scale,3.0309930230415896,sales_risk
9632318.233465048,9360486.650235478,0.0,Ads,2.340012412343822,cost_risk
4867479.013492279,3323089.459944033,1.0,Ads,10.39522968613842,healthy
1473528.9204688915,1071639.9885925003,0.0,"Industrial,Ads",2.216348901856484,sales_risk
5542509.945951623,3584523.6671731886,1.0,"Industrial,Scale",8.305925621776575,healthy
2498205.4999287166,1666104.2784754606,0.0,"Contract,Scale",8.241887279569656,healthy
1189234.8461056424,765006.1270902694,1.0,Industrial,1.9429543882032125,sales_risk
3737144.3238886646,2592067.7626133366,1.0,Scale,3.511957474985875,healthy
6840631.847889218,6371344.388392382,0.0,Ads,12.88669442955521,cost_risk
7520079.212095054,7111732.188419618,0.0,"Contract,Industrial",11.855229768543857,cost_risk
117842407.16745484,98144840.6179031,1.0,Scale,5.503868953063471,sales_risk
42257321.87119089,35634996.17695816,1.0,Industrial,9.534320610906711,sales_risk
10811125.329252193,10586193.862640573,0.0,"Contract,Industrial",4.395337931176602,cost_risk
18266400.768919155,17627464.508723084,1.0,Industrial,5.931971661593701,cost_risk
6095320.914741645,4431296.672821672,0.0,Contract,6.8489106427085495,healthy
5875291.467070044,4591721.211070433,1.0,"Contract,Industrial",4.608978508126677,healthy
14629088.351323387,10219895.12295406,1.0,Industrial,12.08027833547604,healthy
7949712.638989845,6373425.010325402,1.0,Ads,8.960400956728723,healthy
44062991.15948839,42326270.7688209,0.0,Industrial,8.524209010521103,both_risks
18855804.08971411,15818667.287300343,0.0,Scale,3.6003837186925134,healthy
3157103.0641883686,2538212.358228677,1.0,Industrial,0.9468570454955711,healthy
2002250.0925442968,1371352.449698412,0.0,Industrial,6.20285311328972,healthy
10418777.24543305,7068522.182523558,0.0,Contract,1.2520516221999098,healthy
29632369.55924411,29320874.371392384,1.0,Scale,7.600176266940958,cost_risk
3123683.72172278,2235981.702456852,0.0,Industrial,2.488285550072051,healthy
3508164.4032987547,2682009.7663296615,0.0,Contract,14.55729316895577,sales_risk
98212668.16570313,99306068.84105603,1.0,"Industrial,Ads",0.6627074339189385,both_risks
9157439.640579594,8876719.021552013,1.0,Industrial,4.627995828685639,cost_risk
6379760.534907718,4864961.457599737,1.0,Ads,1.0158007699590241,healthy
107015096.55357245,102686958.69838583,1.0,Contract,16.49004490911813,both_risks
6624393.615721349,6892093.17009837,1.0,"Scale,Ads",6.017852541616815,cost_risk
2873564.046949053,2881709.613074933,0.0,Ads,16.131794125323502,cost_risk
9662113.009373458,7712922.234784445,1.0,Industrial,3.1464856046863194,healthy
2549466.2773461835,2530739.1151024844,1.0,Industrial,5.4611923224419,cost_risk
1821021.6928217034,1332799.8592957084,0.0,Ads,1.66150338012989,sales_risk
23332533.80773823,18122589.14326722,0.0,"Ads,Scale",7.75780879498207,healthy
5091317.384469185,4400724.309963361,0.0,Contract,1.1819639922638001,healthy
14520644.561180623,11312086.505349167,1.0,Ads,1.1510727305563129,healthy
2936278.697359652,2068480.1304520972,0.0,Ads,2.941329320530611,sales_risk
6988327.348966371,5742708.063833578,1.0,"Scale,Industrial",7.543702978578187,healthy
2598829.331031596,2597918.682539142,1.0,Industrial,5.378107538549907,cost_risk
3459166.984513332,3164761.458911755,0.0,Industrial,10.861300942864993,cost_risk
51209551.16762227,47658819.44442434,1.0,Scale,1.8321031901064666,both_risks
18821311.219331082,14847188.151322328,1.0,Industrial,11.294727370302445,healthy
17583135.33067134,15932656.941753656,0.0,Industrial,3.4518561212361387,cost_risk
8705138.72490354,7057934.908003223,1.0,Industrial,5.947704377428467,healthy
6280288.652006621,5271202.764072299,1.0,Industrial,6.145628710906474,healthy
8659096.678757379,6311328.703974177,0.0,Industrial,1.2887179823071109,healthy
5781215.344184281,4108763.957422954,1.0,"Contract,Industrial",3.021022709801749,healthy
14889516.221468978,11003656.125039998,1.0,"Industrial,Scale",4.357718550454699,healthy
8094495.726296278,7747587.64486531,1.0,Industrial,2.9366731362681797,cost_risk
10835509.712088661,10142395.84638985,1.0,Industrial,7.238987351237057,cost_risk
129272627.5071025,123980530.84077738,1.0,Industrial,2.5250543040075533,both_risks
8866510.959289389,5659922.035669275,0.0,Industrial,2.9552290171013755,healthy
2996410.623397587,2657591.104050773,0.0,Industrial,2.4195482126994676,healthy
43757414.40569529,33372958.694138683,1.0,Industrial,9.868309726600472,sales_risk
3170780.9691792117,1875404.568044726,0.0,"Industrial,Contract",5.5710782743966485,healthy
3157395.63048197,2469358.9718033634,1.0,Contract,12.095428466560382,healthy
54438119.12044654,48635025.87325725,1.0,Scale,12.066554911037098,sales_risk
13894355.345896395,11193569.54611124,1.0,Industrial,12.828892341647197,healthy
3241314.9031097437,2631814.97330935,0.0,Scale,7.064431382031769,healthy
9832829.991840633,8431575.044407386,1.0,Contract,23.35215217764376,healthy
36690182.85429857,30926504.823518015,1.0,Scale,0.7617558472944354,sales_risk
3598028.911759554,2940397.171435301,0.0,Ads,1.9056049439755327,healthy
11035665.39790761,8965711.358970951,1.0,Industrial,7.145068669715285,healthy
102478868.61296679,76615895.86109369,1.0,"Scale,Ads",12.956315062746043,sales_risk
7835678.48455846,7708023.340621046,1.0,"Industrial,Contract",4.4995057641175515,cost_risk
1677691.767597955,1482898.2759405193,0.0,Contract,6.526424152812444,sales_risk
6087571.42494676,4441517.036369675,1.0,Contract,11.708330277089603,healthy
6727641.487829144,4547915.816782784,1.0,Contract,4.512364841368599,healthy
5291513.952696312,4620813.155393685,0.0,"Ads,Scale",3.869352633535472,healthy
51310361.335553385,45441757.934418984,1.0,Ads,0.9122651319507553,sales_risk
10994723.363245187,7975515.145090899,1.0,Contract,2.6843505421888683,healthy
9269918.004077125,6093677.988631014,0.0,Scale,8.218308583040587,healthy
15584459.030671969,10273924.814865656,1.0,Contract,4.384407961722827,healthy
10431654.715333246,10379329.43825206,1.0,Industrial,8.24352114670678,cost_risk
1294685.4428415191,1306034.2496135698,0.0,Industrial,6.0325109867741755,both_risks
17565660.21563613,16500618.184892902,0.0,Ads,9.920831778199364,cost_risk
15458411.56791653,12066479.885050317,0.0,"Contract,Industrial",9.411693451779959,healthy
13189717.220277138,10253667.15279132,1.0,Contract,7.745189874452219,healthy
18626748.980181262,13422469.782754324,0.0,"Ads,Contract",25.0,healthy
27262146.70043154,17709641.503464527,1.0,"Scale,Ads",6.003290561578463,healthy
35788707.54170089,33757064.699754804,1.0,Ads,3.48896015792804,cost_risk
1800432.8339276484,1723217.207372643,0.0,Ads,5.66039373019501,both_risks
4173794.212597238,3306425.0131799947,0.0,Industrial,3.32964480111508,healthy
3214920.3921963507,2349189.8653428145,1.0,Ads,2.3822541576167957,healthy
5637896.917442792,5094140.945680148,1.0,Industrial,5.347777290104635,healthy
12846344.881512841,10022457.573895399,1.0,Ads,12.968112490472132,healthy
1490406.7472727771,1361865.7699543552,1.0,Industrial,4.03496316094908,sales_risk
17348262.3095244,12207283.792588571,1.0,Ads,4.130509169450354,healthy
1954882.840757991,1981720.615898612,0.0,Industrial,6.325318960589513,both_risks
3290051.1575153205,2503711.068363148,1.0,"Industrial,Contract",5.591484896490621,healthy
2624055.2231323645,1682086.7270893503,1.0,"Contract,Industrial",15.40368691690505,healthy
5426678.093767138,5041331.17796349,1.0,Industrial,2.1281159224121096,healthy
12251164.111323852,12354053.836539026,1.0,Contract,1.9941155335190301,cost_risk
1135291.0316101704,882557.46699574,0.0,Industrial,15.034590813483101,sales_risk
42348859.53642446,44580473.782440364,1.0,"Scale,Ads",3.3347092633285538,both_risks
3384514.1635116213,3548535.138536073,0.0,Industrial,5.510716191912529,cost_risk
77349992.10103677,69641578.33903034,1.0,Ads,3.862257606704578,sales_risk
1906908.7323580226,1652630.4658195688,0.0,"Ads,Scale",10.051840898611704,healthy
21076112.846109957,19700871.323347732,0.0,Contract,9.241421344014274,cost_risk
15705782.02779574,13871910.956405692,0.0,"Ads,Industrial",2.020370749420714,healthy
7039302.2564628655,6327306.710860736,0.0,Contract,4.694087296027655,healthy
2122541.598547485,1670226.2372211043,0.0,"Ads,Scale",9.188923336229685,sales_risk
5563401.506998402,4392760.590666156,1.0,"Contract,Scale",4.662225982077744,healthy
32268749.798725188,27872899.556686364,1.0,Scale,8.865595517248881,sales_risk
20960640.61063027,20144165.334917266,0.0,"Industrial,Contract",3.8992706827857955,cost_risk
21003930.995979905,15930939.008781599,1.0,Industrial,4.816668949031672,healthy
39520023.477156945,29544392.088485885,1.0,Industrial,5.995695524357946,sales_risk
14457169.10707552,14036449.582106102,1.0,Ads,7.12880550871785,cost_risk
8353040.687381029,6581455.915701703,0.0,Industrial,6.459536594528222,healthy
21272360.18364227,21369220.50527938,0.0,Ads,1.4597712803057017,cost_risk
17847349.663073014,14450622.974670967,0.0,"Scale,Contract",3.605353940720516,healthy
35240885.89728598,27287626.883665618,1.0,Ads,2.7213664008635066,sales_risk
14327346.094754402,10539622.610905461,0.0,Ads,4.1298566877998315,healthy
16377341.213313699,14977221.309590114,1.0,Contract,5.134124596005639,healthy
24455723.391486414,19465412.437465496,1.0,Scale,2.761790848971704,healthy
8888489.86742792,7332824.354464836,1.0,Industrial,12.157777844504754,healthy
3004761.428179431,2813606.3158422587,0.0,Industrial,7.564706474429391,cost_risk
8580770.406736743,7472461.891942609,1.0,Scale,2.7042166011864097,healthy
9815306.128196107,8997169.040595518,0.0,"Industrial,Contract",9.00430614586879,healthy
27444209.361399665,26170485.16028531,1.0,"Contract,Industrial",5.557497474439152,both_risks
17076281.374975264,17861908.69093402,1.0,Contract,6.137350295447341,cost_risk
5387477.724108,5381862.6595629165,0.0,"Scale,Contract",6.385132802160641,cost_risk
11198136.578862064,9096681.417057943,0.0,Ads,3.242495189041108,healthy
6595210.721861184,5782975.821805107,0.0,"Ads,Scale",8.51695955733127,healthy
5422954.928110215,5784082.3442450715,1.0,"Contract,Industrial",5.3920039347222435,cost_risk
20060124.283702496,14581059.343621591,1.0,Industrial,5.90556070912656,healthy
3126669.1708700415,3266169.7163796113,1.0,Contract,1.321391837872805,cost_risk
25748084.85404681,25201415.8990233,1.0,Contract,3.9400304613965504,both_risks
6306423.238234056,4601181.1436320655,0.0,Contract,5.063631311177486,healthy
13689915.742136927,9230320.331356443,1.0,Ads,5.779399808772027,healthy
5957241.479331892,5277919.644557444,1.0,"Industrial,Contract",6.8539253876606665,healthy
4582221.481175312,3609981.959223737,0.0,Ads,11.464123858779088,healthy
4732844.192132085,4452343.8328467775,0.0,Ads,6.679165876046449,cost_risk
20689950.97783932,13411617.66469963,0.0,Ads,12.904233972393248,healthy
1627102.678811857,1571916.130704965,0.0,Contract,5.076095694190095,both_risks
9996927.283748519,10413401.980725937,1.0,Ads,11.004698544509669,cost_risk
4668832.369286735,3499340.132408848,0.0,Industrial,12.541146224922779,healthy
5352276.359854678,3845904.5534775658,0.0,Industrial,6.805776955078519,healthy
55028945.819864385,57238727.340688124,1.0,Scale,1.2366631918835187,both_risks
4408047.0300072655,4234427.895353867,0.0,Scale,1.7529899487708098,cost_risk
4251857.922238966,3614154.6723489724,0.0,Contract,10.122038188543105,healthy
1892152.972804973,1863346.3283709867,0.0,Industrial,0.351547874472335,both_risks
1369348.1255235656,1094446.0850796397,0.0,Industrial,7.3514348983575655,sales_risk
6980218.453717462,5255118.605772472,0.0,Contract,5.138235510447031,healthy
4477638.29080347,4609484.74735618,1.0,Scale,4.279153749786367,cost_risk
17732218.588427436,14484779.264765682,1.0,"Ads,Scale",9.870463620927561,healthy
10881248.575986113,10011954.727396594,1.0,Scale,1.3509403358425498,healthy
3576244.56814193,2654392.72762735,0.0,Ads,3.8997883796948614,healthy
38589460.42601161,25665337.266889144,1.0,"Ads,Scale",6.021102038161466,healthy
26681866.94425593,23666354.148497086,1.0,Industrial,5.247036032177508,healthy
9056583.770398019,9059056.383633083,0.0,Ads,6.331710058540564,cost_risk
19454445.156621926,15368624.863718446,0.0,Industrial,4.6141916451398615,healthy
49274061.45244892,55848112.12969105,1.0,Scale,2.6259261384074195,both_risks
13172506.312614255,13501190.81890631,1.0,Ads,7.481965615591559,cost_risk
5141971.822392193,3984543.9860617933,0.0,"Ads,Scale",3.5849925938336833,healthy
9990991.968758428,8165530.868546303,1.0,Scale,5.003032086604476,healthy
10571800.03990308,10095257.491524968,1.0,"Contract,Industrial",9.539475896327852,cost_risk
11728975.637278758,10699425.186598431,0.0,Ads,6.7673615271116105,healthy
27947291.4203754,21263887.90032832,0.0,Industrial,3.6222213317039866,sales_risk
12208935.790916067,11103100.958184093,1.0,Scale,3.857563855315528,healthy
1703057.1641249666,1542520.975014969,0.0,Industrial,8.230568183696946,both_risks
3990720.988475373,2588956.668798337,0.0,"Industrial,Contract",0.668892750712696,healthy
3058614.3022746583,2446470.2115824777,1.0,Scale,1.5126190289139099,healthy
12667082.49001658,11569893.732792145,0.0,Ads,6.850667797016987,healthy
6792822.934368442,5058664.220806629,1.0,Industrial,15.547644004502374,healthy
12643787.955648394,10444027.396118157,0.0,"Industrial,Contract",1.9458611167662716,healthy
5420145.643208723,4935779.838951834,0.0,"Ads,Contract",5.185253108004127,cost_risk
4289386.703488013,3217725.265723626,0.0,"Ads,Scale",6.088840377260664,healthy
24577024.749736924,16160212.318913897,1.0,Ads,6.448585057678152,healthy
13296375.689923156,9095862.82950865,1.0,"Contract,Industrial",3.6237071002907744,healthy
6994681.863663071,5574047.593681,0.0,Contract,5.222274092588759,healthy
1684682.6890813152,1588269.113431898,0.0,"Scale,Ads",1.7478405803280301,both_risks
2454444.6700984654,2457283.738891181,0.0,"Scale,Ads",7.854035377194922,both_risks
2718595.568215004,1944525.992555588,1.0,Ads,2.446943236352123,healthy
8358688.223386906,6717175.707950202,1.0,Contract,12.665308989161527,healthy
3407173.206132173,2797493.705742894,1.0,"Ads,Scale",1.783822353872984,healthy
25907307.44411242,24688123.911454868,1.0,Ads,6.985801280350966,cost_risk
18669819.11454168,14289418.320363231,1.0,"Industrial,Contract",5.367022784160945,healthy
7534954.066409262,6682324.6868529515,1.0,Industrial,4.3426204526576635,healthy
3791431.415287865,2703903.369199985,1.0,"Contract,Scale",2.2175466785513276,healthy
5375647.995417685,3650713.4148338847,0.0,Scale,6.508270377703589,healthy
11888394.313549396,8719257.958911072,0.0,Industrial,2.182319838795967,healthy
9075037.609259902,7752790.607874173,1.0,"Industrial,Contract",1.8273738919925648,healthy
7186232.140332307,5959385.71961738,0.0,Industrial,0.9546213160152157,healthy
28714807.744308688,21570538.861496247,0.0,Industrial,14.014766340732008,sales_risk
6264426.006222804,4717571.8796445,1.0,Industrial,2.792201619178647,healthy
7740305.542756296,6920546.804706784,1.0,Contract,7.790381439732521,healthy
15463014.523368517,11969627.109079834,1.0,Scale,2.6044954667561524,healthy
11649634.603294393,9272068.738173563,1.0,Ads,2.923182175775491,healthy
26188368.82537447,24480190.28662961,1.0,"Contract,Industrial",7.042300223822088,cost_risk
5431241.765707045,4268535.480780436,0.0,Scale,6.110634578271863,healthy
4078755.725262943,2629517.8125643856,1.0,"Industrial,Contract",11.429904709506404,healthy
17156089.158969477,15827748.081903776,0.0,"Ads,Industrial",5.399970335527744,cost_risk
10094262.744319353,10340366.22923223,1.0,Ads,6.331476293586259,cost_risk
19617222.672137402,15678442.895337852,1.0,Scale,2.18094111660574,healthy
18288193.689422805,17680901.17909885,0.0,Industrial,1.8108111543410212,cost_risk
18020347.913529485,15604766.82856379,1.0,Ads,3.5003093606465607,healthy
3351506.313119153,3275468.645809326,0.0,Industrial,15.327906163397152,cost_risk
8066461.693302305,5120045.174705398,1.0,Contract,0.24670616386670974,healthy
5180679.892532692,4014375.6473818254,1.0,"Contract,Industrial",6.147346741667518,healthy
5570715.587375522,5161290.18961337,1.0,Industrial,17.402816985833564,cost_risk
10052580.484960474,8600833.794831164,1.0,Ads,2.936040533157629,healthy
40463152.13041937,38504285.814388506,1.0,Ads,15.105607811734295,both_risks
71736024.2653534,63944006.361674435,1.0,"Industrial,Ads",4.078702996411947,sales_risk
3902558.2654486517,3566067.23010986,0.0,Ads,9.91741124627914,healthy
8531129.74509336,7750395.32781434,0.0,Industrial,7.186750812033221,healthy
3973146.3884669207,3747083.6177914045,0.0,Ads,4.112864724196397,cost_risk
4074266.1710225116,3643555.8541930835,1.0,"Ads,Industrial",2.9339362751148803,healthy
6781315.955020891,5802464.120191926,1.0,Ads,8.568053859592663,healthy
1755491.9161521853,1573157.7310293894,0.0,Ads,7.365789238806395,sales_risk
12730749.64246358,11918559.027616639,1.0,Industrial,2.215974290792552,cost_risk
2877468.077985481,2444123.647402774,1.0,Contract,4.47198202817345,healthy
7460284.384987271,5668076.597578936,0.0,Ads,12.308649531812243,healthy
3998929.7796176407,3989402.405025633,0.0,Scale,2.9019511977114263,cost_risk
17530890.905225158,13173483.904986637,1.0,Scale,9.066824383858746,healthy
19781648.87262464,16882238.77196947,0.0,Ads,11.951838966985822,healthy
16265204.905597338,16860687.678315546,0.0,Industrial,2.7292544167571684,cost_risk
8366873.172724697,7287677.762876054,0.0,Industrial,3.755665057411071,healthy
1777056.8137823802,1563641.6487058264,0.0,"Industrial,Contract",3.6671382189558095,sales_risk
3079420.513012498,3388725.5389581807,0.0,Industrial,12.4878013003252,cost_risk
13829068.636625689,10884663.253174901,1.0,"Industrial,Contract",6.640938433380123,healthy
4828253.789211468,4208385.100955443,1.0,Contract,7.79266072431219,healthy
6447259.066716261,6209950.988505029,0.0,Scale,17.653569045065815,cost_risk
14858327.859513666,14436840.611296142,1.0,"Industrial,Scale",7.719545635049629,cost_risk
73507032.10344003,63009486.286238894,1.0,Scale,4.74062429241873,sales_risk
4216637.880659082,2732422.039512989,1.0,"Scale,Ads",1.7513445850649663,healthy
13682263.33261036,10986560.223353602,0.0,Contract,1.5086809830269123,healthy
5020113.33620475,4517868.83487903,0.0,"Ads,Contract",3.9298384058728306,cost_risk
2881445.128271555,2572380.110954086,0.0,"Industrial,Contract",7.403661279661675,healthy
6294583.286622813,5037706.340254832,0.0,Industrial,8.213900617402953,healthy
6900111.6852226565,6360260.066834916,1.0,"Contract,Industrial",17.788755608078,healthy
5746113.495008481,4673715.100729656,0.0,Industrial,3.1501130553995655,healthy
14775809.798658388,15609382.916318338,0.0,"Ads,Scale",9.85457870185623,cost_risk
6651533.815501131,5932683.019016924,1.0,Ads,11.474946949631477,healthy
1129948.4295192843,912331.1575438519,0.0,"Industrial,Scale",5.031192801506377,sales_risk
15058659.02879806,11178105.346970674,1.0,Industrial,4.358218949883872,healthy
14369903.545925125,13071484.283758,1.0,Scale,3.1814267328402908,healthy
2115211.055204946,2134957.7311160257,0.0,"Ads,Scale",6.354562286883367,both_risks
4518810.510938007,4234010.578880767,0.0,Scale,0.667843690968128,cost_risk
5486486.559465861,5473194.887239743,0.0,Industrial,5.898286666434487,cost_risk
17500760.248979315,11226630.645963741,1.0,Scale,3.8954485373814114,healthy
6915013.795307126,6154781.8819917245,0.0,"Industrial,Contract",5.099462619207122,healthy
22991241.820861045,21959427.907646004,1.0,Ads,4.578850736062218,cost_risk
4165460.809621904,4061128.79421488,1.0,Ads,9.703379424927896,cost_risk
20834918.15986125,18184870.52741772,1.0,Industrial,0.9106914581630021,healthy
8900778.797169764,6837721.437090317,1.0,Industrial,9.75306921909495,healthy
6130758.479675484,4563611.709451912,1.0,"Industrial,Ads",9.34634448274229,healthy
20445049.981811237,21568980.54938466,1.0,Industrial,13.763480902266853,cost_risk
19698795.87902433,16080485.10808326,1.0,"Contract,Industrial",5.547184473280338,healthy
15797239.812533334,12039500.631663075,0.0,"Ads,Industrial",2.053543013385787,healthy
7815829.409093239,5046874.0963844685,0.0,Contract,6.947708686883077,healthy
25307257.173888158,18325277.841438703,1.0,"Scale,Ads",3.49887249523654,healthy
29318658.928354215,23745960.12205217,1.0,Industrial,2.601154958353582,healthy
6510261.541802829,5235970.599905395,1.0,"Industrial,Contract",2.2727470694878473,healthy
9894708.486953845,8816527.971702758,1.0,Industrial,2.5496973873296285,healthy
1950749.3439681844,1704276.1559366493,0.0,"Ads,Industrial",13.429808925993967,sales_risk
4493872.48247195,4218664.790931739,1.0,Scale,8.684396680197054,healthy
23525172.801241018,21436863.60632676,1.0,"Ads,Scale",3.4505117851381844,healthy
3417983.8661605,2885604.799411027,0.0,Ads,6.165391531560168,healthy
12409719.705287047,10519835.248181239,0.0,Ads,3.7832793141789716,healthy
8553659.968856927,8124063.383181209,1.0,Ads,3.2004267696685336,cost_risk
45973552.289036624,43095359.92142692,1.0,"Industrial,Contract",9.696555174183315,sales_risk
10215416.733297288,6790186.950586023,0.0,Ads,1.0555509971421002,healthy
1359837.3831533613,1180886.8036782881,1.0,Ads,2.8072940197883716,sales_risk
5823064.986009814,5188286.342479715,0.0,Industrial,14.684810054473198,cost_risk
13556030.417080328,12643701.508517329,1.0,Ads,12.866190566957039,cost_risk
16312631.851365257,11313101.074105551,1.0,"Industrial,Ads",2.75742184182552,healthy
14137768.419303223,11370153.698147822,1.0,Industrial,8.09950896637831,healthy
31654820.857812025,27435289.63817559,1.0,"Ads,Contract",2.29362870698743,sales_risk
11440489.81230328,9060141.177363336,0.0,Industrial,3.519768159802479,healthy
1337443.1033478638,1004591.2348812427,1.0,"Scale,Industrial",1.3588136169146563,sales_risk
4687574.789597294,3800995.7637191927,0.0,"Contract,Industrial",2.6576024481223617,healthy
10977609.45522945,9928134.266972352,1.0,"Ads,Scale",8.809191521893995,healthy
4482950.922733116,3474183.571277235,0.0,Scale,2.7501942521204326,healthy
12584508.51066624,9255323.780631699,0.0,Scale,6.556542051188011,healthy
11801140.745127419,8228323.593573335,0.0,Industrial,1.1133483137683644,healthy
44574221.21725563,47954407.675429545,1.0,Scale,0.927796724038515,both_risks
4388168.543759488,4007565.0894380556,1.0,"Contract,Scale",0.8876173050903071,healthy
2671036.7136460287,2230093.1825519204,0.0,"Contract,Ads",1.7505260930143094,healthy
2533966.450003522,2246257.005181854,0.0,Scale,4.378037853056223,healthy
5521750.065333532,5852252.594388746,0.0,Contract,6.98208559909273,cost_risk
14656022.226402009,13312464.116655184,1.0,"Ads,Contract",3.9214082498555105,healthy
7598768.709245216,7636186.28487557,0.0,"Ads,Scale",10.442993131646869,cost_risk
4460263.782462595,3396531.836612765,0.0,"Industrial,Ads",2.9045428643223863,healthy
2933006.2772311615,2166778.61713088,0.0,Industrial,6.128502897477507,healthy
7023266.467247179,5712274.278259812,1.0,Scale,0.44489220323819234,healthy
16518836.678779313,13107551.363620829,0.0,Ads,2.355731927450307,healthy
27107411.3685924,23858862.49802116,1.0,Industrial,10.995850080357028,healthy
30970192.996406414,25089332.290205304,1.0,"Scale,Ads",0.9347288542793013,sales_risk
18079760.54285904,17535496.12196807,0.0,Industrial,4.567366480553314,cost_risk
12043488.056297654,11621304.669198174,1.0,Scale,9.71367851452424,cost_risk
4762545.669333593,5064366.582418484,0.0,Industrial,3.007802929290934,cost_risk
12129381.05306149,10075795.417922163,1.0,"Scale,Ads",2.1075309324031606,healthy
39183664.41458849,28335625.10051674,1.0,"Ads,Scale",5.426997961728863,sales_risk
9899759.161626771,8689797.957910953,1.0,"Ads,Scale",6.164028465899422,healthy
18724488.93815916,15460007.877425933,1.0,Industrial,1.1773215076970467,healthy
8907898.282618463,8009808.653603982,0.0,Ads,6.0076294139842865,healthy
14269333.767970812,11332585.846703626,1.0,"Ads,Scale",6.84692074388152,healthy
3520156.8040553676,3185118.1958102174,0.0,Ads,4.281156566765768,healthy
2468748.487657139,2400844.078790361,1.0,Industrial,25.0,cost_risk
3323746.6277579893,2989176.3245442896,0.0,"Ads,Scale",16.91619376263167,healthy
1267134.5075921777,1194334.2790166282,0.0,"Ads,Scale",6.5387900297922545,both_risks
20995696.738567647,18888959.33716994,1.0,Contract,13.728778897157461,healthy
96362877.35223755,84075107.928712,1.0,"Industrial,Contract",11.317825827822688,sales_risk
7212311.409840881,4701722.19009041,0.0,Ads,7.972009242093814,healthy
4017042.159387996,3081235.793879591,0.0,Ads,1.766304612052772,healthy
12682477.588287964,11288599.650027448,1.0,"Ads,Scale",7.771055064183072,healthy
43774864.84197594,42598961.78444478,1.0,Industrial,3.5688908928730925,both_risks
9727677.461078092,6515263.478898015,0.0,Industrial,3.753357856090581,healthy
32094163.251139786,31905162.32066017,1.0,Scale,4.374646624904542,cost_risk
8801867.066081814,7619487.830422592,1.0,Scale,7.969110977179868,healthy
11214957.408848725,11302089.011295639,1.0,Ads,5.828792263518675,cost_risk
1950594.0337517345,1493956.4759930419,1.0,"Contract,Scale",8.787219418065975,healthy
12605928.519825825,12101885.489812989,0.0,Industrial,9.375140286983042,cost_risk
3504730.666256102,2837285.017933649,1.0,Ads,3.4753214506192522,healthy
3117612.2673396226,3272458.569160782,0.0,Ads,5.948636834806203,cost_risk
1854923.5294925787,1379713.4675600338,0.0,Industrial,7.109461862003405,sales_risk
16203414.834549561,16817232.499758705,1.0,"Industrial,Scale",0.7126650209819367,cost_risk
87341352.33120449,69811183.8678173,1.0,Ads,4.702079089529927,sales_risk
4321757.714541831,4056865.640126295,0.0,Industrial,0.40852433878376915,cost_risk
6786158.670370744,6412546.486688709,0.0,Industrial,11.099902395273842,cost_risk
6195894.024425673,6203761.507946566,1.0,Industrial,2.3014882343944247,cost_risk
13813079.084372995,12731606.097811792,1.0,"Industrial,Scale",8.803082149349313,cost_risk
23758902.44916361,19029224.866963107,1.0,Ads,4.977761562987223,sales_risk
8565835.857938966,8036650.688270358,0.0,Ads,1.9982357980850354,cost_risk
5955481.917286105,5497356.983250475,1.0,"Industrial,Contract",1.3754119076243785,healthy
1472739.7571307926,1136639.0119332832,0.0,Contract,13.575307345801077,sales_risk
16730296.383117668,13716780.666426206,0.0,Industrial,2.467334549688452,healthy
9619007.026769472,7104607.675798483,1.0,Industrial,6.998543843796895,healthy
1457521.9250860773,1295406.0020982896,0.0,Contract,18.15369829462843,sales_risk
2746792.2931507416,2236644.6377443993,1.0,Industrial,1.8702816804066078,healthy
3314505.254960938,2389731.32461819,1.0,Industrial,3.4047211168106988,healthy
5689041.810252119,3880829.02607127,1.0,"Industrial,Contract",3.086208290548854,healthy
3621612.430415712,3487550.869919493,1.0,Ads,3.8175431529848387,cost_risk
19339077.488821983,15112740.147734767,1.0,Industrial,5.997702254235482,healthy
3432294.485492725,3349649.8552204487,1.0,Ads,4.541313736025488,cost_risk
5362055.974374734,3440874.6957478337,1.0,"Ads,Scale",3.802997368663389,healthy
3120359.8903090176,2840380.1976375533,0.0,"Industrial,Contract",1.8366830446466653,healthy
17731407.523073755,14064094.954582792,1.0,"Industrial,Contract",0.20374109033548132,healthy
5774414.503425857,6043726.070227447,0.0,Ads,9.151228432293074,cost_risk
8933498.538799765,6680067.498357811,1.0,Industrial,7.2673273374298235,healthy
15442794.360045267,15658293.102556664,0.0,Scale,15.467522231213554,cost_risk
8795308.147706851,7509257.385591855,1.0,Ads,9.066258424609527,healthy
7710784.029974312,5720945.110509514,0.0,"Ads,Industrial",15.140713809374516,healthy
18851100.946189765,17306959.338708054,0.0,Scale,4.049413448028407,cost_risk
12924745.587893566,12718496.26951813,0.0,Contract,5.660134620925306,cost_risk
9977762.103750985,7762613.776878689,0.0,Industrial,5.492822703914136,healthy
6047650.114033864,5817614.493493353,0.0,"Contract,Scale",2.405571535557695,cost_risk
10460210.348801432,6983630.263824386,0.0,"Industrial,Contract",1.256608200873417,healthy
4328988.127472925,3386781.2546718293,1.0,Industrial,0.8391123239635675,healthy
39651394.90410038,34639355.76438034,1.0,Industrial,2.8964896915344163,sales_risk
11801832.14438476,11585866.599276748,1.0,Industrial,12.926459324281165,cost_risk
13940701.192832509,9617757.46923203,0.0,Industrial,1.2688494449455863,healthy
4679405.3545801435,3318246.9289484313,1.0,Industrial,10.98783699771365,healthy
7108617.4236227665,5151554.04044485,0.0,Industrial,2.7219052824146717,healthy
17721057.22617564,11519686.485864192,0.0,Industrial,3.856364066163197,healthy
1265302.6864108145,1247470.4647777684,0.0,Ads,2.3821566912360304,both_risks
6779672.831786614,5372162.570745384,0.0,"Ads,Scale",2.702861782293542,healthy
4677214.414537043,3490811.6502023255,0.0,Ads,4.51581872053372,healthy
2859084.3208009796,2607114.499849661,0.0,Ads,3.0730606938510077,cost_risk
17547266.44174437,15651993.926049756,1.0,Contract,2.8900576862132112,healthy
4122874.413425644,3784629.2354654903,1.0,Ads,4.735035319273359,healthy
3142681.654741686,3108007.551089834,1.0,Industrial,4.914872050071803,cost_risk
24182567.949816164,18174183.083006077,1.0,Industrial,1.0930343526558532,healthy
1357415.5698844697,1113369.0111904882,1.0,Ads,10.362848094008422,sales_risk
24978917.670644127,19978620.64221795,1.0,Industrial,9.179554556008268,healthy
25806611.637546435,25402012.564221796,1.0,Scale,3.3408029189297146,cost_risk
1150298.6130557011,943303.8683607867,0.0,Contract,8.457241871996096,sales_risk
7074635.919514734,5471267.043321486,0.0,Ads,3.5077502566000036,healthy
11837951.393808475,10568881.34305873,1.0,"Contract,Industrial",8.37336803261797,healthy
24588703.106286965,22546610.89877218,1.0,Contract,10.368153160514352,healthy
5227493.810848335,4815849.275761224,0.0,"Industrial,Contract",2.6489509901692587,cost_risk
7528398.525930681,6932498.02827834,1.0,Contract,4.191165009539705,healthy
18710638.64539047,14977141.05092002,0.0,Industrial,2.6352526488775583,healthy
3606534.3596019656,3067826.198172853,0.0,Ads,3.344345739416495,healthy
15904623.689387763,11951786.797275255,0.0,Industrial,3.0541416641016195,healthy
26831772.18420486,21145650.781147785,1.0,Industrial,5.814207260343261,sales_risk
3113572.2341478146,3462090.557192741,0.0,Ads,3.4108217416588134,cost_risk
11987585.950654484,9990039.437887784,1.0,Contract,18.11287003041663,healthy
9607116.721080663,7510761.163708137,0.0,Scale,1.4630193298310932,healthy
3108236.496238972,3154962.8503610212,0.0,"Scale,Ads",6.165670533891229,cost_risk
10342269.811115518,8494462.630358769,1.0,Contract,4.289724561575676,healthy
6867580.849170092,4236622.557024143,0.0,Contract,3.7160084957335053,healthy
4017732.133465416,3266853.042381937,0.0,"Ads,Industrial",6.812263223187307,healthy
6192224.189800791,5010030.605594275,0.0,"Industrial,Contract",8.733639626362804,healthy
3345131.3027993697,3200266.949567111,0.0,Ads,10.950932819374966,cost_risk
13232245.331630515,12902042.399932455,0.0,Industrial,3.985575971395475,cost_risk
13383743.642869629,12185731.470704181,0.0,"Ads,Scale",5.113717388867625,sales_risk
18935509.385120284,18531121.611590922,0.0,"Industrial,Contract",15.529881702648805,cost_risk
9824455.493201245,7720040.202343292,0.0,Ads,11.079136238484999,healthy
10973384.256501334,8337645.436404692,0.0,"Contract,Industrial",5.957584973414995,healthy
5080573.662783558,4430791.2325410275,1.0,"Contract,Scale",7.868890209871994,healthy
17048250.89796143,14197436.488717973,0.0,"Industrial,Ads",1.090139273786769,sales_risk
4756594.222851903,4150071.457661674,1.0,"Industrial,Contract",5.597316797754503,healthy
15629016.975333186,12806935.270114308,1.0,"Industrial,Contract",7.407521886472775,healthy
5622257.032964406,4819521.329533148,0.0,Industrial,8.807059727022391,healthy
4096657.22843415,3565043.459413255,0.0,Scale,0.3033710532829495,healthy
13120463.487680407,10420714.83011557,1.0,"Industrial,Contract",2.422503539656822,healthy
45560467.06903551,44293795.491727486,1.0,"Ads,Scale",14.181011397990286,both_risks
20916498.759425703,17954584.24039255,1.0,"Ads,Scale",1.158113337571534,healthy
5669643.594284682,4615112.663697764,0.0,"Ads,Scale",12.730643500984865,healthy
2214362.299532475,1847947.797042081,0.0,Contract,8.35173074703273,healthy
1977113.8385009111,1954461.975441307,0.0,Ads,9.652091404979682,both_risks
11760881.74998006,10631939.614088938,0.0,Industrial,16.862061045941342,healthy
10467487.073082566,9684751.094691271,1.0,Ads,6.970341501417481,healthy
1289785.056029139,1138863.3558624305,0.0,"Industrial,Contract",9.234603243535215,sales_risk
7580462.97821366,5088462.826266464,0.0,Ads,2.3425509701048455,healthy
26088130.121442635,22831666.532152954,1.0,"Industrial,Contract",1.1819678829102787,healthy
8661613.47264677,6162147.867708349,1.0,Scale,2.9628535742185202,healthy
8603142.986134771,7202383.064773724,0.0,Contract,1.090050904262474,healthy
2785137.7235876773,2257834.6699832696,1.0,Industrial,3.9995076471812694,healthy
17709717.063206356,15006301.145219387,0.0,Scale,9.318261236477083,healthy
4383208.014521659,3405370.930155692,0.0,"Industrial,Contract",0.6388908587008377,healthy
5023738.731143291,3904719.8557181247,1.0,Contract,5.223879972853585,healthy
27956680.018867925,27014183.33919169,1.0,Industrial,3.1405217773050635,cost_risk
3226058.6529987482,2947766.7181981155,0.0,Scale,5.922246533026316,cost_risk
7256980.880742255,6773341.742380471,1.0,Contract,7.511164979440626,cost_risk
8796778.891629312,7824880.522819169,0.0,Industrial,5.907439866793858,healthy
13061600.729909524,11693136.629677538,0.0,Ads,5.96694471707109,healthy
41360811.61147839,34962623.459340565,1.0,"Industrial,Contract",7.204398641761327,sales_risk
8724623.294705203,6712663.7362879645,1.0,Industrial,6.346603796152069,healthy
14978456.569817752,13690812.326738706,0.0,Ads,6.972315512293163,healthy
8102589.721031688,7234775.2085377155,0.0,Industrial,9.894602860836294,cost_risk
1665995.6124627995,1386972.33355227,1.0,"Ads,Industrial",25.0,sales_risk
27026769.076253254,26313354.024697267,1.0,Scale,7.793503839109496,cost_risk
18484228.087828208,13264398.606468067,1.0,Scale,9.631386027849913,healthy
29542804.19511234,26874606.725860626,0.0,Ads,2.3367990837517887,sales_risk
3103176.694544947,2043277.9674217815,0.0,Ads,8.148375662631741,sales_risk
10241121.60611416,9124090.561401019,1.0,Industrial,4.4415027439568515,healthy
59487489.00742123,53452576.412113346,1.0,Ads,4.741750235412263,sales_risk
80575253.07299905,59028097.1604283,1.0,"Ads,Scale",4.625546563770339,sales_risk
9581761.795170406,6868039.30103284,1.0,Industrial,1.7652077715086256,healthy
11948167.64820231,9538446.245844925,0.0,Ads,1.8693029390340992,healthy
3402477.1598077165,2422239.036854561,1.0,Contract,1.452301495732811,healthy
7232606.924309628,6949460.071114684,1.0,Ads,5.7184698474450615,cost_risk
4133114.257899673,4555182.721765421,1.0,Contract,3.223625440021301,cost_risk
25286098.588149615,19168085.84751915,0.0,Industrial,5.9875088550576265,sales_risk
5936806.284720919,5164599.057033223,1.0,Contract,11.338369320180195,healthy
8110252.039462519,6241630.221926841,0.0,Ads,5.4707692587543875,healthy
19666676.45468955,12459673.089150133,0.0,Ads,2.0354281662059996,healthy
7787261.052759338,5925914.6546402015,1.0,Scale,8.507237910063509,healthy
25132649.516655017,21258483.46629039,1.0,Ads,4.447268709331029,sales_risk
7509100.075077621,5604627.742245453,0.0,Ads,8.475460403017548,healthy
18788990.380736317,15817180.779956823,1.0,Industrial,2.0960177857791273,healthy
3231555.0403281497,2885027.441647423,0.0,Industrial,2.192584495626507,healthy
8735133.029861066,6390326.083162423,0.0,Ads,3.5100921276632673,healthy
2031877.7457790426,1805397.481663984,1.0,Contract,1.2289701930441232,healthy
3749488.246072241,3198991.7526944247,0.0,Industrial,20.817252447834075,healthy
4247899.629127383,3653103.3965746425,0.0,"Contract,Industrial",8.677783252694056,healthy
61399058.502338156,62167612.73586148,1.0,Industrial,14.83199498302103,both_risks
3082682.469220927,2798751.4086780953,1.0,"Industrial,Scale",8.184407111193156,cost_risk
61727925.46760046,44862517.57984934,1.0,Industrial,1.4489377331473128,sales_risk
17198137.536426317,15224554.14261539,1.0,"Industrial,Scale",7.903032702535278,healthy
14102769.08466851,12522478.141449805,1.0,Industrial,12.03207434150736,healthy
4285779.356054903,3579090.4116982142,1.0,"Industrial,Contract",4.198111542062621,healthy
20056426.57803548,16257780.61290277,1.0,Industrial,6.693700002636957,healthy
58653514.0103219,56030179.30917264,1.0,"Contract,Scale",8.047168889688301,both_risks
23650912.854880713,25299422.256626647,1.0,Contract,7.7735916124935605,cost_risk
13226931.058852779,8412036.502047084,0.0,Contract,6.461235239644557,healthy
9590043.391480668,8844828.273675505,1.0,Industrial,12.881568071019316,healthy
17730311.431804225,19209046.8198849,1.0,"Industrial,Contract",6.410215908243412,cost_risk
10419273.84482698,9814919.204327093,0.0,Contract,4.405403870853023,cost_risk
7222776.290842423,6710711.60905474,0.0,Scale,5.431575728785589,cost_risk
21217027.46912791,15775266.2485929,1.0,Scale,12.501612946329164,healthy
6379187.587005379,5234907.860214934,0.0,"Scale,Ads",7.174947609868321,healthy
21583501.787422713,21036578.71589443,1.0,"Ads,Scale",2.0059486830627127,cost_risk
72872391.99428625,52824039.80067738,1.0,Contract,6.530035565570568,sales_risk
23212440.648992777,20876540.476195123,1.0,Ads,1.998418952740014,healthy
5485746.430910185,5320235.849274473,0.0,Contract,4.608433412121935,cost_risk
7370404.5974611435,6259755.813410668,1.0,Ads,20.995365250063237,healthy
25663989.820163395,23135654.377508797,1.0,"Industrial,Contract",9.661760141740304,healthy
3899390.6299885204,3159637.0452310485,0.0,Contract,1.618992150143532,healthy
57559905.613007456,44283788.61429262,1.0,Ads,2.5810315250993945,sales_risk
7311207.123380543,7532981.695983425,1.0,Ads,7.2290234790295,cost_risk
10206958.938161159,10203596.33790743,1.0,Industrial,8.965531178826776,cost_risk
13551662.497071046,13272711.362342855,0.0,Scale,5.0263014620138335,cost_risk
230831617.63843605,194330684.54264635,1.0,Ads,5.394309411261158,sales_risk
8141907.752745782,6833148.9028914925,1.0,Industrial,5.595345429580642,healthy
5013632.589771253,4886289.141428628,1.0,Scale,4.977073797205364,cost_risk
5934502.486075572,5867763.202173531,0.0,Contract,4.989287654925885,cost_risk
17149346.69181937,13218727.562150968,0.0,Contract,2.9288819410403106,healthy
48466282.967826106,40095650.4605434,1.0,"Industrial,Scale",7.433504561284153,sales_risk
3213131.438673691,2573140.596814073,0.0,Industrial,8.699273670486653,healthy
6246060.849207658,4244910.780616691,1.0,Scale,2.6100405051658533,healthy
7136304.854535619,6366266.068790047,1.0,Scale,7.1929663517061115,healthy
6040097.845792423,5196957.3937262185,0.0,Industrial,8.47570083785175,healthy
39866537.96866087,30209448.39245574,1.0,Industrial,2.0334266786780986,sales_risk
21545076.210165717,15824442.671375267,1.0,Industrial,12.783361606004803,healthy
36631764.23327555,38653660.11222215,1.0,Industrial,4.983810148383405,both_risks
5499992.272133939,4424949.901944569,1.0,Industrial,0.9293440477457398,healthy
2967431.3401407483,2585843.0962883197,1.0,Industrial,5.538188616367214,healthy
8443302.73240913,6625253.312923533,1.0,Ads,9.450717457192296,healthy
4207698.572118548,3001559.501605823,1.0,"Contract,Scale",4.34432523572055,healthy
11018055.893065503,10274572.357984828,1.0,Industrial,13.472190596836503,healthy
25640962.88988998,24174124.628428593,1.0,Industrial,8.303789405710265,healthy
997907.9492826253,732459.3907385663,0.0,Industrial,0.5262824659582462,sales_risk
18596011.733945962,15586053.44950863,0.0,"Ads,Industrial",3.1125080747750324,healthy
75665132.62336513,58128210.421432614,0.0,Ads,12.114400219879386,sales_risk
2607749.837348899,1992704.9044923994,0.0,Ads,3.9515626670673645,healthy
12255635.72649471,11770006.07287709,1.0,Industrial,7.728931242369079,cost_risk
2736387.150261731,2053398.9660571255,0.0,Ads,4.5727841180133515,healthy
3712006.605652043,3041362.2227766435,1.0,Contract,13.039162419590914,healthy
9960927.842247378,9204478.501591034,1.0,Industrial,4.020714632294139,cost_risk
55095469.908733316,48674695.69080299,1.0,"Ads,Scale",1.1489432607772012,sales_risk
44410633.514159255,41022200.66403149,1.0,Scale,1.0883715100919344,sales_risk
9957357.935278278,9360629.132885395,0.0,Ads,1.0250211263473241,cost_risk
24811239.267926835,22677342.542839583,1.0,Industrial,2.1206654323682903,healthy
559289.2584800101,548988.4504320747,0.0,Ads,9.722692995469195,both_risks
6248126.01244363,5242651.961884774,0.0,"Scale,Industrial",0.824083319060763,healthy
6914217.176642868,6077635.678651844,1.0,"Industrial,Contract",4.055634176674786,healthy
15769849.68355681,15091540.767468758,1.0,Industrial,9.292994947361533,cost_risk
4058307.156461016,2872208.514439203,0.0,Ads,4.154990907356749,healthy
3666984.530997894,2755255.0255123507,0.0,Contract,3.4999424320431203,healthy
3530896.4209595206,2852309.34094211,1.0,Contract,0.8577349359436373,healthy
15705221.71334161,14178390.991475256,1.0,Scale,1.1077631322434098,cost_risk
12926184.9382544,11795310.21003679,1.0,Industrial,12.758601666374705,healthy
6159848.142962983,4333061.581643125,1.0,Ads,5.38878020255117,healthy
22674278.93903553,21303882.173585698,1.0,Industrial,10.317984623585227,healthy
7717726.890237289,6357773.945444255,0.0,"Contract,Scale",17.040256097025253,healthy
4744783.742839786,3310049.997329892,0.0,Industrial,2.6747497009610073,healthy
4438407.404807297,3635492.9739120556,0.0,Ads,0.8085663531997965,healthy
1094621.9562349513,921886.3476013406,0.0,Scale,6.513647147171431,sales_risk
10472370.693337435,7700401.4174722135,0.0,Industrial,1.4604499968817088,healthy
17796628.628196012,15925051.455039559,0.0,"Industrial,Contract",21.549519825714874,cost_risk
14623751.705730235,9555478.97623908,0.0,"Scale,Industrial",1.841559964503864,healthy
127191698.98634243,111880060.06485018,1.0,Industrial,1.8835919372362326,sales_risk
6250578.365649059,5591511.3606686415,1.0,Contract,7.0419816414655525,healthy
2446630.1068074233,2146944.6318480982,1.0,"Industrial,Contract",2.7576263633765823,healthy
53100759.18856308,40505089.86794064,1.0,Contract,7.166001921975208,sales_risk
42539726.202767074,31884804.628851216,1.0,Contract,4.388057037918575,sales_risk
4056231.3843123047,3374773.968990906,0.0,"Contract,Scale",7.123917756835845,healthy
8377214.59831484,6676092.228709011,1.0,Ads,22.193276507378346,healthy
5444593.1831249315,3517080.601217783,1.0,Ads,2.15502249967487,healthy
15266004.858343592,13616936.8562203,0.0,Contract,2.902643305440181,healthy
6344681.429709978,6063727.170285017,0.0,Industrial,4.52327882250017,cost_risk
19192943.577275965,14473214.23627042,0.0,Industrial,6.747876531197145,healthy
23756234.52201777,20398734.525362827,1.0,"Industrial,Contract",6.140238338340204,healthy
64554956.20301521,60621725.59613187,1.0,Ads,4.727533817596151,both_risks
5883230.822632547,5758470.854744003,1.0,Industrial,7.822677264700673,cost_risk
19280021.16825409,13764815.646110673,1.0,Ads,3.800572913561849,healthy
25206238.228672925,24708774.209867623,1.0,"Scale,Ads",5.7917504380581954,cost_risk
11321258.410680931,10224810.992458938,1.0,"Scale,Ads",6.068433251487761,healthy
45039677.87997853,39351891.050983176,0.0,Ads,12.185072058054054,sales_risk
13835993.094535448,14512820.339196531,1.0,Industrial,12.24468162041249,cost_risk
10256325.067688577,8593459.577562097,1.0,Industrial,0.7928413086722657,healthy
74567261.57299805,47624199.54780255,1.0,"Industrial,Contract",4.148261675896586,sales_risk
4115411.962989673,3631307.972798148,0.0,"Ads,Scale",11.434058236283834,healthy
29348499.779443845,24824366.20054536,1.0,Scale,1.9393047787493185,sales_risk
4263326.631092257,3514860.073275141,1.0,"Ads,Contract",8.701927483166305,healthy
16166628.434008777,12248333.527340775,1.0,Scale,4.781555472479589,healthy
20116794.22726737,18019706.15852348,1.0,Industrial,2.5555080171331954,healthy
23126594.261263486,23488136.651582096,1.0,Industrial,1.4895599196835827,cost_risk
37991064.35288928,35812506.34268707,1.0,Industrial,5.222047204354171,both_risks
4570738.704996169,3876935.569169139,0.0,Ads,1.4785201881149717,healthy
2556165.5177564383,2103707.7591090268,1.0,Ads,2.7088004349273165,healthy
10990751.244708082,10347048.352859039,0.0,Industrial,2.397459034925034,cost_risk
12306868.668744808,11240228.360626444,1.0,Ads,7.180509152958448,healthy
8213126.957092399,8547495.270552408,0.0,Ads,2.6568837342958926,cost_risk
107716484.21286047,89589150.84759256,1.0,Industrial,6.3679692518821716,sales_risk
10107093.666469479,8881341.01325046,0.0,"Contract,Scale",1.6037821979416793,healthy
2475495.1161534796,2095498.4809139401,0.0,Ads,17.298233760926813,sales_risk
4354478.586897291,3893264.622222829,0.0,Contract,7.358621848319009,healthy
14276667.449600305,11648913.225530356,1.0,Ads,1.6481761831968225,healthy
8115411.4783388525,7549507.626676201,1.0,Industrial,8.639334747713,cost_risk
29153561.464199957,29953736.042391326,1.0,"Scale,Ads",4.499955691765925,cost_risk
21689537.181116093,17368389.31917397,1.0,"Industrial,Scale",1.4641726967534072,healthy
22348285.54324013,21738727.629232943,0.0,Industrial,10.327269800208516,cost_risk
21073515.51755668,16520801.663389495,0.0,"Industrial,Scale",8.453666698933464,healthy
20179714.70361144,20703981.525679976,1.0,Ads,1.9511026992186906,cost_risk
7906999.243090218,7409300.759709125,1.0,"Industrial,Contract",1.6717565360434592,healthy
42514440.32180506,29961137.249282096,1.0,"Scale,Ads",3.0407863446872643,sales_risk
27514255.400375854,19013267.008834817,1.0,Ads,8.603418208217933,healthy
4430952.044910223,3641597.335862859,0.0,"Industrial,Contract",4.33778671275803,healthy
13909311.399748037,13821756.013240054,1.0,Scale,14.048596953610964,cost_risk
25219965.5033863,18060985.73689926,1.0,Industrial,3.2352081955289087,healthy
37933733.4189558,33933683.73096515,1.0,Scale,11.91408366017492,sales_risk
14350918.138700005,11156860.102773456,0.0,Ads,10.157204117614205,healthy
21131494.623609558,17407448.830329094,1.0,"Industrial,Contract",6.011419827593485,healthy
1267706.745637323,1167360.4269759608,1.0,"Industrial,Contract",11.103668039331774,sales_risk
6918318.237599946,5570010.5683822585,0.0,"Industrial,Contract",5.175242947308903,healthy
8966893.910359815,8785888.033339705,0.0,"Ads,Industrial",6.426851404622328,cost_risk
3216324.7073127665,2880378.2375300447,0.0,Contract,4.689738222883469,healthy
8873430.492046982,7028794.6711220285,0.0,Contract,0.928681401353395,healthy
6848757.24043541,7205651.65035726,0.0,Industrial,0.6926340888368524,cost_risk
2785764.231440857,2338668.3372730543,0.0,"Ads,Scale",8.50737767183865,healthy
15624783.8540459,11323046.147760471,0.0,"Scale,Ads",7.280920956186069,healthy
4592931.993688957,4938655.402525823,0.0,Ads,14.704763454012852,cost_risk
6019657.226820184,5872383.47519581,0.0,Scale,6.476829598773873,cost_risk
23439838.0240925,22793391.296339456,1.0,Scale,7.811182332526668,cost_risk
4660247.604077759,5144576.299113468,0.0,Industrial,1.2086487962303427,cost_risk
889544731.7107892,28211835.170008373,1.0,Ads,3.793256502439985,sales_risk
14237961.789789546,13984632.5407069,0.0,Industrial,10.88515409470018,cost_risk
3866500.6594845783,2713499.7085308335,0.0,"Contract,Industrial",2.7861452755978755,healthy
2080388.9485223799,2172784.135608886,1.0,Industrial,5.3523755586954085,cost_risk
9639017.755560061,8928156.273376754,0.0,Industrial,2.2852499695645685,cost_risk
4273315.983595915,4083165.4666128075,0.0,Industrial,1.8658434783076387,cost_risk
2729075.7049998334,2121897.9687205194,1.0,Industrial,5.443564254214129,healthy
2492313.659465847,2266077.4887626367,0.0,Industrial,4.66594707878806,healthy
5290832.9779904615,4816847.636067208,1.0,Contract,7.565020344360406,cost_risk
5521762.3970179325,4852448.047114654,1.0,Industrial,2.3937831282434714,healthy
10444285.877075,9015330.115304649,0.0,"Ads,Scale",6.336224428693715,healthy
2543392.950236099,2403742.6595887966,1.0,Contract,2.870985251799105,cost_risk
5235195.370356279,5460284.058102094,0.0,"Ads,Scale",2.2711175220342623,cost_risk
4767061.5512032565,4629540.708424991,1.0,Contract,8.15156284603078,cost_risk
4179721.203693788,3968986.7121187616,0.0,Ads,4.934646406099316,cost_risk
32668024.95043436,24256975.629152007,1.0,Contract,10.00335779376337,healthy
11658626.86672177,9474532.861137597,1.0,Industrial,1.6929388675412946,healthy
76032082.26755825,54738697.6896863,0.0,Scale,9.097663831267894,sales_risk
19612998.653640326,18182285.78676749,1.0,Industrial,4.142209590108363,cost_risk
12876975.28928587,13643797.108485578,0.0,"Scale,Contract",8.958631937505466,cost_risk
31199785.067905225,29016879.499677386,1.0,Ads,7.984757751210934,sales_risk
28672745.660296977,26455064.885676973,0.0,"Industrial,Contract",3.887508234411533,sales_risk
1758311.7028796247,1563655.3057345052,0.0,"Industrial,Contract",9.116735346141018,healthy
3976928.9499438815,3170421.2743439716,1.0,"Contract,Industrial",2.067641569609301,healthy
7090391.76878136,7369550.754751798,1.0,Contract,10.753611251498798,cost_risk
11821766.055600325,11880552.016050356,1.0,Industrial,2.8109749789446177,cost_risk
11773456.816222401,9593153.684658172,1.0,"Scale,Contract",4.076743665758426,healthy
1898559.2509516035,1548656.111274484,0.0,Ads,7.6131808046111935,sales_risk
12961850.07377225,10224216.058899576,0.0,"Industrial,Contract",5.646877650873106,healthy
13901569.905101566,13594787.370799351,1.0,"Contract,Industrial",8.506461667385265,cost_risk
3615526.160325253,3079747.3928463003,1.0,"Industrial,Contract",5.757994976661801,healthy
2762454.8630516464,2219269.770187634,0.0,Scale,5.861381909165822,sales_risk
15718287.370472789,16208511.97745761,0.0,"Contract,Industrial",3.891115013088091,cost_risk
5707524.191675747,4762416.895551098,0.0,"Ads,Industrial",1.866027506337114,healthy
20787655.793161776,21254197.0255581,1.0,Ads,8.995523735265152,cost_risk
24459571.69406916,17971522.261445113,1.0,"Ads,Scale",4.118658398325325,healthy
12944434.02746594,10503726.305953616,1.0,Scale,6.289049348657804,healthy
2117739.7816984705,1688980.271170887,0.0,Industrial,3.9371072184504436,sales_risk
3646334.9980868716,3628477.8945246064,0.0,Contract,1.6653639718011517,cost_risk
1425740.8187126643,1082851.8705662328,0.0,Ads,10.879217268956227,sales_risk
5339344.038819952,5704987.3721703505,1.0,Industrial,1.5794266937944974,cost_risk
3649680.64831911,2942386.946204187,1.0,Industrial,2.0936137685323306,healthy
42437198.169775665,33482171.978053655,1.0,Ads,11.93333692154598,sales_risk
16935699.962947898,16757894.90540188,1.0,Scale,4.986204763820166,cost_risk
6930241.221834797,4905103.353115079,1.0,Contract,2.032448105110808,healthy
96561102.27074653,2251235.2314673895,0.0,Ads,5.730680355793481,healthy
54062383.62215399,43681969.27899519,0.0,Industrial,8.670418924463975,sales_risk
3697248.8619872574,3295892.822953298,0.0,"Industrial,Contract",7.791424165177281,healthy
1184113.099038056,1131500.6125628436,0.0,Ads,7.818793898309135,both_risks
4188490.320206253,3714328.0101154335,0.0,Industrial,3.407060881336051,healthy
2103761.6722893873,2037763.3893814143,0.0,Industrial,5.037015529256395,cost_risk
20110018.477596533,19264085.87189195,1.0,"Industrial,Scale",9.77352029982412,cost_risk
3183071.5127893197,2360822.6526457444,0.0,Ads,1.8211765749743334,healthy
14832039.374757687,12984906.20137254,0.0,"Ads,Scale",3.5922888866412697,healthy
40042966.05800227,32181513.732210226,1.0,"Industrial,Contract",9.399124363582585,sales_risk
3541445.0977735776,2567304.2187199392,0.0,Industrial,3.1414065181661606,healthy
7897620.259933381,6451518.119644659,0.0,Industrial,7.1987875323978185,healthy
59949794.55440442,55758681.87511599,1.0,"Ads,Scale",2.773318076011096,sales_risk
6797281.761324097,4697993.318528488,0.0,"Scale,Industrial",4.65485394648193,healthy
6874960.368767986,6536863.48950817,1.0,Contract,9.491901364531161,cost_risk
6507891.96587145,6428345.904545342,1.0,Industrial,1.331538416868781,cost_risk
4197273.341689905,3785060.25110856,1.0,Industrial,0.5497926243534077,healthy
4017641.5218317606,2917974.4858816913,0.0,Industrial,6.821496803803093,healthy
25280525.231263068,25221298.50179818,1.0,Contract,14.822770146810411,cost_risk
30711245.944533695,27593250.253506877,0.0,Contract,8.28681497314071,both_risks
3606604.096108772,3681629.933898743,0.0,Industrial,8.971325874076726,cost_risk
66100155.51348045,51300653.76765231,1.0,"Scale,Ads",3.179534149489954,sales_risk
46168803.31006271,45507606.66446856,1.0,"Ads,Scale",1.5865620739733721,both_risks
6524385.547222442,4866770.316333591,0.0,Scale,5.370785551190032,healthy
1697949.323056758,1682599.1366484484,0.0,Ads,2.202377125523043,both_risks
3198433.0936644603,2251410.9799375525,0.0,"Contract,Industrial",2.646746569462036,sales_risk
7255770.11453871,6983098.864614648,0.0,Contract,5.424995182266956,cost_risk
6977661.407982409,6502963.853203973,1.0,"Contract,Scale",13.1416274714898,healthy
49549565.04995574,39354680.55745145,1.0,Ads,5.712469284359525,sales_risk
2475491.899040438,2330462.9720156183,1.0,"Ads,Scale",7.253341438855314,sales_risk
7923955.59698852,6714163.820575376,1.0,Contract,4.9167337894589895,healthy
7327420.666972452,5643821.502305205,0.0,Ads,11.320131958209805,healthy
20216444.32579704,16846520.36495908,1.0,Contract,8.527544489155343,healthy
7032819.0460967,6017293.561876114,0.0,"Contract,Industrial",5.087651435683748,healthy
6713995.676244392,7326310.1637075255,1.0,Ads,25.0,cost_risk
8719692.995608851,9131697.923909629,1.0,"Industrial,Ads",10.405377801423498,cost_risk
5595151.422489981,5515175.776719097,0.0,"Ads,Scale",1.3982673417829692,cost_risk
15406431.116019402,11754885.268200941,0.0,"Ads,Scale",4.797054617863466,healthy
15418033.79800032,12203473.136013357,1.0,Industrial,2.143805386286492,healthy
3720898.391363728,2602774.9973573564,1.0,Ads,3.0184250048421237,healthy
20832579.89487222,14839284.644359807,1.0,Contract,3.282134443635319,healthy
12346527.488034748,11348068.14482984,1.0,"Scale,Ads",4.590790548720635,healthy
7906043.718057624,7125025.400113202,0.0,Ads,11.852920990775424,cost_risk
23634785.958659608,15010629.311511062,1.0,"Ads,Scale",3.0309216306348814,healthy
32132608.688549094,32000221.023450833,0.0,"Ads,Scale",7.180454243118046,cost_risk
4131113.454813338,4071324.603875943,1.0,"Ads,Scale",1.9545051635964081,cost_risk
6196815.617520517,6004239.020882077,0.0,"Contract,Industrial",3.881877158309095,cost_risk
9890482.4819157,8737442.83650091,0.0,Contract,4.615093766584701,healthy
46829723.20208876,32253838.321907837,1.0,Industrial,8.100443563622724,sales_risk
13250466.21488463,12310935.658314683,1.0,Industrial,1.8910903616479204,healthy
11251835.038347097,10201276.588078767,1.0,Contract,3.2515415242321426,healthy
65946828.070706554,66205440.44739739,1.0,"Industrial,Scale",10.929121099702334,both_risks
7006609.302070975,5987743.485858714,0.0,Ads,0.8441225766470541,healthy
23641197.085963637,17699279.59096445,1.0,Ads,11.997356821207902,healthy
4518372.483201957,4386300.212015628,1.0,Contract,2.263499684654114,cost_risk
9791962.65745689,9107922.446430463,1.0,Industrial,0.8355859940548378,healthy
22186885.05014742,19121768.39746847,1.0,Ads,6.521561988335309,healthy
4340892.533929832,3971339.518072372,0.0,Industrial,4.992744107734114,cost_risk
4601011.494755634,3995653.6390333413,1.0,Scale,13.65812843505378,healthy
7790916.682781197,5204463.6793944435,1.0,Contract,7.042167770615528,healthy
39809818.214329466,28458466.51390943,1.0,"Industrial,Contract",0.4062392587632434,sales_risk
1704885.1760588717,1482107.6782516371,0.0,Ads,1.8895531584500722,sales_risk
4906413.530731965,3385758.73276951,1.0,Ads,3.5188541646463216,healthy
23946036.300702795,17074497.394743856,1.0,Scale,1.0137691039925922,healthy
989059.1053213857,803674.4990701386,0.0,"Ads,Contract",6.275665639968453,sales_risk
58921363.12543334,55721022.97673766,1.0,Industrial,5.82402034862962,both_risks
10471537.389410608,10335301.222588403,0.0,"Industrial,Scale",5.8681099571730835,cost_risk
65981165.782294765,55300602.89544914,0.0,Scale,9.53752446154848,sales_risk
3444006.2502912977,3152089.2146513956,0.0,"Ads,Scale",2.903441382468052,cost_risk
20330780.132523913,20511537.71242998,0.0,"Industrial,Contract",4.065424223248885,cost_risk
4633440.305789875,5019832.933898937,0.0,Industrial,7.913931392254705,cost_risk
11815524.205389805,10452512.872425463,0.0,"Industrial,Contract",4.50668905993164,healthy
4240560.801039892,3302040.115157963,0.0,Contract,8.396402431841032,healthy
4707776.645281213,4182533.826752077,0.0,Industrial,0.9711526789207016,healthy
1596134.7080592136,1116881.7107612465,0.0,Ads,5.8737707650155055,sales_risk
521964.2014494463,429177.6621429189,0.0,Scale,10.129320473693562,sales_risk
8402473.860630754,8235015.168174646,0.0,"Scale,Contract",7.290690006722161,cost_risk
94399809.34239498,94795420.42159984,1.0,"Scale,Ads",1.0878274248926727,both_risks
6630374.643770173,6160863.208076609,1.0,Contract,0.5361030321258198,healthy
5462772.526200756,4756479.908555544,0.0,"Ads,Industrial",2.438470004361565,cost_risk
14497590.564155241,14605932.281896004,0.0,"Ads,Industrial",1.1845770512394997,cost_risk
4546789.18947149,4566121.368291939,0.0,Ads,6.678880279014855,cost_risk
5312375.119712322,5030521.020896531,0.0,Contract,1.8916248271716039,cost_risk
2515591.736554323,1952608.0010588004,0.0,"Scale,Ads",21.768616952453712,healthy
3510785.2137647527,2736529.8753090166,0.0,Scale,6.40807130447981,sales_risk
26106710.43917437,22728659.708683066,1.0,Scale,5.061813571981197,healthy
3791385.188348134,2764362.041089861,1.0,Industrial,10.97763303044429,healthy
10878102.082914302,9986226.30757996,0.0,Ads,3.718266265810376,cost_risk
6140912.668407257,6548010.929082744,0.0,Industrial,6.203616533786146,cost_risk
3725895.0335102794,3005114.745349968,1.0,Industrial,2.9693378717452776,healthy
12122166.003533497,12936578.271781784,1.0,Industrial,2.126235620709171,cost_risk
20309541.19222324,15699590.1483545,0.0,"Ads,Industrial",23.661388525493294,healthy
2616890.3460210655,2338946.8933848524,0.0,Industrial,11.635343780399428,cost_risk
12595827.448846158,11223242.960427316,1.0,"Ads,Scale",4.231673210167528,healthy
19505653.52301084,16845404.13401587,1.0,Industrial,2.934364694821843,healthy
6542054.598707288,5820699.356840552,0.0,Contract,9.58708321747937,cost_risk
8204802.288797933,5895335.722144796,0.0,"Contract,Industrial",11.331848236716176,healthy
8930215.47181521,7480601.258044602,1.0,Ads,2.356413504764404,healthy
10892439.397869652,11179891.478973918,1.0,Industrial,6.82430843921132,cost_risk
2876406.105116359,2209844.643153161,0.0,"Ads,Industrial",3.2434410377420764,healthy
5304949.229229273,4960743.872371117,0.0,"Ads,Scale",3.9379519697240855,cost_risk
13437296.737186702,11364853.124895869,0.0,"Ads,Industrial",12.662801277395257,healthy
4161184.3020632206,4046888.583000275,1.0,Contract,7.088552973129611,cost_risk
8149446.835385923,7489334.002162859,1.0,Contract,6.137254778904621,healthy
8262919.543513377,5662868.1350732,1.0,"Ads,Industrial",2.9785773131781035,healthy
4075203.010741146,3077009.875773188,0.0,Ads,0.569820459339353,healthy
10151218.866349183,10324954.55143344,0.0,Industrial,9.469546755373798,cost_risk
32857599.55509228,32449864.19338546,0.0,"Industrial,Contract",2.2749851369447835,cost_risk
4020655.079743254,3903794.3114673095,0.0,"Industrial,Scale",4.350057566011224,cost_risk
4801574.7989673875,4130764.499162537,1.0,Industrial,5.129012728926819,healthy
7569252.548726374,6714236.708333165,1.0,Ads,5.069642366932628,healthy
2657203.242642097,2556361.549202582,1.0,Industrial,2.5586933244809367,cost_risk
4867774.311365382,3628472.8748868564,1.0,Ads,1.8088972327279214,healthy
2015743.0028529568,1919818.2253349188,0.0,Industrial,6.543778758113934,cost_risk
1374252.0284009483,939829.4293585356,1.0,"Contract,Scale",11.150849648763014,sales_risk
12420968.25488025,12417189.465387587,1.0,Scale,7.8774819513487815,cost_risk
20531155.338433243,15439778.3122579,1.0,Contract,2.058447079027041,healthy
50467464.163031876,46428871.98523139,0.0,"Industrial,Contract",2.1920753282505587,both_risks
7564970.251684765,6810167.38957262,0.0,Industrial,2.6860716517983465,cost_risk
23105140.525130197,15959758.647281693,1.0,Scale,15.298872343628798,healthy
6617799.79206441,5594764.598482424,0.0,"Ads,Scale",2.5126140644143673,healthy
4262631.656813977,3375639.856329154,0.0,Scale,5.580338837960448,healthy
16938324.11408284,15100469.902554134,0.0,Scale,2.96763334645748,healthy
6911527.378547874,4916966.600839054,0.0,Scale,4.61484740501516,healthy
17165664.899118483,16393282.249683365,0.0,Industrial,2.8747752095281647,cost_risk
11905360.682487534,12234239.304767486,1.0,Ads,6.0409500900134,cost_risk
3348756.337638356,2741246.6877295044,1.0,"Contract,Scale",9.644731960512136,healthy
2954995.760183806,3245071.389587629,0.0,Industrial,7.5011981659939595,cost_risk
3153395.073048011,2269325.6855194285,1.0,Industrial,6.121124011463681,healthy
4595533.256975589,3626764.1735928305,0.0,Contract,9.624037478744418,healthy
22021455.677862506,19575710.719113797,1.0,Industrial,2.8515328424903945,healthy
7940226.097856608,7098158.833027368,1.0,Industrial,12.836726400944924,healthy
36861137.64082306,27848855.260740314,1.0,"Contract,Industrial",9.381582847882974,sales_risk
15334283.662732868,15129828.337794134,1.0,Contract,5.883347911011543,cost_risk
7438797.708487071,6328587.421220665,0.0,Industrial,6.299451947747501,healthy
3774297.222219861,2992433.602896547,0.0,"Industrial,Ads",25.0,healthy
1245730.7236855626,977726.6599153032,0.0,"Scale,Ads",2.2166368960772136,sales_risk
26296186.92188113,17546127.81047548,1.0,Ads,3.9073076771408584,healthy
32752115.604771007,33139229.515490152,0.0,Industrial,8.060237900424344,both_risks
7036106.257253812,5585740.871752092,0.0,Contract,3.876045765962767,healthy
51073626.56139817,45224448.41451472,1.0,Contract,12.352136997678805,sales_risk
8330819.285666523,7350924.203943211,0.0,"Ads,Scale",6.3384962813694505,healthy
8676116.102648105,6920945.054371035,1.0,"Contract,Scale",15.953014767047204,healthy
27797796.27502707,20490186.214581255,1.0,Contract,4.280467486870553,healthy
8997302.825718991,6186484.594895462,1.0,Contract,16.718666848083018,healthy
5641870.660998554,3622182.9096862646,1.0,"Industrial,Contract",1.53658668034667,healthy
6207898.436932364,6055096.188108185,1.0,Ads,11.577674891726492,cost_risk
1593568.7197013188,1440459.8484105365,0.0,Ads,1.794325294268785,both_risks
8218421.660339488,6381862.456274319,1.0,"Contract,Scale",5.919463578048555,healthy
8710288.410008432,7645287.899141867,1.0,"Ads,Scale",8.416212446093144,healthy
30064194.61336306,23485388.40244599,1.0,Contract,9.396940146387607,healthy
16920030.866270162,12768151.430751512,1.0,Contract,1.8519740119949755,healthy
4215579.724516672,3395590.2822815343,0.0,"Industrial,Contract",6.17862508484172,healthy
19900706.56954452,18307067.20855664,1.0,Ads,0.9777399268203166,cost_risk
11913342.746234741,11031834.744830254,1.0,"Scale,Ads",3.966123340638174,healthy
42547231.66237211,30812475.734202143,1.0,Industrial,0.9940791463040686,sales_risk
21935572.44825704,21205562.879552215,0.0,"Scale,Industrial",6.40340096381074,cost_risk
8011189.625623516,6213924.883383345,1.0,"Contract,Industrial",3.62962406613758,healthy
25234781.33012289,24193938.263759386,0.0,"Scale,Industrial",2.4705834856656246,both_risks
6119221.810276267,5880341.012386749,0.0,"Industrial,Ads",7.081537100647498,cost_risk
3405327.166201501,2192535.1528667766,1.0,Scale,5.691978802253413,healthy
11320247.40261009,10190978.609885523,0.0,Scale,10.13193662609256,cost_risk
15507806.351839924,12038375.002797076,1.0,"Scale,Contract",8.066077631850337,healthy
25279995.30026776,20734197.34182601,1.0,Contract,2.436720158735744,healthy
8631330.855856076,8776760.321364954,1.0,Contract,10.45210169677664,cost_risk
9417265.246624958,8768665.071173187,1.0,"Contract,Industrial",5.004178403219476,healthy
18350110.871297803,16010733.999625975,1.0,Ads,10.246670121036917,healthy
8264788.677387462,5112570.6131548425,0.0,Contract,7.226920241696821,healthy
44470919.80995092,45430558.937611856,1.0,Ads,2.872686335658409,both_risks
2010977.8989541812,1717402.509709416,1.0,Industrial,8.198824438534244,healthy
2504955.56634493,2407975.6181603754,1.0,"Ads,Industrial",4.696000794952511,cost_risk
6744261.36021477,5560674.37840079,0.0,Ads,5.753221910201243,healthy
26910256.580149285,22627286.689554095,1.0,Industrial,7.146650525244967,healthy
8106204.313214727,5390468.91985042,1.0,Industrial,6.667040413162356,healthy
2292717.052696306,2263890.890516543,0.0,Contract,7.617630941496781,both_risks
19318513.696412414,13845716.848353315,1.0,Industrial,10.946752821155712,healthy
2886573.8366850046,2806653.8165256944,0.0,Ads,2.3517033830415985,cost_risk
32058819.43815094,33622285.8513206,1.0,"Ads,Scale",12.393126012994403,both_risks
21957698.620114084,16511304.554727642,1.0,Scale,8.19647734599238,healthy
40039040.6808829,28749004.643996783,1.0,Industrial,6.877293784324088,sales_risk
31139670.87131984,22683283.0278192,0.0,Ads,1.3492058928589272,sales_risk
26569722.927320223,21436686.596854668,0.0,Ads,3.247778782829573,sales_risk
18176221.427554462,15189498.298981942,1.0,Ads,5.029909391920233,healthy
6520056.320194735,4879525.826100579,1.0,Industrial,7.062749583521532,healthy
8031592.828047844,5493724.28988507,0.0,Ads,3.274390096621017,healthy
9012360.546493217,8353574.810806145,0.0,"Contract,Scale",7.692219944507293,cost_risk
10830130.771581737,7481272.7291941475,0.0,"Industrial,Contract",0.46968762032929384,healthy
5190673.3597880285,3728395.3228088305,0.0,"Industrial,Contract",7.643906021732414,healthy
4279776.523142944,3492481.9055365613,0.0,Ads,2.6377788788919956,healthy
36761688.66797283,25429857.780748397,1.0,"Industrial,Contract",3.1986483836067388,sales_risk
2755321.1862721574,2329302.9480058034,0.0,"Contract,Industrial",3.0028813472916047,healthy
26163795.50798773,23696909.468352996,1.0,Industrial,7.480338287451026,healthy
68072318.31669436,60748110.42316281,1.0,"Contract,Industrial",7.674090830517824,sales_risk
3214744.270353215,3170703.2003625855,0.0,"Scale,Ads",8.912539348016235,cost_risk
35706031.47189332,35874655.30716537,1.0,Industrial,2.8633684896791927,both_risks
7928636.293458667,6657174.756636978,1.0,"Ads,Scale",10.73575479564021,healthy
38498245.10852891,28962725.74210399,1.0,"Scale,Contract",20.038583959966694,healthy
5067901.841834304,3738550.1048927745,0.0,Contract,3.101518028654194,sales_risk
32466095.164434552,30511950.60067669,1.0,Ads,1.3555820964885137,healthy
4470173.620883913,3127358.1035917564,1.0,Industrial,6.026590217273857,healthy
2402472.7851759894,2350675.881270698,0.0,Industrial,1.944550754232234,both_risks
52158894.84080077,37974838.83360213,1.0,"Industrial,Contract",2.621146648017237,sales_risk
3862547.5499707074,3256722.0045447284,0.0,"Contract,Industrial",10.81534551792274,healthy
2493652.742336069,2271907.3325276114,1.0,Industrial,4.555618286417564,healthy
9202547.425099526,6553392.104544786,1.0,"Ads,Scale",2.735261571909988,healthy
6493215.781885715,6043320.346780208,0.0,Ads,6.903577688456147,cost_risk
29241004.982433204,21992616.176400755,1.0,"Industrial,Contract",5.695152419600671,healthy
3741332.8992446815,2699769.433055277,0.0,Contract,4.654779563682663,healthy
5746719.520304677,4423852.377501499,0.0,"Ads,Industrial",9.676319564057474,healthy
19604398.970349293,17271985.162565287,1.0,Scale,3.649487934091302,healthy
4328963.643587391,3988654.66290129,0.0,Contract,7.979901019805576,cost_risk
25006168.991081424,23977792.091172356,0.0,Ads,2.955264410487368,both_risks
26043092.899233643,23538849.674218822,1.0,Contract,6.780195513693155,healthy
64755748.22315284,49893170.54534366,1.0,Industrial,5.133599684055893,sales_risk
72636724.375116,60005267.74450134,1.0,"Industrial,Ads",0.09428696332880329,sales_risk
4313257.485004377,3673162.5403420273,0.0,Ads,6.458480696122712,healthy
4344431.735772828,3207159.127181279,0.0,"Industrial,Contract",5.32606674858747,healthy
3565132.8324648775,2804797.8417208265,1.0,"Ads,Scale",13.451020288248916,healthy
8738696.242192442,7442683.339957628,1.0,Contract,10.597334267578148,healthy
7836069.385788204,4990784.823245235,1.0,Contract,4.874383897822299,healthy
7155151.775115914,6035239.93558639,1.0,"Industrial,Contract",7.132432375106487,healthy
2818132.0764492485,2120061.7670538565,0.0,Industrial,11.860718099444277,healthy
32623819.186915416,32379127.707863905,1.0,Industrial,2.740439793201233,cost_risk
2018161.6342669039,1872420.0078758805,1.0,Ads,1.1613369297804468,sales_risk
5190653.03638657,3577884.5449730647,0.0,"Contract,Industrial",0.512544352206235,healthy
19783259.454529643,17181442.328020144,1.0,Ads,12.271724464303762,healthy
16639627.78039764,10804702.175088452,1.0,"Industrial,Contract",11.994199079108716,healthy
7224519.696435974,7427441.830603568,1.0,Contract,1.9859748298207198,cost_risk
23019148.183629844,18095329.449879687,0.0,Ads,7.599701887079684,healthy
6387511.1597008435,5413424.884143935,1.0,Industrial,5.372901431804319,healthy
64490819.246494584,60976469.33126846,0.0,Industrial,1.1439359541356877,both_risks
25352681.56561168,20108697.406441215,0.0,Ads,8.603032364189461,sales_risk
4202909.512242397,3547525.59141166,0.0,Industrial,3.555178520820505,healthy
20957054.058354434,14534571.698083919,1.0,Contract,3.8196705010675878,healthy
7138744.962177226,6927079.203774257,0.0,Industrial,2.2630256097235733,cost_risk
13061262.189672245,12904134.017771702,1.0,Industrial,1.0752670028599742,cost_risk
30207021.06605886,25959814.88877371,1.0,Contract,13.750971500045537,healthy
3892993.160533004,3075373.4221528503,1.0,Industrial,1.3469510219876946,healthy
36233760.22570981,31998925.046114374,1.0,Ads,2.3028220184707195,sales_risk
6806367.885647372,5681149.761809396,1.0,"Industrial,Contract",6.315611333811789,healthy
26538923.144115087,23476799.35249946,1.0,Contract,3.6870668161379783,sales_risk
13836613.269452484,12801341.508242084,0.0,"Industrial,Contract",13.872963461742623,healthy
5120594.858878741,4690229.084931277,0.0,"Scale,Industrial",4.512881011658076,healthy
2283327.475736032,2094886.0152697403,0.0,Contract,4.8503239662231215,cost_risk
2612491.6137146065,2125113.4150165943,1.0,"Ads,Scale",2.9293011515981955,healthy
11962525.212288259,8264768.086421816,1.0,"Contract,Industrial",12.509777418699098,healthy
2995803.34603255,2136343.9188397117,0.0,Industrial,4.108740762219175,sales_risk
5419131.029450246,4706803.105656099,1.0,Ads,3.0585874623619587,healthy
6945494.227732523,6764570.484897806,0.0,Ads,1.5238753225696495,cost_risk
4680183.838344507,3766134.8918187567,0.0,Industrial,2.7707099519176914,healthy
5682990.815293111,5199479.828861466,1.0,Ads,14.538700546796163,healthy
16308061.408895615,11810716.276959071,0.0,Scale,5.991887246455068,healthy
27206547.30331011,21159515.736393522,1.0,Contract,83.57356961044958,healthy
14172598.14019235,12020055.114730565,1.0,Industrial,7.137966734579248,healthy
16940949.28246884,16803239.15275765,1.0,"Industrial,Contract",14.725303713796066,cost_risk
15163017.714534985,12457272.228105415,1.0,Ads,10.164658608721249,healthy
5730633.183656017,5048400.30509977,1.0,"Contract,Industrial",2.1893899593993216,healthy
10696551.536980432,9220027.73949332,1.0,Scale,10.079635979662608,healthy
1638847.9646259444,1371210.297913996,0.0,Ads,5.560864500626165,sales_risk
9636637.235791555,9338045.50023381,0.0,Industrial,6.1681718855278955,cost_risk
5794210.672225758,5488493.711104279,0.0,Scale,0.3571607109014546,cost_risk
30631654.61934972,20079753.516328204,1.0,"Contract,Ads",2.0244118988766,sales_risk
1386150.0465585089,1372506.794613894,0.0,Industrial,1.6013048186891452,both_risks
3047957.04638862,2548065.99750001,0.0,Scale,4.143242983851602,sales_risk
86812070.10111234,63163225.34659291,1.0,Industrial,1.2263056483718686,sales_risk
18530839.531205505,15614360.532249188,1.0,Industrial,3.506063875693437,healthy
35420403.810563914,27850818.731356055,0.0,Ads,7.49896336167099,sales_risk
4038187.172890279,3279656.0300585376,0.0,"Scale,Ads",5.0401019093625266,healthy
2076497.27878459,1956362.6675919583,0.0,Ads,1.850764948738321,both_risks
14395608.810647788,10598801.545851221,0.0,Industrial,3.6068709213865793,healthy
10430543.479317747,9000207.974119853,1.0,Contract,14.087167249011024,healthy
15314389.271791259,14036367.964616315,1.0,Contract,1.1503057863494266,healthy
41727021.59820905,33077212.12388148,1.0,Ads,16.342270664213363,sales_risk
20880082.389999237,15161758.430885684,1.0,"Ads,Industrial",1.8819993377596638,healthy
1890949.1450149023,1960040.9228923696,0.0,Contract,0.4529223443396916,both_risks
5335098.204086996,5038544.060884849,0.0,Ads,1.6420391012694462,cost_risk
978216.9812868538,885503.0247004201,0.0,Industrial,9.675667176120589,both_risks
15355870.370908074,13206433.873597488,0.0,"Industrial,Ads",4.094447123219009,healthy
5580292.726443578,5389926.894164586,1.0,"Industrial,Scale",6.40700159190035,cost_risk
2493521.8664768087,2557092.825377673,0.0,Contract,2.839458621133319,both_risks
12730206.342627304,10052087.02701997,0.0,Ads,3.9303220792612374,healthy
2941914.100139414,2262891.0712148426,1.0,Ads,6.482832015583465,healthy
24355292.1151347,23850497.10781026,1.0,"Contract,Scale",14.8618443718221,both_risks
18202995.104629595,16699243.842757856,1.0,"Ads,Scale",0.7166127646341717,healthy
83024063.42278448,84279313.03552036,1.0,"Contract,Industrial",4.9924916963609824,both_risks
4186080.0928252377,3803952.7981412704,1.0,Ads,8.491872425141624,healthy
23080881.595059972,20222998.382636365,0.0,Industrial,8.38110806720118,healthy
5660423.420244912,4992505.343173437,1.0,Industrial,5.796618063306129,healthy
2666117.7026868504,2310554.751890952,0.0,Contract,0.22523750513532542,healthy
56981822.452671066,52397233.72130937,1.0,Scale,11.145517155508838,sales_risk
3074311.5839650515,2510922.6002603397,0.0,Ads,4.123242292237605,healthy
46299783.54840611,36198204.892293006,1.0,"Ads,Contract",4.972401848081905,sales_risk
6228189.7224973785,6582807.453897096,1.0,Ads,13.762457672873925,cost_risk
18338588.124831095,14406168.670843888,1.0,"Ads,Scale",3.9425009351974607,healthy
5797972.81492524,5627695.221842276,1.0,Contract,7.176011373283217,cost_risk
4101388.2175921756,2860982.5444659,1.0,Industrial,1.5900856454689662,healthy
3611659.999604668,2877115.2062098705,0.0,"Ads,Contract",10.380894369979725,healthy
5854110.78874699,4596707.564130804,1.0,"Industrial,Contract",5.745782565118939,healthy
11365303.06363432,8371196.002034943,0.0,Industrial,3.0833752853322,healthy
36086788.444656774,30945008.431973673,1.0,Industrial,6.413980823652607,sales_risk
4018203.9832654796,3756414.6563499602,1.0,Industrial,7.195518755176272,cost_risk
9142898.912013113,7981406.67403551,1.0,"Industrial,Contract",1.990423166639448,healthy
6787718.902751743,7262425.38843825,0.0,Ads,16.184274824341177,cost_risk
8167677.745050908,7087322.272941124,0.0,Scale,7.799224294647274,healthy
3194495.4660696224,2623708.338426924,0.0,"Ads,Scale",4.240111005154926,healthy
2234375.7169646868,2041815.6301557983,0.0,"Contract,Ads",5.344056656584774,healthy
5560190.025858732,4571327.996048229,0.0,Industrial,1.8992074292167171,sales_risk
8604064.383960223,5922053.7262944775,1.0,Industrial,7.860991258912419,healthy
98443654.03387563,91507064.44175182,1.0,Industrial,4.917765282595958,both_risks
39761002.55396523,29357510.035876323,1.0,Ads,11.446195678701674,sales_risk
5926848.622739234,4575907.27238894,1.0,Contract,5.286374366740709,healthy
2434101.931312144,1605899.7460431529,0.0,"Industrial,Contract",2.0875643151756464,healthy
1607809.4749631817,1486206.2010447385,0.0,Ads,3.808447302505348,both_risks
22823362.13443186,16639865.195473447,1.0,Industrial,3.0322705970967316,healthy
29616999.974041615,27384716.301090337,1.0,Industrial,3.363885148401917,healthy
70899990.31490754,61936282.82162724,1.0,Ads,2.6506758844774434,sales_risk
6833724.927308101,4992646.976715117,1.0,Contract,6.124407494817442,healthy
13116827.181230066,9592398.27351253,1.0,Contract,12.466621459259454,healthy
6307775.663467155,4982563.633567921,1.0,"Ads,Industrial",4.2989808585306895,healthy
36939130.820168786,33164177.257574122,1.0,Ads,2.1528066440440625,sales_risk
22490096.92880841,20880147.626485445,1.0,Industrial,9.748977148803561,healthy
4095860.5526737603,4392965.037347367,0.0,Ads,5.009469954195069,cost_risk
10523345.449433822,10888748.39432356,1.0,Industrial,2.5232256329603144,cost_risk
3271491.997129702,2536320.20345071,0.0,Industrial,4.742754474234859,healthy
9931466.336582096,8791943.610971114,0.0,Ads,9.396002511872979,healthy
2157585.780196752,1507843.4194516442,0.0,Industrial,14.549599231336751,sales_risk
10813193.2579925,8070226.142532597,0.0,Industrial,1.3027880320658443,healthy
29287137.145701386,21130990.946110915,1.0,"Scale,Industrial",4.5881836200819635,healthy
31452726.383353464,28768793.845622268,1.0,Scale,1.9931407084033772,sales_risk
2573680.154036956,2162614.5173250237,1.0,Industrial,4.984361288433383,healthy
9351811.16768454,9075430.639160333,0.0,"Contract,Industrial",1.3337034630099405,cost_risk
2337971.0566719784,2059914.4071956396,0.0,Industrial,3.2923853092148327,healthy
26476748.777256176,18730808.58565242,1.0,"Scale,Ads",4.81288100736525,healthy
13351407.667013125,10959135.611205053,1.0,"Ads,Scale",8.695412847809944,healthy
2856646.557987595,1984877.9633448697,0.0,Industrial,4.357778844946747,healthy
3564493.615826967,3182996.2957730596,0.0,Contract,0.2819193724119487,healthy
15545123.476423569,13304243.048777267,1.0,Industrial,3.808055487786102,healthy
1625499.1865392625,1193349.451135536,0.0,Contract,3.160486708488746,sales_risk
9518946.587375114,9214594.992945373,0.0,Scale,0.9476657692933708,cost_risk
12760815.329848634,11450981.597478675,1.0,"Ads,Industrial",3.3456119155492656,healthy
4592834.723532545,4895552.930651592,0.0,Industrial,4.73506681961704,cost_risk
6814148.525075233,5158611.22244576,1.0,Ads,1.6254938054796455,healthy
9726779.23107562,8628013.121491207,0.0,"Industrial,Contract",2.4446755543196197,cost_risk
15836501.294362338,13690368.666931495,1.0,Contract,5.250292992812233,healthy
2549163.1714188205,2692514.6798884277,1.0,Ads,10.247887135635848,cost_risk
5066617.45807546,4875174.266919046,0.0,"Industrial,Ads",3.605197840504527,cost_risk
19794575.737400778,18434977.160098024,1.0,Ads,2.4536567970276213,healthy
652741.3082753728,622256.4306559785,0.0,Industrial,3.712856999201753,both_risks
23686815.036814533,19006331.828926202,1.0,Ads,12.278482403657684,healthy
33850304.14837387,26828689.74647289,1.0,Industrial,1.1051516536529784,healthy
59227810.064515166,41200634.71465814,1.0,"Contract,Scale",13.76594988710298,sales_risk
839246.0470094758,654150.1598793109,0.0,Ads,3.4446643170854276,sales_risk
5614466.394815996,4828136.533284621,0.0,Ads,7.882750055945948,healthy
4650638.840009668,4066221.64223443,0.0,Industrial,4.705386173498961,healthy
37930536.56313057,31957270.928612713,1.0,Scale,3.6382239560362244,sales_risk
17319732.376672264,18181922.749345105,1.0,Contract,7.704874198729322,cost_risk
24751407.5869633,22947553.206850413,1.0,Contract,2.961269473406127,sales_risk
18533622.33925922,12506205.460776078,0.0,Contract,1.2467898874606562,healthy
1935823.3547540302,1605136.8259992648,0.0,"Contract,Scale",2.3688311156157447,sales_risk
13525009.366043124,12599140.674726369,1.0,Industrial,0.7309596788658139,healthy
1006685.5587944557,906370.2419832745,1.0,"Scale,Industrial",4.7823017621769175,sales_risk
13823753.963313967,11896631.116725694,1.0,Scale,1.050840534588145,healthy
10866830.504243352,8426113.381538136,0.0,"Contract,Scale",3.0040352371289893,healthy
7419244.7499178415,6491896.831747946,0.0,Ads,3.518960677830518,healthy
11279823.177939786,11737424.212490322,1.0,Contract,3.975782831359413,cost_risk
18162834.137042996,15278091.954026666,1.0,Industrial,3.5160699471229053,healthy
4066840.734643301,3330364.7512763385,1.0,Ads,1.2060999223821853,healthy
12718084.876359511,9833559.031893648,1.0,"Industrial,Ads",14.176674805296024,healthy
38116099.89313055,32722290.567958795,1.0,Ads,5.3312268852589595,sales_risk
13200117.58752597,12522987.048024412,1.0,Ads,6.446441396228751,cost_risk
11191790.566046668,9098494.421138149,1.0,Ads,7.248993333961012,healthy
8758099.570527991,8027786.466974737,1.0,Contract,2.97030106579672,healthy
2427005.6696401127,2233730.3307969817,0.0,Industrial,4.689827543775209,healthy
37077618.402605355,28597651.730795715,1.0,Industrial,6.624581780036733,sales_risk
5883239.14607572,4238724.419256447,1.0,Industrial,1.6647288335779045,healthy
9250999.018694999,7400732.38334966,1.0,Industrial,0.8938003414794552,healthy
6594248.119923932,6314048.102208006,1.0,Contract,4.98234832543006,cost_risk
6226989.685737143,4447334.442847499,0.0,"Scale,Ads",4.31754413145107,healthy
4926746.908599261,5532891.887959542,0.0,Industrial,5.139092267659759,cost_risk
4393917.391939904,4086170.258080711,1.0,Ads,10.742355385689415,healthy
22574320.46874452,21269927.022239506,1.0,Scale,4.407868304926272,cost_risk
34823060.04552848,35131110.05740897,1.0,Contract,3.4136937139770644,both_risks
11320426.008215075,9862480.407374658,1.0,"Industrial,Contract",4.645696473215929,healthy
2799110.2628331827,2881553.614010379,0.0,Ads,3.808070415730584,cost_risk
8317058.740751724,7036774.078335897,1.0,Scale,1.4408991464762708,healthy
81862731.06908464,82841385.29405537,1.0,Scale,6.717724502158038,both_risks
12144153.769359102,8236118.5269883005,1.0,"Industrial,Contract",2.254715178882167,healthy
7305359.446295986,6397331.925975393,1.0,Ads,6.972193217644036,healthy
3917110.70560443,2743651.572435918,0.0,Contract,2.751022685881395,healthy
15099712.42080401,11400749.437218342,1.0,Industrial,3.3573513382117137,healthy
6995148.168951895,6923533.807248643,1.0,Scale,0.5566348269192355,cost_risk
32090644.896744654,29727763.720235467,1.0,"Ads,Scale",19.242687254580296,sales_risk
26343153.05718897,21183755.640316267,1.0,Industrial,2.8003578224492602,healthy
14859358.497768577,11596114.654779922,1.0,"Industrial,Scale",2.4318779091561193,healthy
9580813.003731344,7533608.0479371175,1.0,Industrial,6.720939923241461,healthy
15229471.069259511,12980104.855268896,1.0,"Industrial,Contract",3.5727907551536737,healthy
12184163.76782899,9667152.217210254,0.0,Ads,4.299465765789538,healthy
7033792.046123357,4949187.83721734,0.0,Scale,5.153999992606716,healthy
33593931.48872457,26140065.879999004,0.0,"Ads,Scale",1.1342856118366647,sales_risk
8099367.538122703,7231044.6701164,0.0,Industrial,2.349865973155953,healthy
5205577.202430993,4432401.83644364,1.0,Industrial,5.463033322960306,healthy
1660015.1369875188,1532587.3553893098,0.0,Industrial,8.987980413343973,both_risks
7167989.506148304,5991631.733331685,0.0,Industrial,11.518108894393256,healthy
1917052.6736826007,1755936.2229904763,0.0,Scale,2.843360736394289,cost_risk
19052727.35407333,13516590.65634258,1.0,Scale,7.828486662226947,healthy
3968584.544406409,3005294.1128527266,0.0,Ads,3.189969831062893,healthy
3558188.554538042,2894353.585436104,1.0,Ads,11.234739039456308,healthy
923208.8193669978,916224.2136478316,0.0,Ads,0.8419565873890689,both_risks
11712129.070646271,11846313.425792992,0.0,"Industrial,Contract",6.317489221491613,cost_risk
6563818.833081049,5983692.801416142,1.0,Scale,10.19082654453948,healthy
17893669.472184315,16798491.372075442,0.0,Industrial,6.415765526577692,cost_risk
3513046.973926049,3188260.0919523053,0.0,Scale,10.901918462323842,both_risks
24714025.736070834,26342303.73831272,1.0,"Industrial,Scale",5.662470826007796,cost_risk
18598305.782567546,15331233.962960208,1.0,Industrial,8.451652000797193,healthy
45790269.867938116,47830942.28379258,1.0,Contract,2.3477091671388823,both_risks
5638422.337067219,4725578.4863226935,0.0,"Scale,Ads",6.119539338711728,healthy
27486573.972932704,24865007.984944172,0.0,Industrial,7.606301713222585,sales_risk
3929520.590713266,2909875.0515393303,1.0,Industrial,3.452841239025325,healthy
9874783.306125904,8371489.279657724,0.0,Ads,2.808239209537542,healthy
7019031.909317751,6614655.901247793,1.0,"Industrial,Contract",22.994311717571904,cost_risk
35665162.3957789,25676561.079465047,1.0,Industrial,4.863650215733624,sales_risk
13753139.634392187,10652119.351123363,1.0,"Industrial,Contract",6.376603050619871,healthy
63112253.16840736,52181297.353619285,1.0,Scale,1.8686558401759052,sales_risk
13258343.785756193,10407260.140188005,1.0,Scale,3.4917542932382477,healthy
10634589.195654437,9977371.364757903,0.0,Industrial,13.666407488157217,cost_risk
8326050.166229655,7630373.392860877,0.0,"Ads,Scale",15.702166321471214,cost_risk
11698885.638921974,9678143.096986497,0.0,Ads,7.12215184033746,healthy
4343218.401259066,4118326.214841419,0.0,Industrial,7.568918425314792,cost_risk
3063096.202167187,2882195.8701740843,1.0,"Ads,Scale",2.847830532798864,cost_risk
5229241.157259719,4555970.026046078,1.0,Ads,6.068128578605712,healthy
6212029.527736035,4400340.834404034,1.0,"Ads,Scale",14.679842262009505,healthy
5340022.094124829,5248344.790612827,1.0,Industrial,4.056259293842235,cost_risk
79244104.93857981,59105389.48326256,1.0,Scale,2.5979596935737725,sales_risk
7462793.085247896,7276931.020503142,1.0,Industrial,5.1579806064827896,cost_risk
6649087.532727917,7285422.656218882,1.0,Ads,3.2874600757851864,cost_risk
31452143.154098906,29355035.860769812,0.0,Industrial,7.2685575757379794,both_risks
22017317.547850076,24311721.657840915,0.0,Industrial,23.240328027731735,cost_risk
4315108.251917073,3673137.2193260933,0.0,"Ads,Scale",3.02249774122086,healthy
21020960.775499377,17379731.910819124,1.0,"Ads,Industrial",14.625060363613569,healthy
24653161.48577457,25447026.93602241,1.0,Contract,4.997686528624258,both_risks
3894749.978587033,3029817.3322366867,1.0,Industrial,3.079100811741112,healthy
7795417.769680018,5608198.285052058,0.0,Contract,6.812835643399831,healthy
18257803.22634481,14941128.526528385,0.0,"Scale,Ads",4.6138311748836145,healthy
22131580.56698435,19494400.208588935,1.0,Industrial,3.6106077691151066,healthy
4256540.801288214,3706620.780603514,1.0,"Industrial,Contract",2.155645510303671,healthy
29657410.57712051,22973776.662129086,1.0,"Contract,Scale",1.7586545618482563,sales_risk
15467637.56646675,14673322.454138475,0.0,Scale,4.76883100284511,cost_risk
3587149.6089538266,2960528.280590328,0.0,"Industrial,Contract",3.5314713270606335,healthy
7029338.659155517,4662665.667168538,0.0,Ads,8.875690806100433,healthy
56060739.58624261,47565051.33156922,1.0,Scale,3.7987542866381867,sales_risk
13242445.618556634,11242773.684137514,0.0,Contract,5.712085629244837,healthy
1348616.0636767033,1244602.9640668952,1.0,Industrial,4.180432008861731,both_risks
2580445.546321003,2663325.2947949637,0.0,Ads,7.445243108964602,both_risks
40486002.815429814,30020015.731434587,1.0,"Ads,Scale",13.713630159410755,sales_risk
8460706.753060065,6138600.451965584,0.0,Scale,15.439042296867175,healthy
10571525.1046284,9399843.126658715,1.0,Contract,3.3519204336132473,healthy
2778163.519633944,2038001.669715655,1.0,Industrial,7.798184903498928,healthy
41610403.62540964,33903225.477450855,1.0,Ads,7.867612800843981,sales_risk
7951347.262245679,6487095.129370309,0.0,Ads,1.4032542344428742,healthy
4876408.782150408,4798000.252712256,0.0,"Ads,Contract",12.314358993128899,cost_risk
7881203.033589252,7646475.910225053,0.0,"Ads,Scale",2.2782818899438415,cost_risk
180949335.41216755,177135045.62962607,1.0,"Contract,Ads",14.289299155190427,both_risks
9180255.209077688,6593931.191664983,1.0,Industrial,2.697013443879875,healthy
12952480.232747978,8825298.946298508,1.0,Contract,1.2609627146632212,healthy
2125566.411315104,1974344.7996575506,0.0,Industrial,4.133184140636146,cost_risk
4746830.704259357,4398835.082596293,1.0,"Ads,Scale",2.1041656102480646,cost_risk
1384321.7109642536,1405219.9543996702,1.0,"Ads,Industrial",1.988339348677656,both_risks
23180211.59925659,19529542.072372653,1.0,"Ads,Scale",9.99545171675674,healthy
4507042.428127765,3048787.282552694,1.0,Ads,9.701141993813085,healthy
5685285.638049437,4480668.203424386,0.0,Industrial,1.0749690611652511,healthy
10092343.714354618,9329233.114564314,0.0,"Contract,Scale",3.6777123051338876,cost_risk
12805200.260784315,10165904.833366895,1.0,Scale,8.86634945944433,healthy
69895474.18726678,48310485.69925766,1.0,"Industrial,Ads",0.5745867349654423,sales_risk
9115692.044065163,7103880.973841542,0.0,Ads,7.48496239814661,healthy
25603687.69347235,25816298.527866345,1.0,"Ads,Contract",1.1219386528940343,cost_risk
4360363.285900258,3072604.4151720745,1.0,"Ads,Scale",3.971801561230052,healthy
3295526.5550554367,2419490.5029757884,0.0,Industrial,9.968971416495645,healthy
4361197.501128371,3840472.5306223207,1.0,Ads,15.938789924839767,healthy
8393626.920101566,8640391.771753123,1.0,"Contract,Scale",4.488606451838021,cost_risk
11520929.547290517,9554835.103516135,1.0,Scale,2.8466851463961995,healthy
25585847.997359205,25304738.737658452,1.0,Scale,6.54595711615911,cost_risk
22351208.316631567,16600512.770821339,0.0,Ads,2.4619249994610524,healthy
5063014.712393065,3950775.8952505863,1.0,Industrial,11.406253583110324,healthy
11956865.366488038,8073110.546025341,1.0,Ads,4.823410883993051,healthy
26205397.787947416,23333246.5886152,0.0,Contract,2.7417833692529348,healthy
2337693.8620867985,1809023.3078546543,0.0,Industrial,1.9660856815169878,sales_risk
4530532.803283888,4066178.023665857,0.0,Scale,10.358984398776334,cost_risk
2493836.8129372555,2259803.272690245,1.0,Ads,3.7615981803728387,healthy
16334490.40036726,13824324.26954119,1.0,"Ads,Scale",1.8781521892734427,healthy
8685642.529597184,8396315.412157899,0.0,Industrial,10.824282272100945,cost_risk
3721396.9633031823,2668528.914341582,0.0,Scale,13.426841129700009,healthy
14796123.127163565,15637503.292991692,1.0,"Industrial,Contract",9.571163379323831,cost_risk
6223190.484420555,4960520.583769048,0.0,Industrial,4.514337737961385,healthy
23841876.365722623,19193553.29215178,1.0,"Scale,Ads",7.5263748555181325,sales_risk
7309112.862590352,5673264.537217879,1.0,Contract,7.338372507922233,healthy
12369999.959660025,10729857.292501856,0.0,Ads,2.183155811823526,healthy
2216154.267208081,1599842.818921344,0.0,"Ads,Scale",0.47708142979361046,healthy
13980026.381354181,13914581.302778399,1.0,Contract,7.9453608171095365,cost_risk
6085338.342585948,5422837.816785695,1.0,Industrial,6.000194619929292,healthy
1636758.3379963539,1747048.224060734,1.0,Ads,10.221943759652294,cost_risk
1452636.0593504503,1309281.20189286,0.0,Industrial,9.882900914586129,sales_risk
3356559.926623647,2971712.2610989367,0.0,"Contract,Scale",2.4138901299863886,healthy
19455014.12290796,19551462.47522669,0.0,Industrial,5.644561405047744,cost_risk
1067888.8158545368,802748.1528113927,0.0,Contract,4.5455234303217456,sales_risk
28799696.302880034,21629601.024388693,1.0,Industrial,6.629270203569652,healthy
7467488.120523117,5874391.50409194,0.0,Industrial,10.092827256581035,healthy
11229184.715404453,7343827.328350664,1.0,Contract,0.9558116976168467,healthy
18884996.441140614,17857744.747772146,1.0,"Ads,Scale",14.075408639053768,healthy
4028712.2384343194,2957216.607394109,0.0,"Industrial,Contract",4.267965457470118,healthy
8636612.571029034,8389452.28999115,1.0,"Ads,Contract",8.233576362750364,cost_risk
7684562.961322279,5143568.141306761,0.0,"Industrial,Contract",8.382693605906404,healthy
4930569.382206641,4138527.209385229,0.0,"Industrial,Contract",6.036114725438896,healthy
20910839.309104055,13095644.97482842,0.0,Contract,1.190698685222601,healthy
10045634.447257146,6076861.752561866,1.0,"Industrial,Contract",2.4706112269618354,healthy
18919877.57658264,17321721.10900336,1.0,Contract,7.1505802497593045,healthy
20993542.22117516,21258591.87973015,1.0,"Contract,Industrial",4.163781999313422,cost_risk
13267631.247161018,9961242.08319556,1.0,Scale,2.5306374116608055,healthy
19255676.55820985,17776257.069749687,1.0,"Contract,Industrial",7.700295269165629,healthy
2888252.0282880245,2556527.1424058406,0.0,Scale,1.0764155463730316,healthy
2399899.268621791,2584893.036693822,0.0,Industrial,8.756148503976558,cost_risk
37991251.09333204,29530573.92544362,1.0,Ads,3.3426189185713944,healthy
6087919.968447761,5268154.777189746,0.0,"Ads,Scale",8.83068898182865,healthy
17045834.872105826,15715962.11456345,0.0,Industrial,3.1535724222234958,cost_risk
26630532.432515737,23193308.540752124,0.0,"Ads,Scale",5.995697304165384,sales_risk
12834248.011584245,13396371.15785615,1.0,Scale,2.6296502050819415,cost_risk
19929337.22092786,19322858.51775194,1.0,"Industrial,Contract",9.534769311482036,cost_risk
2640246.6252561426,2214037.2546505486,1.0,Scale,1.249589690789584,healthy
2387723.973036581,2537568.036780364,0.0,Ads,7.499331889349765,cost_risk
2792579.053889762,2253144.453846122,0.0,"Contract,Industrial",2.7177928690267588,healthy
4837725.239231462,3428586.504324276,0.0,"Ads,Scale",3.051786756292543,healthy
656869.6148338438,613216.886275378,0.0,"Scale,Contract",6.3317354361215195,both_risks
5936144.5229872335,5265181.532514413,0.0,Industrial,5.123615562687751,healthy
1394496.4204480003,1109490.3997740888,1.0,Scale,5.977305999681724,sales_risk
24072820.28205437,21581967.390426114,1.0,"Scale,Industrial",9.739772986339279,healthy
13694491.702888269,9934422.95597615,1.0,Industrial,3.8990564053169234,healthy
14449044.491728472,11521207.018623725,1.0,Ads,11.228887908924428,healthy
1280754.6961483962,1195555.313706138,0.0,"Industrial,Contract",6.132287388280865,both_risks
6002596.633246522,5432652.692537864,0.0,Industrial,0.14837456773309915,cost_risk
38063474.26761931,34711781.58775315,1.0,Scale,1.2626295320608791,both_risks
4355320.580729468,4192108.11575022,1.0,"Ads,Industrial",6.84173557358257,cost_risk
20952023.11739458,18755455.034253865,1.0,Contract,8.284358691824394,healthy
3658640.7386233686,2627106.750621787,0.0,"Ads,Scale",3.188140530078528,healthy
7623008.678221026,6090553.693983666,1.0,"Scale,Ads",9.227198111032406,healthy
125394367.77497122,97308009.27849708,1.0,Scale,11.041315608326183,sales_risk
17373173.456076838,16508882.642538844,1.0,"Ads,Contract",7.373414553614019,cost_risk
33117960.973579716,34323610.32424882,1.0,Contract,1.029355260832145,cost_risk
8464114.917586371,6175912.718448996,1.0,Contract,2.706166072612837,healthy
1915267.2159559936,1476598.0245968467,0.0,Contract,1.947011807008078,healthy
2079940.789757987,1791170.272770273,0.0,Ads,2.6090059478529595,sales_risk
20371868.28136763,20606400.111497287,1.0,Contract,16.546339747108952,cost_risk
12000132.006631292,11265645.356606446,0.0,Ads,8.427123342220852,cost_risk
38091537.50051696,28471907.918002278,1.0,Contract,4.687132866327046,sales_risk
5519894.06747962,4580003.840542229,0.0,Industrial,12.031960477159249,healthy
12684348.672314558,8632009.538123207,1.0,Industrial,12.976965558455873,healthy
4432936.563884515,4605251.884479311,0.0,Scale,7.160100907837638,cost_risk
17276329.238529198,16959868.01536607,1.0,Ads,1.1570820162853983,cost_risk
1107772.5567062602,1064579.230637698,0.0,Contract,4.51308920547598,both_risks
9226065.623952664,7671755.818413283,0.0,Ads,4.685381032774888,healthy
3660617.2802761835,3229294.8901589043,0.0,"Industrial,Contract",2.1100352491301284,healthy
7806844.763591473,6187593.689921514,1.0,Industrial,15.031867871570013,healthy
24510608.242230423,24324822.37509901,0.0,"Contract,Ads",6.658675761064124,cost_risk
13089760.1203034,10252100.995814059,0.0,Ads,8.229325852124582,healthy
16632861.847517816,14426791.839292875,1.0,Ads,8.42361305826772,healthy
4018123.2895380105,3632380.624545392,0.0,Industrial,8.488357350603625,healthy
614220.7582386516,484589.545935773,0.0,"Industrial,Contract",8.455859217870007,sales_risk
2882311.5718023004,2597849.8402207317,0.0,"Industrial,Contract",0.33916786832610046,healthy
11544753.717395213,10774564.095442317,0.0,Contract,6.926956033312248,cost_risk
2760194.8896767497,2295975.939683038,0.0,Contract,16.41407902149158,healthy
12878082.88815107,9950921.050082458,1.0,Industrial,0.21787873505788624,healthy
1408810.4389026503,1107017.4696907967,0.0,Ads,6.620206908099762,sales_risk
7596409.468757786,7584290.611873862,1.0,Industrial,17.011357151777286,cost_risk
33671684.57274393,32638103.492676154,1.0,"Industrial,Contract",1.9443048718216531,cost_risk
14690465.731590169,13513750.171225142,0.0,Scale,4.6943576332071935,cost_risk
3799817.5288976915,3705993.000992083,0.0,Scale,16.104396857223467,cost_risk
17524161.225326028,16703368.722602978,1.0,Ads,2.266847084907821,cost_risk
7778287.677478568,6999623.868354905,1.0,Ads,9.233295730215016,healthy
4760906.151252624,3959362.9850401245,1.0,Contract,2.430756056512923,healthy
27367128.37542075,25908943.009738132,1.0,"Ads,Scale",2.331561915627855,cost_risk
12991834.167934699,12141611.63589979,1.0,"Industrial,Contract",9.320298339459967,healthy
1252062.245392907,1177217.0901167195,1.0,Industrial,3.0331068361559796,both_risks
4680734.726701246,4458384.837262812,0.0,Industrial,8.503044716948892,cost_risk
41564708.49754371,33858351.37761939,1.0,"Ads,Scale",0.6385605517960065,sales_risk
7918802.298114103,5135776.168913212,1.0,Ads,2.801380512871674,healthy
64352258.538791135,53640788.96766914,1.0,Industrial,4.487905049093216,sales_risk
18879402.460859288,18257150.858430803,0.0,Scale,7.340862711074593,cost_risk
22945325.118160747,20056899.471272364,0.0,"Contract,Industrial",6.966425716780078,cost_risk
1680662.1018105266,1634034.9503588092,1.0,Industrial,6.398055692858636,cost_risk
5513115.523854923,4514538.51529535,1.0,Ads,3.1945495957958627,healthy
40162116.97299159,36820541.83661684,1.0,Industrial,7.790574311999604,sales_risk
35079103.9751311,27709693.79427541,0.0,Ads,6.53421488553955,sales_risk
10812568.800867172,9248954.12088559,1.0,Contract,5.4707884595073555,healthy
4576079.081681208,3694849.377304678,1.0,Industrial,10.630125367831308,healthy
3620923.5335317613,3499130.15469611,0.0,Contract,1.69388951614693,cost_risk
6768173.993194865,6758827.336702911,0.0,"Contract,Scale",8.44441871676501,cost_risk
7985423.986477979,6100845.9438411705,0.0,"Contract,Scale",7.848281261625799,healthy
3332813.4315916062,2119826.627409812,1.0,Contract,1.6817539869612323,healthy
3356450.900566631,2269636.1378473416,1.0,Contract,5.107909788344941,healthy
15662248.857449187,13837808.825210674,0.0,"Ads,Scale",11.464706508219157,cost_risk
31562700.309744243,27090683.31981679,1.0,Industrial,3.4938803142761534,sales_risk
13453604.728774082,10937244.598112496,0.0,"Industrial,Contract",6.536436346363327,healthy
9985823.547392381,8234488.780776555,0.0,Scale,2.373716071545636,healthy
34828887.58899048,29267986.787647285,1.0,Industrial,11.317795237526283,healthy
2671867.2543982575,2714633.377768195,0.0,Ads,6.249019979797707,cost_risk
7552635.522181944,6259618.701558015,1.0,Contract,1.2344045111474307,healthy
5973049.07808683,4763961.453212734,1.0,Industrial,12.947559360864274,healthy
5263397.014625256,4547356.07122655,1.0,Industrial,3.3646678916026618,healthy
3403972.098718325,3042460.8459716095,0.0,Contract,8.450407782520408,healthy
24162274.944373865,21516823.469909433,1.0,Industrial,4.496603171921659,healthy
16053444.51273731,11190737.943222672,1.0,Ads,9.680983288877469,healthy
7047650.304830456,6968521.773686722,1.0,"Contract,Scale",1.389115275024058,cost_risk
41107656.75359188,34609777.2478587,0.0,Scale,5.270270037774977,sales_risk
1994821.7933091256,1513546.9406557183,0.0,Contract,4.217729670304699,healthy
7367268.914922215,6232270.644494863,0.0,Ads,2.0013444573796355,healthy
3483532.403854957,2681041.287660062,0.0,"Industrial,Contract",6.6662308804658,healthy
47531391.085217424,43914651.26641414,1.0,Scale,2.8107933648786663,sales_risk
7424854.974476194,7271176.57283008,1.0,Contract,3.3968374264725893,cost_risk
12136199.730688855,9788897.884828933,0.0,Contract,4.670486537805533,healthy
6239417.870082589,7007683.592592565,1.0,Industrial,1.1537821175806278,cost_risk
26674680.36927018,22794807.221426964,1.0,Scale,4.259821313524026,healthy
15370632.28968933,13666545.611738076,1.0,Contract,5.469765187394103,healthy
14451193.810811894,11198063.85586459,1.0,"Ads,Contract",7.507507236032801,healthy
10398221.273633933,8899589.807167523,1.0,Industrial,4.795711708424042,healthy
20983638.40322178,15839650.330144024,1.0,Contract,2.405738730267797,healthy
14848773.25742126,13406566.59547085,1.0,"Industrial,Contract",6.006822824659649,healthy
16540517.020099532,17354638.145439968,0.0,Industrial,2.6819460939523863,cost_risk
2131450.2878344734,1532686.4027720455,1.0,Contract,4.073193981688479,sales_risk
30120147.256498817,20819044.759892043,1.0,Industrial,9.316830754039703,healthy
26462676.56515737,19088661.24449976,1.0,Ads,8.00994777234725,healthy
17799891.194572907,16029759.552621515,0.0,Industrial,8.165820629736544,healthy
6711231.709936792,6645676.209077129,1.0,"Industrial,Contract",6.761604221356876,cost_risk
9286968.241200812,8473283.300898008,0.0,"Ads,Contract",0.5062886757134462,healthy
3052017.6652067224,2936319.6411162126,0.0,Industrial,5.980286983918588,cost_risk
5511709.258237708,4736921.633348941,0.0,Contract,8.495951558778767,healthy
65936837.7021887,48990322.421589196,1.0,Industrial,2.6331441409560457,sales_risk
7937628.290452791,6673958.741954696,1.0,Contract,4.380771437488955,healthy
5141417.063891357,3694714.813428129,1.0,Industrial,9.812393560063562,healthy
11975804.95945587,9408877.264686057,1.0,Industrial,7.465624048636683,healthy
7916836.300184441,6406564.375561569,1.0,Contract,13.894097346872801,healthy
3088566.5672648665,2181588.4646247327,0.0,Ads,0.6983434367190787,healthy
14627840.362166084,13961985.065028824,1.0,Industrial,2.5780950277976946,cost_risk
5811773.505560374,5337048.252533525,0.0,"Contract,Industrial",5.069272728758197,cost_risk
9482495.301186068,6342738.474433725,1.0,Industrial,1.1841465888923373,healthy
29416526.719305404,26744829.496940996,1.0,Contract,3.883975235240995,healthy
11715959.612650797,9277313.705090033,0.0,Industrial,0.7715802672276465,healthy
34378048.14673559,29297494.45757774,1.0,Industrial,7.886627769586613,sales_risk
15375940.896328965,13153821.283502584,1.0,"Industrial,Contract",6.081133251911657,healthy
4604695.831674633,3838754.8956883904,1.0,Contract,5.067861073498198,healthy
4185911.0355408397,3919895.2822996676,0.0,Scale,7.926121588539648,cost_risk
9784681.757099219,7641838.628588107,1.0,Scale,6.034710025858919,healthy
3193500.558256059,2344494.654698287,0.0,Industrial,12.769832352920675,healthy
14089791.050533012,10829130.203199925,1.0,"Industrial,Scale",2.345404901481777,healthy
40129043.668705165,34209136.255919255,1.0,Contract,1.633946407736226,sales_risk
7207755.08876,4684533.97221976,0.0,Industrial,5.477692737105903,healthy
7952738.952600995,5567618.707326085,0.0,Industrial,8.188422459726757,healthy
60512638.15278089,42746093.99160606,1.0,"Ads,Contract",2.813541152165552,sales_risk
21702207.986873414,13653823.747025173,1.0,Scale,1.1813897332218997,healthy
15826818.595928628,12829274.28466089,1.0,Ads,2.1965678851654067,healthy
23523999.027606085,19045556.673083138,1.0,Ads,8.951147396690647,healthy
10638532.197316283,9642695.72833588,1.0,Scale,3.2545195704694896,healthy
43051976.023309804,36724119.78954741,0.0,Contract,4.334695909367131,sales_risk
22874480.954994738,16641779.034742862,0.0,"Industrial,Contract",3.3940194581174676,sales_risk
852140.2258209792,657938.1855236229,0.0,Contract,9.525026103109354,sales_risk
19087038.77655665,18489908.54020207,1.0,Ads,8.056807794723591,cost_risk
13416861.963089857,10075713.469301116,1.0,Scale,3.93818767508931,healthy
1967862.6556907895,1829839.0921287923,0.0,Ads,7.6459637242852265,cost_risk
27937130.11358346,24232400.40805602,1.0,Industrial,1.827282120622086,healthy
8488172.941457277,6434829.753085191,0.0,"Ads,Scale",3.286426848287017,healthy
5121814.257480224,4400339.425802079,0.0,Industrial,7.459847665836868,healthy
1126534.2352477838,821164.184997724,0.0,Contract,12.052009647010085,sales_risk
8768789.74332413,8441693.188130645,0.0,"Scale,Ads",1.914292184743954,cost_risk
8987793.606122602,6588058.975546407,1.0,Contract,6.634255830854219,healthy
16647591.179939063,14333790.047467232,1.0,Scale,12.89598905139478,healthy
11419731.31315519,8320262.607990705,1.0,Industrial,14.65767600441642,healthy
8726567.434148908,7637175.858662183,1.0,Industrial,2.24188512491679,healthy
4146005.7468695687,3196264.2793115927,0.0,Scale,8.318231991381667,healthy
6528928.2012370555,5195149.035565269,1.0,Industrial,4.580669546193178,healthy
15615793.976034608,13751955.498813115,1.0,Industrial,12.171150232998215,healthy
1655069.458135015,1310670.2946112033,0.0,Contract,2.455826319689325,sales_risk
5358823.76074845,5355484.0060365265,0.0,Scale,4.412850350618925,cost_risk
8879187.766398875,7201954.81758334,1.0,"Contract,Industrial",7.699672859279606,healthy
8557456.906613769,7018984.865077139,0.0,"Contract,Industrial",6.363123350079073,healthy
17543645.346870195,14429995.506143397,0.0,Ads,2.1995065318689617,healthy
54857382.154928744,35808615.51711553,1.0,"Scale,Ads",6.837589642422275,sales_risk
6479686.569514919,5151116.166943702,0.0,"Industrial,Contract",9.121453364944264,healthy
7046426.383905309,4584685.659237009,0.0,Contract,2.7751914024752513,healthy
6015980.792539918,5638134.088489125,0.0,Scale,7.200271099285099,cost_risk
1057108.5772561468,686494.2625661222,0.0,Contract,6.057040983433838,sales_risk
29742431.073083643,21922361.099007063,1.0,"Ads,Industrial",1.9424414110460002,healthy
12456451.2781757,10809841.552033426,1.0,Industrial,7.6996432836506,healthy
18048829.926824875,19331094.932205185,1.0,Ads,4.3281783640325795,cost_risk
9242987.95190492,8676907.088500477,1.0,Industrial,5.750613253620255,cost_risk
20975948.274412654,16576916.38527974,0.0,Industrial,8.721878050228076,healthy
7069892.699545937,5459465.543105108,1.0,Scale,1.6753375329010503,healthy
18063183.84322071,16417388.48980453,1.0,"Industrial,Scale",6.4342189456155605,cost_risk
4818015.195134759,4334772.67539128,0.0,Ads,7.028280508653667,cost_risk
30149270.26673943,21068398.274224702,1.0,Ads,6.894834801105051,sales_risk
2820394.2575354585,2845944.774414124,0.0,Industrial,2.693466560061792,cost_risk
18014192.37864888,17354609.857766468,1.0,Contract,4.64329137717416,cost_risk
11643025.523570733,11044502.561220398,1.0,"Industrial,Contract",1.2934730950128093,cost_risk
20456637.88414309,17702074.357489526,0.0,Industrial,10.933520940864014,healthy
6883679.871539939,5572273.260330417,1.0,Industrial,9.600557185930715,healthy
4432630.703858477,3974602.3293858767,1.0,Scale,5.863976850910288,healthy
5256097.1659350805,4114728.206806724,1.0,Ads,11.856081305293753,healthy
6777706.002808936,5596493.10532923,0.0,Ads,6.921911847288384,healthy
7783045.717314112,7165281.727306602,1.0,"Scale,Ads",5.94754310098363,healthy
3450663.003787131,3245330.5085454667,0.0,"Industrial,Contract",5.601127838804401,cost_risk
6624003.997202057,5973230.755848562,1.0,"Contract,Ads",7.312617606232736,healthy
1407439.1766268807,1270945.197786033,0.0,Industrial,6.2125442400859985,sales_risk
6058193.509465769,4453227.445832514,0.0,"Industrial,Contract",4.081433551091924,healthy
7448610.232580876,4716825.220255245,1.0,Industrial,8.924944809723522,healthy
62869827.941525295,69881112.12213095,1.0,"Contract,Scale",2.4588549589543116,both_risks
43470216.05991763,38707393.29100748,1.0,Contract,3.0208698368602107,sales_risk
30376347.549263477,22140090.925897337,1.0,Industrial,5.466518720120151,healthy
19150940.05243733,18309687.890489507,1.0,Ads,5.118856052086405,cost_risk
8626027.630376147,6588603.915766291,1.0,Industrial,17.281023819841714,healthy
1641479.2728762778,1467403.1866303205,0.0,Ads,1.768188038333228,healthy
6373870.786262933,5809664.426187056,0.0,Contract,3.0356112697608553,healthy
5903189.333822656,4458549.852679128,0.0,Industrial,8.233320962570668,healthy
4294672.155699715,3239354.0479926616,0.0,"Industrial,Contract",11.829869714189206,healthy
21904446.365010437,16391977.783153627,1.0,"Scale,Ads",4.063128441592432,healthy
6923778.050044847,6449346.151737682,1.0,Scale,3.047520476570532,healthy
4063763.9841538495,3099869.704135519,1.0,Contract,5.0575545951333645,healthy
1727037.1810297677,1450344.4235307274,0.0,Industrial,1.6421936121804368,sales_risk
35337568.94213983,32381821.195155095,1.0,Industrial,1.776025930136472,healthy
23625578.086520538,20380555.29509701,1.0,Ads,12.96525727232553,healthy
8510090.483323274,6971995.3074827,0.0,Industrial,8.185981232027405,healthy
13747477.321827805,12473308.824632147,1.0,"Scale,Ads",8.613472869947122,healthy
8046733.968919034,6759296.3711683825,0.0,Ads,6.466473189814771,healthy
18744501.021265455,13013981.683467602,1.0,Industrial,12.256617402018108,healthy
12456558.120331679,11405168.339613473,0.0,"Contract,Industrial",7.278879479278965,cost_risk
5765329.188958444,4227143.495373232,1.0,"Scale,Ads",3.545559089774179,healthy
4841249.978366138,4742037.022723433,0.0,Ads,6.5974589830264785,cost_risk
2518338.8683986887,2267667.743665366,1.0,Ads,5.358627361011013,healthy
6336926.90991271,5047113.297774641,0.0,Ads,3.4067031452052414,healthy
28127056.463257264,26964126.792091742,1.0,Scale,7.607326176087505,both_risks
1514905.0168647754,1074111.5294103865,0.0,"Scale,Ads",5.047828307607537,sales_risk
14157051.973264148,14667395.08324042,1.0,Industrial,4.7853149611460815,cost_risk
14061556.477166886,9419935.927415736,1.0,Industrial,5.917966249292392,healthy
4837442.110446625,4349214.165747992,1.0,"Scale,Ads",17.447188014604162,healthy
1839782.9094381996,1606053.5883606374,0.0,Scale,5.7393182668807246,healthy
4856073.383063559,3165585.1641347036,1.0,Contract,20.82067282242346,healthy
4881190.020283459,5198711.656512418,0.0,Ads,2.546778773697767,cost_risk
15663339.093304364,13871692.416941602,1.0,"Contract,Industrial",8.172891886098533,healthy
14674918.779996568,10321850.803370552,1.0,"Contract,Industrial",6.280520046379538,healthy
6721754.397099734,5933930.99954607,1.0,"Contract,Scale",2.8005044910128394,healthy
15966584.773899658,14328730.68020682,0.0,Scale,2.7729701986946234,cost_risk
3921371.095231558,3526393.657938947,0.0,Scale,1.4041952994469846,healthy
9248262.335007377,8618342.803651443,1.0,Contract,7.434170497220357,cost_risk
27130384.433466632,18287312.997950874,1.0,"Scale,Ads",4.936430731090155,sales_risk
6452915.994448947,5274701.638624735,1.0,"Scale,Industrial",3.9761564357242043,healthy
8237051.533899895,8794447.1892693,0.0,Contract,1.8082178035714331,cost_risk
2301714.846773333,2186322.878055117,0.0,Contract,6.700033380177677,cost_risk
7363089.769928171,6210701.790313958,0.0,"Ads,Scale",5.739346776081187,healthy
14401977.227280954,11982407.563211123,0.0,Contract,5.67196577654808,healthy
5528241.862796239,4114455.5779556963,1.0,Ads,3.5438890624115302,healthy
38250197.52462426,33056051.14662628,1.0,Industrial,10.050056909664276,sales_risk
17082654.748202622,14666595.298245631,0.0,Industrial,10.940257424478478,healthy
9617731.061047982,8144208.910714433,1.0,"Ads,Scale",4.301767563687141,healthy
22964981.513995312,23528246.323075578,0.0,Industrial,5.711991016233446,cost_risk
30488033.02125176,23132960.835309666,1.0,Industrial,7.3279244898620135,healthy
30982832.632051762,30516194.483717717,1.0,Industrial,2.649523296933516,cost_risk
3316322.4105517147,3257123.3571871268,0.0,Industrial,7.461339439340457,cost_risk
4434232.416466074,4492343.839836263,0.0,Industrial,4.057335584847797,cost_risk
9114148.672549423,6796976.342800763,1.0,"Ads,Contract",6.623586850928474,healthy
4276299.403007094,3513864.451286597,1.0,Scale,5.211152516612202,healthy
63721851.58405017,59338696.083979726,1.0,Industrial,3.7045402877082134,both_risks
1360447.6194840271,1339928.0352778041,0.0,"Contract,Industrial",10.74734536626379,both_risks
10884756.938020138,9555386.85940367,1.0,"Contract,Industrial",4.029146140995332,healthy
2045092.7367452136,1380473.943457705,1.0,Scale,7.326454821526199,healthy
3017291.366314122,3018505.865146091,0.0,Industrial,6.4575886103775755,cost_risk
32433347.431532662,27073494.915779177,1.0,Contract,20.467738570281163,sales_risk
7914553.839776751,6888332.663352502,1.0,"Industrial,Ads",6.515288290944298,healthy
10032613.6557257,9756301.598717237,1.0,Scale,3.8746990010863684,cost_risk
14270022.002027458,11398152.656393396,1.0,Industrial,3.0589198791239394,healthy
5546883.275597185,5549687.351082768,1.0,Industrial,6.572254036148587,cost_risk
16098757.312084144,12736792.209372485,1.0,Scale,2.740615914014508,healthy
16322521.182408657,16006882.987354277,1.0,Ads,6.287677086546496,cost_risk
8976234.721405782,7479766.573402198,1.0,Scale,1.921498814424047,healthy
6201062.41134088,5080224.634249779,1.0,Industrial,8.337684154123778,healthy
11015816.466237385,7739660.158735273,1.0,Ads,5.251469730477256,healthy
23175147.517937012,18317488.027018182,0.0,"Ads,Scale",6.395127806514905,healthy
7612630.127311015,7762204.91719078,1.0,Ads,9.44915803758336,cost_risk
8209647.868573066,5957040.22290872,0.0,Scale,2.594803743657203,healthy
2357196.8305437234,2058527.876173548,0.0,Ads,5.189051797729735,sales_risk
21378068.391719695,18893283.640514985,1.0,Ads,5.52683919585764,healthy
4760800.743799424,3255777.49815287,0.0,"Industrial,Scale",11.007175608456881,healthy
22501123.88428494,16977772.80926229,0.0,Contract,3.743751369520492,healthy
15045195.613558846,13691344.32797344,0.0,Contract,4.572198978636024,healthy
31760577.975233283,23650387.388990685,1.0,Scale,25.0,healthy
13644888.927053528,9667138.766416177,1.0,"Contract,Scale",6.483625175241284,healthy
3679312.7432496035,3608711.3485989324,0.0,Industrial,5.011055915615452,both_risks
93100903.56422117,63215297.37655175,1.0,Industrial,4.499576428813067,sales_risk
30897897.219237708,25248753.211059485,0.0,Scale,6.935362277175528,sales_risk
9074329.058782235,6854347.031335589,1.0,"Scale,Ads",25.0,healthy
4591314.1285713725,4107577.6985952863,0.0,"Contract,Scale",6.095002532022439,healthy
3105293.5293813734,3235728.550544164,0.0,Contract,3.560209470363371,both_risks
42246690.280272804,36837653.150093615,1.0,Scale,4.390587018457393,sales_risk
7102728.338187493,6268501.708158246,0.0,Ads,10.074148222985201,healthy
12505596.686411668,12085219.528805634,1.0,Ads,7.471340720716013,cost_risk
21016038.903153226,17618414.212933697,1.0,Industrial,7.213621419703325,healthy
12260705.362953093,11738405.943561513,1.0,Industrial,6.881299851659897,cost_risk
15314443.871371591,14571683.81509316,1.0,"Scale,Ads",2.4170396890027708,cost_risk
7900213.925097536,7568735.388988835,1.0,Industrial,3.435510705736861,cost_risk
18498351.450348184,13079379.127653599,1.0,Ads,2.679650904402384,healthy
25099002.741855405,23667831.052590057,0.0,Ads,5.890770256751686,both_risks
8151853.3384774085,6303481.173512076,1.0,Ads,4.716998327485159,healthy
12694399.749131098,9373980.750989094,1.0,Ads,10.281558290810974,healthy
6390419.830425673,5023388.294613151,0.0,Industrial,2.8787383810476053,healthy
11773442.885589829,12315714.9742852,1.0,Scale,2.952491369936598,cost_risk
34533572.899717666,33049924.53826601,0.0,"Ads,Scale",4.297132546426807,both_risks
13139684.610721108,12500631.67910862,1.0,Contract,4.172322659505867,cost_risk
6257597.060759973,5558183.641205983,1.0,Contract,7.511131883924012,healthy
8464901.608064737,8542765.816873355,1.0,"Ads,Contract",5.481365173082805,cost_risk
3085387.323864578,2742332.1445209365,0.0,Scale,9.821324067059809,healthy
6880804.849355078,6694098.08057007,1.0,Industrial,10.811105727471102,cost_risk
32448173.2595278,27826029.261547633,1.0,Contract,4.8147896286559755,healthy
42785496.46915107,40041741.410963394,1.0,Industrial,3.5685090052351183,sales_risk
1579902.9785919301,1416079.537026139,0.0,"Ads,Scale",4.011982425734149,sales_risk
18467894.88431269,17316856.00810398,1.0,Industrial,6.883287167701565,cost_risk
11127060.158231717,10691737.505417535,0.0,Ads,0.1978790082439828,cost_risk
1651776.0601898045,1402162.3202096645,0.0,Industrial,11.848402057068245,sales_risk
13675519.132930744,9416864.698242936,1.0,"Industrial,Contract",6.676291855807198,healthy
13119159.093007712,10379682.678930739,1.0,"Industrial,Contract",2.0359761541642896,healthy
17119044.293492857,15090170.11010105,1.0,Industrial,5.222633940070529,healthy
2542745.777158853,2349507.8407567698,0.0,Ads,7.7779109701974365,cost_risk
5519834.369433484,4632103.796426074,0.0,Contract,1.5511391154806806,healthy
13773344.9915597,12623772.186313668,0.0,Industrial,2.219788950779965,cost_risk
1800386.930856062,1479119.3660623566,0.0,Ads,9.430394949455279,sales_risk
39598490.52266586,32385793.481964976,1.0,Industrial,4.055314923148066,sales_risk
12746049.301821657,11212244.006706351,0.0,"Scale,Industrial",8.864062255147818,healthy
5588510.0447529135,5018426.242930721,0.0,Contract,7.547475861944966,cost_risk
34264223.60658257,30533478.880864397,1.0,Industrial,11.350719825327666,sales_risk
29846138.620863,28659544.952312816,1.0,Industrial,3.164440295471607,cost_risk
6115779.675033763,4500372.899198337,0.0,Ads,4.175972918188522,healthy
3516831.9858149206,2827768.2100843373,1.0,"Ads,Contract",5.230626982386887,healthy
19522224.40436876,13758733.13683217,1.0,Industrial,11.478169399148362,healthy
136336154.6830433,141089424.63414964,1.0,"Scale,Ads",7.2557237028281945,both_risks
11460131.683601959,10949540.171936253,1.0,Industrial,1.92774762018702,cost_risk
6248031.547133064,4871541.546977949,0.0,"Scale,Contract",3.5874579099745727,healthy
2938553.1444420423,2649911.024708651,0.0,Industrial,1.521119590895617,cost_risk
19546193.53943411,18357198.113254614,1.0,"Ads,Industrial",8.631495456113434,cost_risk
2519585.8309248383,1781748.2512529767,0.0,Industrial,2.0984672507778823,sales_risk
16758605.946931085,14354882.433650834,1.0,"Contract,Industrial",3.3107864464716994,healthy
14983149.739047633,14623510.57861483,1.0,Ads,2.25740305901112,cost_risk
11441425.043941313,8265155.229291472,1.0,Scale,7.299140771189598,healthy
6904136.980403268,6299618.444809662,1.0,"Industrial,Contract",9.583064088331367,cost_risk
71790478.69152442,59499645.05803718,1.0,Industrial,5.184176933079509,sales_risk
9626229.981976626,7862063.72777821,0.0,Industrial,10.077506091321737,healthy
56198998.662837885,37657382.531577416,1.0,Scale,7.064151026036784,sales_risk
16591147.072261706,15997799.730607998,1.0,Contract,6.887142591038158,cost_risk
35145201.272284865,28220787.92022966,1.0,Contract,3.927662170661965,sales_risk
5654303.656275866,4111252.3466953197,1.0,"Ads,Scale",2.302509196810317,healthy
14994129.93915181,11599304.805114854,0.0,Ads,1.9522349491328401,healthy
9466930.612073217,8546449.905749911,1.0,"Industrial,Ads",5.884581236183819,healthy
7324132.167469642,4815380.745261149,0.0,Contract,4.271286372807325,healthy
2669871.962044758,2606911.354389345,0.0,Industrial,1.02596607436017,cost_risk
10020801.090444105,6439105.774336738,1.0,"Industrial,Contract",2.981308968156334,healthy
82935405.07808062,67401606.18200535,1.0,Ads,6.431681313849605,sales_risk
54795026.54612219,43931990.648710616,1.0,Ads,2.0953150361331847,sales_risk
7835390.94867267,8167187.663190899,0.0,Scale,2.892756161337993,cost_risk
62698620.291626,60609579.00084768,1.0,Ads,5.23497506469762,both_risks
10804841.670266978,9292214.890582412,1.0,"Ads,Contract",19.254004778025635,healthy
4016465.455883107,3676614.061077388,1.0,Ads,16.54236661681257,healthy
8451919.71021422,6597145.286493718,0.0,Industrial,6.737522658966496,healthy
14929820.428857973,14888694.777631745,0.0,Scale,5.910399807374786,both_risks
19196674.52050268,16524965.259690037,1.0,"Ads,Scale",2.936841187850987,healthy
10956754.295573965,9840308.261180542,1.0,Industrial,11.733469756920691,healthy
9227072.69833054,8174621.729224964,0.0,"Industrial,Contract",5.263712492591321,healthy
16729123.021726582,15795129.43538594,0.0,"Industrial,Contract",7.508577442812656,cost_risk
10207757.427833224,8935532.57965036,0.0,Industrial,5.830007366666321,healthy
3256587.065400596,2655514.790886068,1.0,"Contract,Scale",6.856160923841241,healthy
7863158.17342692,8081037.888207186,0.0,Contract,1.1932066137742343,cost_risk
9012054.975121846,7761106.963483442,0.0,Ads,4.59781794031307,healthy
5717052.646897322,5439562.692785154,1.0,"Contract,Industrial",3.8463763829719975,cost_risk
14028027.242309926,11587529.681622973,1.0,Contract,12.986969706609376,healthy
10367990.422525257,8502026.139699727,1.0,Industrial,5.391319498262362,healthy
4714425.134322481,4254522.454871446,1.0,"Industrial,Contract",5.519366483728337,healthy
32402597.4775554,26439857.118858494,1.0,"Contract,Scale",3.7139849563491447,sales_risk
6098718.662639936,5042721.533033588,0.0,"Ads,Scale",1.4431876185194525,healthy
11445352.188904481,7024645.454664309,1.0,Industrial,6.342890899651248,healthy
7969158.374228835,6123958.435568908,1.0,Ads,0.8584393707262157,healthy
4266238.839090077,3378659.0195895154,1.0,"Industrial,Scale",11.436581344178645,healthy
15565008.02091334,16582420.910702012,0.0,Scale,6.007260349019024,cost_risk
11385215.038529638,9702572.878575778,1.0,Ads,2.173443630460409,healthy
18539139.419652294,14960330.064705525,0.0,Ads,4.237620782083283,healthy
60425773.63286277,50618460.38434611,1.0,Industrial,7.503219683452757,sales_risk
9591774.530373244,7507480.268689198,1.0,"Industrial,Contract",3.3435586029307567,healthy
7288789.01823465,6723734.901788371,0.0,Contract,15.6018083204673,cost_risk
508074.7536689984,458741.4691494306,0.0,Scale,6.312256095692322,both_risks
15217394.640664347,14383456.19286775,1.0,Industrial,4.188264637595495,cost_risk
4612743.27581508,3442399.560984355,0.0,Ads,10.171699253595133,healthy
4234787.406903282,3950438.5822533444,0.0,"Industrial,Scale",6.913768001991041,cost_risk
5047432.332321485,3863686.837751343,0.0,Contract,2.92427700046454,healthy
14054351.978803886,13814106.046997584,1.0,"Contract,Scale",3.744988695241322,cost_risk
6793397.786664496,6120487.7555089155,1.0,Ads,4.7029574540669685,healthy
6910496.28065925,4859577.723164648,1.0,Industrial,2.904561393331217,healthy
6541771.151758359,6142687.14379691,0.0,Ads,9.876655688592047,cost_risk
8647736.160421686,5939248.723167772,0.0,"Scale,Industrial",9.031371612998644,healthy
6469146.124549066,5465178.274956426,0.0,Ads,5.797111031404162,healthy
4334141.672732565,4331423.720020533,0.0,Ads,6.020967513715614,cost_risk
3047483.6600900684,2590844.3386680176,0.0,"Contract,Scale",8.92682573286929,healthy
22817845.99932366,18516048.641538512,1.0,Industrial,3.1590825770384163,healthy
14458311.372563157,10842551.309587374,1.0,Industrial,2.674422263383619,healthy
8565540.441842496,6416011.890298419,1.0,"Industrial,Contract",13.730338462569975,healthy
4590936.215397082,4394928.769268362,0.0,"Ads,Contract",1.5380189116727763,cost_risk
49573876.541509196,45477040.93530208,1.0,"Ads,Contract",10.157926249863213,sales_risk
5934377.633963262,4242290.394679801,1.0,Industrial,2.7014770270450588,healthy
17380917.975754257,16427294.181146972,0.0,Industrial,8.47870092144251,both_risks
2673898.6286760983,2486180.6112497333,0.0,Industrial,12.484053667017122,cost_risk
26160809.639860902,23008777.138314895,1.0,Industrial,4.346664515945224,healthy
17841767.94598452,12519394.672492037,0.0,Industrial,2.984730391511328,healthy
3694360.8486224096,3710141.748747083,1.0,Contract,5.647366197193363,cost_risk
9656827.341270875,8710934.385579254,0.0,"Contract,Industrial",6.038667030616921,cost_risk
3183709.3932937304,2966921.5157874194,0.0,Scale,3.290581063795092,cost_risk
6464917.819857993,4167609.695493785,0.0,"Ads,Scale",3.302022294664619,healthy
2464890.966957806,1751753.6533162198,1.0,Industrial,6.518505194155369,healthy
10750308.975081729,9489526.113209348,1.0,Industrial,4.671532520539403,healthy
24502823.533252176,18244282.1315859,0.0,Industrial,4.22003949116799,sales_risk
4630250.493047636,4625393.566692922,1.0,Ads,6.274165574202469,cost_risk
6021088.108070548,4349900.629910364,0.0,Industrial,12.223404148907589,healthy
12149064.004372152,10942976.178383457,1.0,Ads,7.548506063376857,healthy
1496435.7128931608,1460596.498083242,0.0,Ads,7.506851545405031,both_risks
10056677.668545919,10665436.137900302,0.0,Industrial,3.0734523966257346,cost_risk
5530561.58402921,5250993.653646918,0.0,"Contract,Scale",1.2634773023917818,cost_risk
9141811.812272478,8528685.231558703,0.0,"Scale,Ads",0.5584472474393483,cost_risk
577753.3830189916,462741.06320985465,0.0,Industrial,13.441634992178516,sales_risk
3028635.244893307,2415740.6690091407,0.0,"Industrial,Contract",0.6718030868451843,healthy
6354845.360215368,4014054.107328379,1.0,Industrial,8.82590942782084,healthy
18948410.197300114,13793558.921607856,1.0,"Contract,Scale",2.5071171549737823,healthy
2353146.409754486,1998721.1025592997,0.0,Industrial,4.701466322042663,sales_risk
2316519.707836733,1906905.1108423457,0.0,"Ads,Scale",9.532807509522359,sales_risk
6423178.197384508,6335099.317307689,0.0,Scale,0.9412236735030537,cost_risk
5256878.694047566,4825196.441910582,0.0,"Industrial,Contract",14.53938127105437,healthy
11195288.900750043,8184688.143196356,1.0,Industrial,10.10716781556582,healthy
4073533.3480506088,3902304.4386593653,1.0,"Industrial,Contract",17.918235427881303,cost_risk
9349818.223421065,8087178.842796576,1.0,"Scale,Ads",5.326472524625747,healthy
3143416.892131212,2083107.7386712024,0.0,Industrial,4.663988037722511,healthy
9244354.785536608,5882818.65635928,0.0,Industrial,3.451079685928601,healthy
21545322.156082846,17241479.664781097,1.0,"Ads,Scale",0.5825187086163364,healthy
4855958.610877126,4976506.194356002,0.0,Ads,2.4682012228712216,cost_risk
5331147.494715023,4970835.795801229,0.0,Ads,13.126434169593788,cost_risk
35536706.33104573,33022116.973558668,1.0,Industrial,8.550537874438671,both_risks
3725823.902414317,2820494.208673107,0.0,"Contract,Industrial",3.0518632800376277,healthy
2993285.426378881,2635822.522746298,0.0,"Industrial,Contract",16.23922540921211,healthy
1735938.241340214,1271637.4776552361,0.0,"Industrial,Contract",4.281018663788275,sales_risk
3724720.094143872,3213331.5064658704,1.0,Industrial,13.755847795241909,healthy
7719234.015124307,6830640.347441363,0.0,Contract,6.1025819509657095,healthy
5459131.041208863,3687822.355682222,0.0,"Contract,Ads",11.761403045648589,healthy
76287808.54951814,48869986.59567632,1.0,"Scale,Ads",2.7860240581432567,sales_risk
3819180.0249062604,2405249.5272380104,0.0,Contract,8.057765802896746,healthy
3367161.0376010723,2830487.894888841,0.0,"Scale,Industrial",4.02333342380577,healthy
7662376.767868044,7555862.150554263,0.0,Industrial,1.581319049546721,cost_risk
27739945.49012817,23022793.847724605,1.0,Ads,6.277118469373842,sales_risk
5519237.195933593,4635771.56871467,0.0,Industrial,2.131514184777533,healthy
10166251.894887375,8493045.184972983,1.0,"Ads,Scale",1.5523857101723764,healthy
10461898.96499768,7908953.29684851,1.0,Industrial,3.1666264129388697,healthy
5627667.990217129,5504364.567899874,1.0,Scale,8.235042915912167,cost_risk
8245181.5064259935,7682074.354449971,0.0,"Ads,Industrial",5.63899181852838,cost_risk
2667311.3373481953,2753687.391846409,0.0,Ads,5.482279448910052,cost_risk
688911.0425684564,727281.2645811002,0.0,Scale,3.0345138163798304,both_risks
5553512.162266693,4292377.556958378,1.0,Ads,4.523280150594848,healthy
20828861.626800377,14959612.076194428,0.0,Industrial,3.935334899075505,sales_risk
8194955.487246326,6712047.150039131,1.0,Ads,7.010812318854029,healthy
3045075.7282348657,2520114.385311493,0.0,"Ads,Scale",4.397464889518581,healthy
6535096.35397578,4861978.038386643,0.0,"Ads,Scale",2.957320963044009,healthy
31276881.494933452,22438985.32209931,0.0,Contract,3.110150875431488,healthy
3232488.631839459,2882119.1312402994,0.0,Industrial,5.444350575321672,cost_risk
9222030.465106046,7492067.188154225,1.0,"Industrial,Contract",9.189238786652705,healthy
9519505.484196657,8583964.411736174,1.0,Industrial,23.287119539644902,healthy
21272738.545915782,16427086.051172338,1.0,Contract,1.3471193922667344,healthy
4572262.546421897,3395555.5377091398,1.0,Industrial,3.1187454626696804,healthy
28059594.98283396,23331155.2786898,0.0,Ads,6.171117295147523,sales_risk
5508541.78830301,4195206.451671038,1.0,Industrial,3.701068375997147,healthy
17774002.128082745,13755344.404503854,0.0,Industrial,5.271237397876965,healthy
25085853.735432845,16846516.461873658,1.0,Ads,8.38935175796449,healthy
48746182.57569787,46275472.50956032,1.0,Contract,2.7410810724934644,both_risks
51373342.36455643,43531870.66388312,1.0,Scale,2.999782495127001,sales_risk
3324925.489795526,2980757.208710199,1.0,Scale,2.0737788414952263,healthy
37366779.6799772,32252015.813719876,1.0,Contract,0.9316856150178978,sales_risk
1931646.9478886765,1499901.2979144654,0.0,Industrial,6.104361454012185,sales_risk
5219478.098342659,4990413.621233869,0.0,Ads,4.246881286943001,cost_risk
11580365.067747904,10721640.525224991,1.0,"Contract,Industrial",0.5970678254306239,healthy
2365944.4733718624,2160945.903111027,0.0,Industrial,2.2653196180269166,cost_risk
9450584.427792877,8114786.832712953,0.0,Industrial,6.221921695131067,healthy
14524949.397576844,12354786.700003145,1.0,"Ads,Scale",13.851493664224048,healthy
21181941.392743208,19292936.079669632,1.0,Industrial,6.5677675448583885,healthy
7465244.75713553,6017418.474949988,0.0,Ads,9.79066056368096,healthy
30848417.098423056,25613471.07087391,1.0,"Industrial,Contract",14.668497854600606,sales_risk
9329298.420607973,6437564.90251795,1.0,Contract,1.7208828344669493,healthy
20538212.27418424,18659023.017272826,1.0,"Industrial,Contract",5.2944002251909685,healthy
24419296.539223786,22607908.516294066,1.0,Contract,6.490352593998901,cost_risk
56526507.740549654,51597696.66859283,1.0,Scale,0.10388842860966152,sales_risk
8028750.709903349,5354150.29401818,1.0,"Scale,Ads",3.69842150291443,healthy
15625971.728236513,13201221.384223716,1.0,Contract,0.9092500238452943,healthy
8079626.42042488,6539154.507633737,0.0,Scale,4.469304935173893,healthy
7429705.581169343,5661945.145514315,0.0,Ads,6.368241415073344,healthy
3841608.042079507,2984012.2976294723,0.0,Ads,1.9532507189873995,healthy
24118951.785709564,19088211.02982419,0.0,Scale,13.668018326748191,healthy
3447420.499397797,2607069.2570458087,0.0,"Ads,Scale",3.5665748364145164,healthy
2632108.817524223,2577794.848365508,0.0,Ads,5.0786520696896735,both_risks
7546412.506127393,6365279.731612081,0.0,Industrial,10.990517753683012,healthy
5130839.166177425,4707244.063007892,1.0,Industrial,7.189571313040437,healthy
87357107.8266253,81895335.47689769,1.0,Scale,0.635712146972482,both_risks
11533317.314837812,9292896.436947199,0.0,Scale,3.652372357518783,healthy
80630509.62750039,64632478.79691237,1.0,"Ads,Scale",1.8163467496377064,sales_risk
2170874.8275051434,1625796.284373985,0.0,Ads,2.347037312908377,healthy
4342241.015260903,3943734.948451577,1.0,"Ads,Scale",4.042601788636191,cost_risk
34469003.60003098,24865689.096979722,1.0,Contract,5.506061977452185,sales_risk
4720980.114223959,4596794.257301358,1.0,Industrial,13.995629662933727,cost_risk
4518321.722153481,4150047.993419504,0.0,Scale,0.778274597479536,cost_risk
15111649.660670929,13328607.936223948,1.0,Contract,4.945906528528554,healthy
4408245.316519275,3243757.5496549513,1.0,Contract,3.952001208945251,healthy
4397220.951066276,3647542.452373556,0.0,"Ads,Scale",4.195018057447145,healthy
19258378.72815041,16645619.889654256,1.0,"Industrial,Contract",2.686566958570088,healthy
6689105.274520966,6424300.8386027105,0.0,"Industrial,Contract",4.107694415041864,cost_risk
10206402.360759297,7952017.422785965,0.0,"Contract,Industrial",4.552824607935877,healthy
27970306.625581283,24849448.214146487,1.0,"Scale,Contract",13.917433693813345,sales_risk
30885506.09493774,21701188.03862875,1.0,Contract,3.5119859468069254,sales_risk
20967426.760464925,19960207.461636424,1.0,"Ads,Scale",6.501683425116681,cost_risk
65324510.37168025,56329334.68683064,0.0,Industrial,6.928505665105017,sales_risk
6178607.375609445,6098956.840485071,0.0,Scale,2.5332668704118344,cost_risk
3534454.049379156,2752770.79649286,1.0,Industrial,7.345977670520557,healthy
54804803.13777292,50256989.221248776,1.0,Scale,2.7206601442263914,sales_risk
12993591.243215187,10470519.145293616,0.0,"Industrial,Contract",3.784026537688219,healthy
6824656.182681466,5484872.626249084,1.0,Ads,5.075986445499585,healthy
1055210.2108164176,741620.4505685173,0.0,"Contract,Scale",11.106198926407862,sales_risk
25705417.609310582,19588016.549077876,1.0,Ads,16.82170289766705,healthy
20790889.25753807,17347674.34394424,1.0,Scale,11.960780105607723,healthy
4316169.9999799775,4524906.136833122,0.0,Industrial,7.346041923164533,cost_risk
13231123.552930832,11228575.028593544,0.0,"Industrial,Scale",6.873949672955937,healthy
22488827.02912226,18406359.353892453,1.0,"Industrial,Contract",5.631773916071177,healthy
2340988.520487821,2216094.8797860476,0.0,Scale,3.269133788472415,cost_risk
18884190.598231696,17448652.29382135,1.0,Scale,2.838082859739841,healthy
11115119.471616462,9237140.120224284,1.0,"Scale,Contract",3.661970314447463,healthy
3593386.354506392,2954925.1123084202,1.0,Ads,4.496776334017465,healthy
5960540.958723547,5979595.227690502,0.0,Ads,10.53254141758607,cost_risk
5891722.05986497,4627274.351929332,0.0,Industrial,5.110574487222474,healthy
4441933.11731184,3569945.6099473927,0.0,"Ads,Scale",3.436984341302084,healthy
6259541.106144214,4466774.518163249,0.0,Ads,2.9670945686796557,healthy
1342661.749391404,1221837.1281174617,0.0,Industrial,6.764853797090558,both_risks
